Customer ID,Customer Name,Segment,Orders,Sales,Profit,Quantity,First_Order,Last_Order,Average_Order_Value,Profit_Margin,Customer_Type
AA-10315,Alex Avila,Consumer,5,5563.56,-362.8825,30,2014-03-31,2017-06-29,1112.712,-0.06522487400153858,Repeat Customer
AA-10375,Allen Armold,Consumer,9,1056.39,277.3824,41,2014-04-21,2017-11-12,117.37666666666668,0.26257575327293897,Repeat Customer
AA-10480,Andrew Allen,Consumer,4,1790.5120000000002,435.8274,36,2014-04-05,2017-04-15,447.62800000000004,0.24340937117427863,Repeat Customer
AA-10645,Anna Andreadi,Consumer,6,5086.9349999999995,857.8033,64,2014-01-12,2017-05-11,847.8224999999999,0.16862871257446777,Repeat Customer
AB-10015,Aaron Bergman,Consumer,3,886.156,129.3465,13,2014-02-18,2016-10-11,295.38533333333334,0.14596357751908243,Repeat Customer
AB-10060,Adam Bellavance,Home Office,8,7755.62,2054.5885,56,2015-09-18,2017-09-16,969.4525,0.26491608665715954,Repeat Customer
AB-10105,Adrian Barton,Consumer,10,14473.570999999998,5444.8055,73,2014-12-20,2017-11-19,1447.3570999999997,0.3761895043040865,Repeat Customer
AB-10150,Aimee Bixby,Consumer,5,966.71,313.6597,37,2014-05-03,2017-11-19,193.342,0.3244610069203794,Repeat Customer
AB-10165,Alan Barnes,Consumer,8,1113.838,220.813,48,2014-11-16,2017-09-15,139.22975,0.19824516671185577,Repeat Customer
AB-10255,Alejandro Ballentine,Home Office,9,914.5319999999999,264.5675,39,2014-07-22,2017-07-17,101.61466666666666,0.2892927748837657,Repeat Customer
AB-10600,Ann Blume,Corporate,4,1515.862,-274.9604,38,2014-11-18,2017-10-11,378.9655,-0.18138880716054626,Repeat Customer
AC-10420,Alyssa Crouse,Corporate,3,925.8,-62.1342,17,2014-12-07,2017-12-05,308.59999999999997,-0.06711406351263773,Repeat Customer
AC-10450,Amy Cox,Consumer,7,5527.846,1366.0098,43,2014-10-31,2017-12-19,789.6922857142856,0.2471143009410899,Repeat Customer
AC-10615,Ann Chong,Corporate,5,2537.6859999999997,298.8273,59,2015-09-15,2017-12-24,507.5371999999999,0.11775582164223627,Repeat Customer
AC-10660,Anna Chung,Consumer,5,657.316,-28.700399999999995,16,2014-10-15,2017-03-23,131.4632,-0.04366301748321963,Repeat Customer
AD-10180,Alan Dominguez,Home Office,8,6106.88,1869.9294,40,2014-11-19,2017-11-13,763.36,0.3062004493292811,Repeat Customer
AF-10870,Art Ferguson,Consumer,7,2052.908,317.9712,51,2015-06-12,2017-11-19,293.27257142857144,0.1548881878778786,Repeat Customer
AF-10885,Art Foster,Consumer,4,861.565,-163.1175,37,2014-10-05,2016-10-11,215.39125,-0.18932698055283118,Repeat Customer
AG-10270,Alejandro Grove,Consumer,5,2582.898,732.7399,58,2014-05-13,2017-03-27,516.5796,0.2836890577947716,Repeat Customer
AG-10300,Aleksandra Gannaway,Corporate,4,367.548,59.288399999999996,16,2014-04-26,2017-03-09,91.887,0.1613079108034869,Repeat Customer
AG-10330,Alex Grayson,Consumer,5,660.972,-5.137100000000006,47,2016-03-08,2017-12-22,132.1944,-0.00777203875504561,Repeat Customer
AG-10390,Allen Goldenen,Consumer,5,200.945,69.2784,33,2014-03-09,2017-07-09,40.189,0.3447629948493369,Repeat Customer
AG-10495,Andrew Gjertsen,Corporate,8,2356.855,295.6668,93,2015-04-01,2017-10-13,294.606875,0.12544972007187546,Repeat Customer
AG-10525,Andy Gerbode,Corporate,4,1455.038,-152.7613,33,2014-02-09,2015-07-09,363.7595,-0.10498784224192083,Repeat Customer
AG-10675,Anna Gayman,Consumer,7,3489.0396000000005,-246.42570000000003,54,2015-07-05,2017-09-24,498.43422857142866,-0.07062851909161479,Repeat Customer
AG-10765,Anthony Garverick,Home Office,4,170.584,-8.431000000000001,20,2014-09-17,2017-10-14,42.646,-0.049424330535102944,Repeat Customer
AG-10900,Arthur Gainer,Consumer,10,4510.797,343.6824,92,2014-07-23,2017-09-25,451.07969999999995,0.07619105891929963,Repeat Customer
AH-10030,Aaron Hawkins,Corporate,7,1744.7,365.2152,54,2014-04-22,2017-12-18,249.24285714285716,0.20932836590817905,Repeat Customer
AH-10075,Adam Hart,Corporate,10,3250.337,281.189,75,2014-11-16,2017-11-26,325.0337,0.08651072181130758,Repeat Customer
AH-10120,Adrian Hane,Home Office,7,1735.5140000000001,-2.3145999999999773,65,2014-07-18,2017-10-31,247.93057142857145,-0.0013336682965392253,Repeat Customer
AH-10195,Alan Haines,Corporate,4,1587.452,-378.5509,28,2015-05-03,2017-08-24,396.863,-0.23846447010681268,Repeat Customer
AH-10210,Alan Hwang,Consumer,9,4805.344,1308.5546,53,2014-11-29,2017-12-24,533.9271111111111,0.2723123672311493,Repeat Customer
AH-10465,Amy Hunt,Consumer,5,2495.3916,-196.12009999999998,35,2015-01-17,2017-05-14,499.07831999999996,-0.0785929150358605,Repeat Customer
AH-10585,Angele Hood,Consumer,4,738.504,83.96300000000001,17,2014-10-26,2017-09-12,184.626,0.11369335846522159,Repeat Customer
AH-10690,Anna Häberlin,Corporate,12,7888.294,1298.0166,102,2014-02-04,2016-11-15,657.3578333333334,0.1645497239327033,Repeat Customer
AI-10855,Arianne Irving,Consumer,10,4375.786,867.7271000000001,72,2014-04-28,2017-12-17,437.5786,0.19830199648703115,Repeat Customer
AJ-10780,Anthony Jacobs,Corporate,7,4867.344,150.71300000000005,62,2014-10-01,2017-10-16,695.3348571428571,0.030964115131373506,Repeat Customer
AJ-10795,Anthony Johnson,Corporate,7,4501.391,1158.7064,88,2014-05-14,2017-07-17,643.0558571428571,0.25741074259045704,Repeat Customer
AJ-10945,Ashley Jarboe,Consumer,7,1839.24,521.1351999999999,40,2014-03-03,2017-08-31,262.74857142857144,0.2833426850220743,Repeat Customer
AJ-10960,Astrea Jones,Consumer,3,629.2479999999999,60.4265,22,2014-09-14,2017-10-17,209.7493333333333,0.0960297052990236,Repeat Customer
AM-10360,Alice McCarthy,Corporate,5,814.012,194.9878,48,2014-06-10,2017-05-28,162.80239999999998,0.2395392205520312,Repeat Customer
AM-10705,Anne McFarland,Consumer,8,5664.022,1085.7326,81,2014-10-31,2017-07-21,708.00275,0.19168933312759026,Repeat Customer
AO-10810,Anthony O'Donnell,Corporate,1,161.28,12.096,2,2016-08-16,2016-08-16,161.28,0.075,One-Time Customer
AP-10720,Anne Pryor,Home Office,8,1638.554,285.7888,85,2014-03-03,2017-11-19,204.81925,0.17441524661378263,Repeat Customer
AP-10915,Arthur Prichep,Consumer,10,3323.556,579.3113,102,2014-08-23,2017-09-23,332.3556,0.1743046604299732,Repeat Customer
AR-10345,Alex Russell,Corporate,4,1055.694,-221.0544,18,2014-12-30,2017-10-09,263.9235,-0.20939249441599553,Repeat Customer
AR-10405,Allen Rosenblatt,Corporate,5,2236.128,-98.7646,29,2014-03-10,2017-08-27,447.22560000000004,-0.04416768628629488,Repeat Customer
AR-10510,Andrew Roberts,Consumer,5,264.86400000000003,43.6695,33,2014-02-05,2017-12-16,52.97280000000001,0.16487518122508152,Repeat Customer
AR-10540,Andy Reiter,Consumer,6,6608.448,2884.6208,33,2014-11-25,2017-12-24,1101.4080000000001,0.4365050311359036,Repeat Customer
AR-10570,Anemone Ratner,Consumer,1,88.15,32.633,6,2016-07-14,2016-07-14,88.15,0.3701985252410664,One-Time Customer
AR-10825,Anthony Rawles,Corporate,8,4523.336,494.83519999999993,54,2014-06-30,2017-07-21,565.417,0.10939607404800349,Repeat Customer
AS-10045,Aaron Smayling,Corporate,7,3050.692,-253.57459999999998,48,2014-07-27,2017-04-09,435.81314285714285,-0.08312035433272189,Repeat Customer
AS-10090,Adam Shillingsburg,Consumer,9,3255.31,64.53739999999998,81,2014-09-22,2017-09-16,361.7011111111111,0.019825270097164317,Repeat Customer
AS-10135,Adrian Shami,Home Office,2,58.82,21.8496,9,2016-11-13,2017-11-19,29.41,0.37146548792927575,Repeat Customer
AS-10225,Alan Schoenberger,Corporate,5,4260.784,719.7751000000001,41,2014-10-18,2017-09-17,852.1568,0.1689302015779256,Repeat Customer
AS-10240,Alan Shonely,Consumer,7,584.6080000000001,33.715799999999994,39,2014-03-15,2017-06-21,83.51542857142859,0.05767249165252612,Repeat Customer
AS-10285,Alejandro Savely,Corporate,6,3214.236,354.62760000000003,39,2016-04-11,2017-11-12,535.706,0.11033029310853343,Repeat Customer
AS-10630,Ann Steele,Home Office,7,833.398,136.49190000000002,34,2014-01-08,2017-09-29,119.05685714285714,0.16377757086050124,Repeat Customer
AT-10435,Alyssa Tate,Home Office,6,1171.814,100.87680000000002,28,2014-11-24,2017-09-12,195.30233333333334,0.08608601706414158,Repeat Customer
AT-10735,Annie Thurman,Consumer,10,3831.864,974.107,60,2014-03-11,2017-12-17,383.1864,0.25421231024900676,Repeat Customer
AW-10840,Anthony Witt,Consumer,4,649.376,65.77250000000001,24,2015-04-13,2017-10-12,162.344,0.10128569580643573,Repeat Customer
AW-10930,Arthur Wiediger,Home Office,7,2852.968,-104.5486,68,2014-07-14,2017-11-14,407.56685714285715,-0.036645556487139005,Repeat Customer
AY-10555,Andy Yotov,Corporate,4,497.014,103.3499,34,2014-06-04,2017-12-16,124.2535,0.2079416273988258,Repeat Customer
AZ-10750,Annie Zypern,Consumer,6,1622.0179999999998,154.9503,40,2014-03-17,2017-07-23,270.3363333333333,0.09552933444635017,Repeat Customer
BB-10990,Barry Blumstein,Corporate,5,744.3399999999999,11.583900000000007,26,2014-07-27,2017-09-16,148.868,0.015562646102587539,Repeat Customer
BB-11545,Brenda Bowman,Corporate,9,6765.728,1015.0749999999999,83,2015-05-06,2017-12-08,751.7475555555556,0.1500318960502107,Repeat Customer
BC-11125,Becky Castell,Home Office,9,2933.676,251.5974,60,2014-06-07,2017-11-06,325.964,0.08576182236893236,Repeat Customer
BD-11320,Bill Donatelli,Consumer,12,5718.521,1094.5037,75,2015-05-31,2017-12-04,476.54341666666664,0.19139628935523714,Repeat Customer
BD-11500,Bradley Drucker,Consumer,6,4411.2429999999995,1142.1225,49,2014-01-02,2017-11-25,735.2071666666666,0.25891171717359485,Repeat Customer
BD-11560,Brendan Dodson,Home Office,2,320.54,116.714,11,2015-05-30,2017-03-27,160.27,0.36411680289511444,Repeat Customer
BD-11605,Brian Dahlen,Consumer,7,3288.471,634.8463,74,2014-01-13,2017-09-24,469.78157142857145,0.19305212057518525,Repeat Customer
BD-11620,Brian DeCherney,Consumer,6,1538.11,206.75689999999997,27,2014-06-30,2017-10-22,256.35166666666663,0.13442270058708414,Repeat Customer
BD-11635,Brian Derr,Consumer,3,582.646,141.53400000000002,19,2014-05-10,2017-12-21,194.21533333333332,0.24291593866601682,Repeat Customer
BD-11725,Bruce Degenhardt,Consumer,6,1526.5,333.9791,29,2015-03-07,2017-09-28,254.41666666666666,0.21878748771699968,Repeat Customer
BD-11770,Bryan Davis,Consumer,6,658.466,141.265,21,2016-02-05,2017-06-02,109.74433333333333,0.21453651365446352,Repeat Customer
BE-11335,Bill Eplett,Home Office,5,4204.676,1487.7739000000001,35,2016-01-15,2017-07-17,840.9352000000001,0.3538379413776472,Repeat Customer
BE-11410,Bobby Elias,Consumer,5,2261.438,755.9150999999999,19,2016-07-02,2017-09-23,452.2876,0.3342630220240395,Repeat Customer
BE-11455,Brad Eason,Home Office,6,1727.652,139.20080000000002,40,2015-02-08,2017-04-20,287.942,0.08057224487338886,Repeat Customer
BF-10975,Barbara Fisher,Corporate,7,599.798,227.4384,38,2014-01-08,2017-09-30,85.68542857142857,0.3791916611926015,Repeat Customer
BF-11005,Barry Franz,Home Office,4,1333.88,-291.38109999999995,26,2014-09-25,2017-11-21,333.47,-0.2184462620325666,Repeat Customer
BF-11020,Barry Französisch,Corporate,8,2888.506,302.02,78,2014-02-15,2017-10-17,361.06325,0.10455924273655655,Repeat Customer
BF-11080,Bart Folk,Consumer,3,272.95,110.9272,29,2014-11-28,2017-12-09,90.98333333333333,0.406401172375893,Repeat Customer
BF-11170,Ben Ferrer,Home Office,11,5907.972,1538.2127,102,2014-04-13,2017-12-14,537.0883636363636,0.26036221904910856,Repeat Customer
BF-11215,Benjamin Farhat,Home Office,4,1585.162,523.2133,48,2014-09-11,2017-10-26,396.2905,0.3300692926022703,Repeat Customer
BF-11275,Beth Fritzler,Corporate,3,791.9899999999999,25.870199999999997,11,2014-03-22,2017-10-07,263.9966666666666,0.03266480637381785,Repeat Customer
BG-11035,Barry Gonzalez,Consumer,8,2798.948,-711.4274,35,2014-05-11,2017-08-31,349.8685,-0.254176712107549,Repeat Customer
BG-11695,Brooke Gillingham,Corporate,6,1874.172,107.5715,24,2014-11-05,2017-11-24,312.362,0.05739681309933133,Repeat Customer
BG-11740,Bruce Geld,Consumer,6,1006.356,119.34790000000001,22,2014-03-23,2017-04-17,167.726,0.11859411579997536,Repeat Customer
BH-11710,Brosina Hoffman,Consumer,8,6255.351,802.7898,97,2014-09-06,2017-07-12,781.918875,0.12833649142949774,Repeat Customer
BK-11260,Berenike Kampe,Consumer,6,659.1379999999999,-63.764399999999995,58,2014-03-08,2017-10-14,109.85633333333332,-0.09673907436682455,Repeat Customer
BM-11140,Becky Martin,Consumer,4,11789.63,-1659.9580999999998,64,2014-08-09,2017-02-26,2947.4075,-0.14079815057809278,Repeat Customer
BM-11575,Brendan Murry,Corporate,6,808.162,95.58160000000001,22,2015-09-15,2017-09-21,134.69366666666667,0.1182703467869066,Repeat Customer
BM-11650,Brian Moss,Corporate,11,7294.185,2199.2781,95,2014-09-07,2017-11-27,663.1077272727273,0.3015111489494714,Repeat Customer
BM-11785,Bryan Mills,Consumer,10,1338.842,137.7439,44,2014-02-09,2017-05-26,133.88420000000002,0.10288286444554323,Repeat Customer
BN-11470,Brad Norvell,Corporate,4,265.296,36.6131,15,2014-12-09,2017-06-12,66.324,0.13800848863156626,Repeat Customer
BN-11515,Bradley Nguyen,Consumer,5,1459.344,340.7054,79,2014-03-17,2017-12-21,291.8688,0.23346476224933943,Repeat Customer
BO-11350,Bill Overfelt,Corporate,5,2682.728,278.77700000000004,43,2016-03-01,2017-08-15,536.5456,0.1039154919917338,Repeat Customer
BO-11425,Bobby Odegard,Consumer,2,130.83,59.4522,7,2015-10-09,2017-10-16,65.415,0.4544232974088511,Repeat Customer
BP-11050,Barry Pond,Corporate,5,983.42,209.78300000000002,30,2014-12-10,2017-08-10,196.684,0.21331984299688844,Repeat Customer
BP-11095,Bart Pistole,Corporate,12,2442.044,433.9751,70,2014-07-06,2017-12-13,203.50366666666665,0.17770977918497785,Repeat Customer
BP-11155,Becky Pak,Consumer,6,1697.8609999999999,647.3847000000001,32,2015-04-06,2017-10-07,282.97683333333333,0.38129428734154336,Repeat Customer
BP-11185,Ben Peterman,Corporate,9,3675.861,363.5991,69,2015-03-24,2017-12-29,408.429,0.09891535615737375,Repeat Customer
BP-11230,Benjamin Patterson,Consumer,5,1181.49,-197.2695,14,2014-04-20,2017-11-21,236.298,-0.1669667115252774,Repeat Customer
BP-11290,Beth Paige,Consumer,7,2475.157,-319.0637,51,2014-03-10,2017-12-18,353.5938571428572,-0.12890644916665892,Repeat Customer
BS-11365,Bill Shonely,Corporate,5,10501.653,2616.0643999999998,39,2014-04-05,2016-06-20,2100.3306000000002,0.24910977348042254,Repeat Customer
BS-11380,Bill Stewart,Corporate,5,3887.834,-17.532200000000024,58,2014-11-29,2017-12-03,777.5668,-0.0045095032349632275,Repeat Customer
BS-11590,Brendan Sweed,Corporate,6,2454.928,381.7807,41,2014-01-14,2017-11-25,409.1546666666666,0.15551604772115518,Repeat Customer
BS-11665,Brian Stugart,Consumer,3,3288.1099999999997,238.73680000000002,47,2014-06-23,2016-05-27,1096.0366666666666,0.07260608677933525,Repeat Customer
BS-11755,Bruce Stewart,Consumer,7,2562.382,-113.29840000000003,45,2014-03-08,2017-12-29,366.0545714285714,-0.04421604585108701,Repeat Customer
BS-11800,Bryan Spruell,Home Office,2,949.4300000000001,194.0516,22,2015-09-26,2017-09-04,474.71500000000003,0.20438747459001716,Repeat Customer
BT-11305,Beth Thompson,Home Office,5,2567.656,417.5918,33,2014-04-25,2017-01-28,513.5312,0.16263541533601072,Repeat Customer
BT-11395,Bill Tyler,Corporate,6,2186.6130000000003,257.9163,38,2014-10-28,2017-03-03,364.43550000000005,0.11795242230792552,Repeat Customer
BT-11440,Bobby Trafton,Consumer,4,603.876,-77.5256,16,2014-04-06,2016-06-18,150.969,-0.12837999854274718,Repeat Customer
BT-11485,Brad Thomas,Home Office,2,415.19599999999997,126.8694,11,2015-12-27,2016-11-03,207.59799999999998,0.30556508251524583,Repeat Customer
BT-11530,Bradley Talbott,Home Office,5,2684.4919999999997,409.4983,44,2014-05-21,2017-09-30,536.8983999999999,0.15254219420285103,Repeat Customer
BT-11680,Brian Thompson,Consumer,7,3196.752,447.74839999999995,88,2014-11-28,2017-11-20,456.6788571428571,0.14006353949258496,Repeat Customer
BV-11245,Benjamin Venier,Corporate,5,1523.2730000000001,315.2214,49,2015-03-26,2017-01-30,304.6546,0.20693690494087402,Repeat Customer
BW-11065,Barry Weirich,Consumer,3,385.516,-58.28659999999999,8,2014-05-25,2017-01-06,128.50533333333334,-0.15119113084800628,Repeat Customer
BW-11110,Bart Watters,Corporate,8,4750.358,921.2574,74,2015-03-20,2017-08-31,593.79475,0.1939343097930724,Repeat Customer
BW-11200,Ben Wallace,Consumer,6,1738.406,246.9973,49,2014-09-30,2017-10-06,289.7343333333333,0.14208263202036808,Repeat Customer
CA-11965,Carol Adams,Corporate,6,3789.7228,1143.3817,29,2014-01-26,2017-09-25,631.6204666666666,0.30170589257873953,Repeat Customer
CA-12055,Cathy Armstrong,Home Office,5,1679.7240000000002,211.2559,49,2015-05-09,2016-11-24,335.94480000000004,0.1257682214459042,Repeat Customer
CA-12265,Christina Anderson,Consumer,9,2648.2872,279.6183,65,2014-03-25,2017-12-10,294.25413333333336,0.1055845831222535,Repeat Customer
CA-12310,Christine Abelman,Corporate,4,1421.954,246.02179999999998,25,2014-07-19,2017-12-17,355.4885,0.1730167079947734,Repeat Customer
CA-12775,Cynthia Arntzen,Consumer,7,3041.566,204.48950000000002,72,2014-06-28,2017-12-05,434.50942857142854,0.06723164974884649,Repeat Customer
CB-12025,Cassandra Brandow,Consumer,10,6076.139,150.2089,122,2014-03-21,2017-11-13,607.6139000000001,0.024721109902192822,Repeat Customer
CB-12415,Christy Brittain,Consumer,8,1949.2,272.3883,44,2015-05-11,2017-11-16,243.65,0.13974363841576032,Repeat Customer
CB-12535,Claudia Bergmann,Corporate,8,4246.4555,1049.5601,74,2015-02-01,2017-06-16,530.8069375,0.24716145029660616,Repeat Customer
CC-12100,Chad Cunningham,Home Office,6,1770.945,208.5912,46,2014-12-16,2016-09-29,295.15749999999997,0.11778525024774908,Repeat Customer
CC-12145,Charles Crestani,Consumer,7,2471.65,392.2825,31,2014-07-20,2017-09-15,353.09285714285716,0.15871280318815367,Repeat Customer
CC-12220,Chris Cortes,Consumer,12,3913.418,393.9618,81,2014-04-10,2017-11-16,326.1181666666667,0.10066949147778233,Repeat Customer
CC-12370,Christopher Conant,Consumer,5,12129.072000000002,2177.0493,34,2016-05-23,2017-11-17,2425.8144,0.1794901786385636,Repeat Customer
CC-12430,Chuck Clark,Home Office,10,2870.05,424.6583,63,2015-06-09,2017-12-30,287.005,0.14796198672496993,Repeat Customer
CC-12475,Cindy Chapman,Consumer,9,1659.438,154.851,40,2014-05-16,2017-11-21,184.382,0.09331532723729358,Repeat Customer
CC-12550,Clay Cheatham,Consumer,3,113.832,33.870599999999996,14,2017-01-12,2017-06-15,37.943999999999996,0.29754901960784313,Repeat Customer
CC-12610,Corey Catlett,Corporate,7,2540.631,331.434,39,2014-08-27,2017-11-26,362.94728571428567,0.1304534188553946,Repeat Customer
CC-12670,Craig Carreira,Consumer,7,2269.7015,187.8399,47,2014-12-23,2017-06-18,324.24307142857145,0.08275973734872184,Repeat Customer
CC-12685,Craig Carroll,Consumer,4,2854.1150000000002,850.1591,51,2014-03-22,2015-10-23,713.5287500000001,0.29787135416757904,Repeat Customer
CD-11920,Carlos Daly,Consumer,5,2033.968,426.661,35,2014-03-24,2017-11-20,406.7936,0.2097678036232625,Repeat Customer
CD-11980,Carol Darley,Consumer,3,639.766,-206.7172,22,2016-11-24,2017-06-11,213.2553333333333,-0.32311376346976867,Repeat Customer
CD-12280,Christina DeMoss,Consumer,2,1205.584,233.0274,39,2017-05-11,2017-11-18,602.792,0.19329005693506215,Repeat Customer
CD-12790,Cynthia Delaney,Home Office,5,1860.732,403.8422,49,2014-02-02,2016-11-26,372.14639999999997,0.21703404896567588,Repeat Customer
CG-12040,Catherine Glotzbach,Home Office,6,904.4680000000001,86.5106,37,2015-01-06,2017-11-11,150.7446666666667,0.09564804946111967,Repeat Customer
CG-12520,Claire Gute,Consumer,3,1148.7800000000002,169.93439999999998,14,2015-10-15,2017-01-26,382.92666666666673,0.14792597364160234,Repeat Customer
CH-12070,Cathy Hwang,Home Office,3,1537.236,195.15109999999999,13,2015-06-25,2016-08-02,512.412,0.12694934284651152,Repeat Customer
CJ-11875,Carl Jackson,Corporate,1,16.52,1.652,5,2016-12-30,2016-12-30,16.52,0.09999999999999999,One-Time Customer
CJ-12010,Caroline Jumper,Consumer,8,11164.974,858.7414,83,2016-03-12,2017-06-24,1395.62175,0.07691387369106278,Repeat Customer
CK-12205,Chloris Kastensmidt,Consumer,13,3154.855,141.2831,122,2014-06-16,2017-12-05,242.68115384615385,0.04478275546736696,Repeat Customer
CK-12325,Christine Kargatis,Home Office,5,2945.321,261.22090000000003,46,2014-02-06,2017-02-17,589.0642,0.08869012919135132,Repeat Customer
CK-12595,Clytie Kelty,Consumer,11,2372.75,497.70980000000003,108,2014-12-26,2017-11-17,215.70454545454547,0.20976074175534717,Repeat Customer
CK-12760,Cyma Kinney,Corporate,9,1582.109,-338.4311,64,2014-07-02,2017-09-10,175.78988888888887,-0.21391136767441435,Repeat Customer
CL-11890,Carl Ludwig,Consumer,4,1262.0140000000001,328.0847,24,2014-07-26,2017-10-06,315.50350000000003,0.25996914455782577,Repeat Customer
CL-12565,Clay Ludtke,Consumer,12,10880.546,1933.7830999999999,106,2014-02-09,2017-03-21,906.7121666666667,0.17772849818382275,Repeat Customer
CL-12700,Craig Leslie,Home Office,5,2353.586,229.00990000000002,34,2016-04-24,2017-09-16,470.71719999999993,0.0973025417384366,Repeat Customer
CM-11815,Candace McMahon,Corporate,6,1673.888,214.463,38,2014-11-14,2017-10-03,278.98133333333334,0.12812267009501233,Repeat Customer
CM-11935,Carlos Meador,Consumer,2,565.392,-43.732400000000005,18,2015-09-24,2016-01-22,282.696,-0.07734881285904294,Repeat Customer
CM-12115,Chad McGuire,Consumer,4,1661.6100000000001,409.0679,35,2015-03-29,2017-12-22,415.40250000000003,0.24618767340109893,Repeat Customer
CM-12160,Charles McCrossin,Consumer,6,2533.314,-394.3686,23,2016-10-21,2017-10-21,422.219,-0.15567300382029234,Repeat Customer
CM-12190,Charlotte Melton,Consumer,6,1475.144,91.2033,21,2015-09-11,2017-12-22,245.85733333333334,0.061826709799178925,Repeat Customer
CM-12235,Chris McAfee,Consumer,5,2305.712,365.0387,28,2016-01-05,2016-12-08,461.1424,0.15831929573164386,Repeat Customer
CM-12385,Christopher Martinez,Consumer,4,8954.019999999999,3899.8903999999998,34,2015-03-16,2017-11-23,2238.5049999999997,0.4355463132760481,Repeat Customer
CM-12445,Chuck Magee,Consumer,3,287.99,64.4296,32,2014-09-06,2016-10-20,95.99666666666667,0.2237216570019792,Repeat Customer
CM-12655,Corinna Mitchell,Home Office,6,6339.5576,1572.4585,42,2015-03-11,2017-03-12,1056.5929333333333,0.24803915339455232,Repeat Customer
CM-12715,Craig Molinari,Corporate,4,3984.4524,176.3108,57,2014-07-03,2015-01-03,996.1131,0.04424969413613775,Repeat Customer
CP-12085,Cathy Prescott,Corporate,8,5402.254,427.0258,57,2014-04-12,2017-09-10,675.28175,0.07904585752539588,Repeat Customer
CP-12340,Christine Phan,Corporate,8,5888.275,-1850.3029000000001,59,2014-03-17,2017-07-23,736.034375,-0.31423513677605075,Repeat Customer
CR-12580,Clay Rozendal,Home Office,4,2148.852,74.40129999999999,32,2016-04-18,2017-03-11,537.213,0.03462374328245966,Repeat Customer
CR-12625,Corey Roper,Home Office,3,475.9,144.7594,14,2014-01-06,2016-09-16,158.63333333333333,0.3041802899768859,Repeat Customer
CR-12730,Craig Reiter,Consumer,4,1600.55,306.9176,18,2014-08-20,2017-10-13,400.1375,0.19175758333073006,Repeat Customer
CR-12820,Cyra Reiten,Home Office,3,1397.8724,83.27029999999999,26,2015-01-24,2017-06-10,465.9574666666667,0.059569314051840495,Repeat Customer
CS-11845,Cari Sayre,Corporate,5,1278.954,185.3776,22,2014-12-14,2017-11-02,255.7908,0.14494469699457527,Repeat Customer
CS-11860,Cari Schnelling,Consumer,6,537.632,105.8275,16,2014-02-05,2017-12-07,89.60533333333332,0.19684003184334267,Repeat Customer
CS-11950,Carlos Soltero,Consumer,11,3036.547,-126.4223,68,2014-08-06,2017-10-24,276.0497272727273,-0.04163357260730692,Repeat Customer
CS-12130,Chad Sievert,Consumer,4,884.64,143.8339,28,2014-05-08,2016-08-28,221.16,0.1625903192258998,Repeat Customer
CS-12175,Charles Sheldon,Corporate,5,844.4580000000001,113.1405,30,2014-12-08,2017-12-05,168.8916,0.13398002032072642,Repeat Customer
CS-12250,Chris Selesnick,Corporate,12,2754.216,738.3626,97,2014-01-13,2017-11-23,229.518,0.2680844930099891,Repeat Customer
CS-12355,Christine Sundaresam,Consumer,11,3202.1620000000003,831.9432,74,2014-08-15,2017-12-24,291.1056363636364,0.25980671808609307,Repeat Customer
CS-12400,Christopher Schild,Home Office,9,3651.8585000000003,-342.80330000000004,47,2014-09-26,2017-12-28,405.7620555555556,-0.09387091531613287,Repeat Customer
CS-12460,Chuck Sachs,Consumer,2,550.644,156.2593,13,2017-03-07,2017-03-12,275.322,0.2837755428189538,Repeat Customer
CS-12490,Cindy Schnelling,Corporate,4,1077.2285,-302.8761,33,2015-12-01,2016-12-08,269.307125,-0.2811623532054713,Repeat Customer
CS-12505,Cindy Stewart,Consumer,6,5690.054999999999,-6626.389499999999,40,2014-03-26,2017-02-11,948.3424999999999,-1.1645563179969263,Repeat Customer
CT-11995,Carol Triggs,Consumer,8,3241.898,161.22629999999995,60,2014-07-05,2017-09-25,405.23725,0.04973207053398964,Repeat Customer
CV-12295,Christina VanderZanden,Consumer,5,2830.6279999999997,493.0861,54,2014-02-09,2017-04-20,566.1256,0.17419671535786407,Repeat Customer
CV-12805,Cynthia Voltz,Corporate,9,2370.3136,98.99749999999999,62,2016-01-09,2017-12-25,263.36817777777776,0.041765570597915816,Repeat Customer
CW-11905,Carl Weiss,Home Office,6,1136.592,370.8298,40,2014-09-06,2017-08-12,189.43200000000002,0.32626465785435754,Repeat Customer
CY-12745,Craig Yedwab,Corporate,8,2900.026,60.64670000000001,43,2014-12-12,2017-10-31,362.50325,0.02091246768132424,Repeat Customer
Co-12640,Corey-Lock,Consumer,5,1300.076,205.62820000000002,30,2014-06-20,2016-06-29,260.0152,0.1581662918167861,Repeat Customer
DA-13450,Dianna Arnett,Home Office,4,156.76,56.7904,27,2014-04-25,2017-12-01,39.19,0.3622760908394999,Repeat Customer
DB-12910,Daniel Byrd,Home Office,8,2171.599,431.3748,47,2014-10-24,2017-11-09,271.449875,0.1986438564394255,Repeat Customer
DB-12970,Darren Budd,Corporate,5,2839.2272,213.00289999999998,43,2014-12-11,2017-03-05,567.8454399999999,0.07502143541031164,Repeat Customer
DB-13060,Dave Brooks,Consumer,7,4531.646,473.0272,48,2014-01-03,2017-12-14,647.3779999999999,0.10438308729322635,Repeat Customer
DB-13120,David Bremer,Corporate,7,2973.094,-1421.7692,59,2015-01-05,2017-12-11,424.7277142857143,-0.4782119906064187,Repeat Customer
DB-13210,Dean Braden,Consumer,10,2332.577,169.9679,75,2015-03-22,2017-12-21,233.25770000000003,0.0728670050334887,Repeat Customer
DB-13270,Deborah Brumfield,Home Office,8,4655.897,841.8263999999999,52,2014-04-02,2017-07-11,581.987125,0.1808086390227275,Repeat Customer
DB-13360,Dennis Bolton,Home Office,5,1081.466,291.0085,28,2014-11-19,2017-10-04,216.29319999999998,0.269087054054404,Repeat Customer
DB-13405,Denny Blanton,Consumer,4,1711.692,438.9092,62,2015-08-08,2017-06-26,427.923,0.2564183275963199,Repeat Customer
DB-13555,Dorothy Badders,Corporate,7,3908.8028,109.32700000000001,61,2014-04-21,2017-09-14,558.4004,0.027969433505317796,Repeat Customer
DB-13615,Doug Bickford,Consumer,7,1989.05,438.80119999999994,41,2014-09-30,2017-11-27,284.15,0.22060843116060427,Repeat Customer
DB-13660,Duane Benoit,Consumer,7,1155.202,177.67350000000002,33,2014-06-17,2017-12-18,165.02885714285713,0.1538029712552437,Repeat Customer
DC-12850,Dan Campbell,Consumer,9,3336.168,-1441.6312999999998,64,2014-05-07,2017-11-23,370.68533333333335,-0.4321219135247385,Repeat Customer
DC-13285,Debra Catini,Consumer,5,1174.618,132.06820000000002,37,2014-12-29,2017-07-12,234.9236,0.11243502142824308,Repeat Customer
DD-13570,Dorothy Dickinson,Consumer,6,269.542,36.4344,33,2014-03-31,2017-11-19,44.92366666666666,0.1351715131593592,Repeat Customer
DE-13255,Deanra Eno,Home Office,5,2550.874,464.47139999999996,38,2014-05-11,2016-11-01,510.17479999999995,0.18208323892124817,Repeat Customer
DF-13135,David Flashing,Consumer,3,2390.534,-259.3097,23,2014-04-10,2016-01-30,796.8446666666667,-0.10847354607798927,Repeat Customer
DG-13300,Deirdre Greer,Corporate,5,3195.818,562.7761,39,2014-01-11,2017-11-28,639.1636000000001,0.17609766889103196,Repeat Customer
DH-13075,Dave Hallsten,Corporate,6,4932.872,1193.7404,81,2014-11-21,2017-03-28,822.1453333333334,0.24199703539844533,Repeat Customer
DH-13675,Duane Huffman,Home Office,4,1043.096,116.667,41,2014-11-28,2015-11-15,260.774,0.11184684822873446,Repeat Customer
DJ-13420,Denny Joy,Corporate,4,2012.52,483.03499999999997,20,2014-08-12,2016-02-04,503.13,0.24001500606205153,Repeat Customer
DJ-13510,Don Jones,Corporate,8,2501.6879999999996,345.2521,52,2014-08-17,2017-12-11,312.71099999999996,0.13800765722983843,Repeat Customer
DJ-13630,Doug Jacobs,Consumer,3,3356.398,731.5644,43,2015-12-14,2017-12-18,1118.7993333333334,0.2179611595525918,Repeat Customer
DK-12835,Damala Kotsonis,Corporate,12,3256.48,881.1228000000001,86,2014-03-26,2017-10-21,271.37333333333333,0.27057522232594705,Repeat Customer
DK-12895,Dana Kaydos,Consumer,5,4282.176,937.6496,65,2015-08-03,2017-12-08,856.4352000000001,0.21896568473598466,Repeat Customer
DK-12985,Darren Koutras,Consumer,5,1687.04,-107.35379999999998,32,2014-11-24,2017-12-23,337.408,-0.06363441293626707,Repeat Customer
DK-13090,Dave Kipp,Consumer,7,2650.557,536.3935,33,2015-02-03,2017-11-18,378.65099999999995,0.2023701056042183,Repeat Customer
DK-13150,David Kendrick,Corporate,2,797.832,249.9447,20,2014-05-12,2017-12-20,398.916,0.31327986342989506,Repeat Customer
DK-13225,Dean Katz,Corporate,9,4802.394,209.89940000000004,70,2014-03-14,2017-12-20,533.5993333333333,0.04370724267938033,Repeat Customer
DK-13375,Dennis Kane,Consumer,8,3318.486,377.0799,77,2014-07-09,2017-12-11,414.81075,0.11363010119675057,Repeat Customer
DL-12865,Dan Lawera,Consumer,8,1503.112,322.2449,51,2014-06-29,2017-09-21,187.889,0.21438515559718768,Repeat Customer
DL-12925,Daniel Lacy,Consumer,6,3272.2,4.213200000000029,43,2014-01-11,2017-03-11,545.3666666666667,0.0012875741091620406,Repeat Customer
DL-13315,Delfina Latchford,Consumer,8,1458.258,288.8732,74,2014-01-16,2017-11-25,182.28225,0.19809471300688902,Repeat Customer
DL-13330,Denise Leinenbach,Consumer,4,585.02,222.6812,32,2014-06-23,2017-03-11,146.255,0.38063861064578985,Repeat Customer
DL-13495,Dionis Lloyd,Corporate,8,3539.322,-52.78799999999997,33,2015-12-25,2017-10-15,442.41525,-0.014914720955030361,Repeat Customer
DM-12955,Dario Medina,Corporate,7,1322.034,108.7583,28,2014-09-12,2017-07-09,188.86200000000002,0.08226588726159842,Repeat Customer
DM-13015,Darrin Martin,Consumer,7,6345.103,1677.3931,87,2014-09-14,2017-10-23,906.4432857142857,0.2643602633400908,Repeat Customer
DM-13345,Denise Monton,Corporate,8,4074.4719999999998,1319.0586,41,2014-03-11,2017-08-12,509.30899999999997,0.32373730878504015,Repeat Customer
DM-13525,Don Miller,Corporate,3,1376.792,199.7688,33,2014-05-07,2016-05-09,458.93066666666664,0.1450972986478713,Repeat Customer
DN-13690,Duane Noonan,Consumer,7,2139.79,540.5405000000001,41,2014-08-10,2017-05-27,305.6842857142857,0.25261380789703664,Repeat Customer
DO-13435,Denny Ordway,Consumer,9,1300.0315,-38.90860000000001,48,2014-03-10,2017-08-19,144.44794444444446,-0.029928967105797056,Repeat Customer
DO-13645,Doug O'Connell,Consumer,7,1267.316,294.0676,36,2015-07-11,2017-11-27,181.04514285714285,0.23203968071104603,Repeat Customer
DP-13000,Darren Powers,Consumer,9,1050.636,241.4524,58,2014-03-01,2017-08-26,116.73733333333332,0.22981546415694876,Repeat Customer
DP-13105,Dave Poirier,Corporate,8,2215.002,563.1761,63,2015-08-22,2017-12-24,276.87525,0.2542553460448343,Repeat Customer
DP-13165,David Philippe,Consumer,2,1058.616,-40.93759999999999,20,2014-02-12,2015-10-10,529.308,-0.03867086837909118,Repeat Customer
DP-13390,Dennis Pardue,Home Office,9,5480.723999999999,1571.8318,50,2014-05-07,2017-06-01,608.9693333333332,0.28679273030351465,Repeat Customer
DR-12880,Dan Reichenbach,Corporate,9,6528.034000000001,1641.8613,103,2015-09-25,2017-12-27,725.3371111111112,0.25150930586452214,Repeat Customer
DR-12940,Daniel Raglin,Home Office,8,8350.868,2869.0759999999996,57,2014-03-28,2017-11-08,1043.8585,0.3435662017409447,Repeat Customer
DS-13030,Darrin Sayre,Home Office,4,1762.213,193.3319,54,2014-09-07,2017-09-28,440.55325,0.10970972294495614,Repeat Customer
DS-13180,David Smith,Corporate,9,2881.8128,163.6993,68,2014-04-28,2017-07-12,320.2014222222222,0.05680427958401739,Repeat Customer
DV-13045,Darrin Van Huff,Corporate,5,1119.483,-427.184,28,2016-09-23,2017-11-12,223.89659999999998,-0.38159043058268866,Repeat Customer
DV-13465,Dianna Vittorini,Consumer,6,3341.587,353.2127,62,2014-06-22,2017-11-06,556.9311666666666,0.10570208107704512,Repeat Customer
DW-13195,David Wiener,Corporate,6,1080.751,-86.87379999999999,39,2014-01-18,2017-10-22,180.12516666666667,-0.0803828078808162,Repeat Customer
DW-13480,Dianna Wilson,Home Office,5,5271.628,1348.7556,38,2014-01-06,2017-05-27,1054.3256,0.2558518165545824,Repeat Customer
DW-13540,Don Weiss,Consumer,5,344.08,69.6672,21,2016-01-04,2017-09-23,68.816,0.2024738432922576,Repeat Customer
DW-13585,Dorothy Wardle,Corporate,7,1204.854,-266.8966,44,2014-08-24,2017-04-14,172.122,-0.221517793857181,Repeat Customer
Dl-13600,Dorris liebe,Corporate,5,755.602,175.2388,19,2014-01-07,2017-08-06,151.1204,0.2319194496573593,Repeat Customer
Dp-13240,Dean percer,Home Office,11,7198.7609999999995,333.36479999999995,99,2014-05-26,2017-09-15,654.4328181818181,0.04630863561104473,Repeat Customer
EA-14035,Erin Ashbrook,Corporate,13,2846.705,-52.74059999999998,87,2014-01-11,2017-07-31,218.97730769230768,-0.018526893373215694,Repeat Customer
EB-13705,Ed Braxton,Corporate,9,3644.978,13.621500000000005,55,2014-08-07,2017-12-11,404.99755555555555,0.0037370595926779267,Repeat Customer
EB-13750,Edward Becker,Corporate,10,3236.314,-80.28599999999999,91,2015-05-06,2017-11-25,323.6314,-0.02480785239009564,Repeat Customer
EB-13840,Ellis Ballard,Corporate,5,4358.128,656.1988,41,2014-05-30,2017-01-10,871.6256,0.1505689598836932,Repeat Customer
EB-13870,Emily Burns,Consumer,10,2767.219,261.5315,41,2014-05-05,2017-10-03,276.7219,0.0945105898738047,Repeat Customer
EB-13930,Eric Barreto,Consumer,5,944.6000000000001,0.6042000000000058,24,2014-02-02,2017-07-22,188.92000000000002,0.0006396358246877046,Repeat Customer
EB-13975,Erica Bern,Corporate,4,1643.255,162.8781,18,2016-04-01,2017-12-30,410.81375,0.09911918722292035,Repeat Customer
EB-14110,Eugene Barchas,Consumer,6,3071.126,184.7656,30,2015-04-13,2017-08-09,511.8543333333334,0.06016216853362578,Repeat Customer
EB-14170,Evan Bailliet,Consumer,6,1186.326,282.1701,20,2014-09-29,2017-09-10,197.721,0.23785207438764722,Repeat Customer
EC-14050,Erin Creighton,Consumer,5,461.914,96.4256,37,2014-12-17,2017-07-31,92.3828,0.20875227856267617,Repeat Customer
ED-13885,Emily Ducich,Home Office,8,3484.92,670.4435000000001,54,2014-09-08,2017-08-17,435.615,0.19238418672451593,Repeat Customer
EG-13900,Emily Grady,Consumer,5,1832.02,104.2656,44,2015-02-11,2017-11-17,366.404,0.05691291579786247,Repeat Customer
EH-13765,Edward Hooks,Corporate,12,10310.880000000001,1393.5154,120,2014-10-18,2017-08-17,859.2400000000001,0.13514999689648216,Repeat Customer
EH-13945,Eric Hoffmann,Consumer,8,684.1709999999999,53.53980000000001,72,2014-02-07,2017-05-27,85.52137499999999,0.07825499765409527,Repeat Customer
EH-13990,Erica Hackney,Consumer,6,825.9499999999999,150.3759,20,2014-01-15,2016-11-20,137.65833333333333,0.1820641685332042,Repeat Customer
EH-14005,Erica Hernandez,Home Office,7,1219.53,-94.14079999999997,50,2014-05-13,2017-12-28,174.21857142857144,-0.07719432896279713,Repeat Customer
EH-14125,Eugene Hildebrand,Home Office,10,3082.653,96.27019999999999,76,2014-10-19,2017-07-31,308.26529999999997,0.031229658349480136,Repeat Customer
EH-14185,Evan Henry,Consumer,6,923.884,242.1107,22,2014-05-22,2017-09-16,153.98066666666668,0.26205746608881636,Repeat Customer
EJ-13720,Ed Jacobs,Consumer,4,2162.174,387.0176,31,2014-01-27,2017-03-03,540.5435,0.17899466000423647,Repeat Customer
EJ-14155,Eva Jacobs,Consumer,5,2656.691,451.87550000000005,31,2014-03-03,2017-05-14,531.3381999999999,0.17008959641900398,Repeat Customer
EK-13795,Eileen Kiefer,Home Office,4,1303.478,97.10659999999999,18,2014-03-18,2017-11-16,325.8695,0.07449807361535828,Repeat Customer
EL-13735,Ed Ludwig,Home Office,2,124.28,27.1154,9,2016-04-22,2017-10-14,62.14,0.21817991631799163,Repeat Customer
EM-13810,Eleni McCrary,Corporate,5,2567.0099999999998,-133.8275,23,2015-07-06,2017-08-20,513.4019999999999,-0.052133610698828596,Repeat Customer
EM-13825,Elizabeth Moffitt,Corporate,8,2339.598,682.5541999999999,57,2014-02-12,2017-07-20,292.44975,0.2917399484868768,Repeat Customer
EM-13960,Eric Murdock,Consumer,5,933.704,102.29599999999999,18,2015-01-10,2017-01-08,186.74079999999998,0.10955934643098883,Repeat Customer
EM-14065,Erin Mull,Consumer,4,228.99,40.15459999999999,22,2014-07-22,2017-11-13,57.2475,0.17535525568802124,Repeat Customer
EM-14095,Eudokia Martin,Corporate,4,1041.0420000000001,240.2362,34,2015-07-08,2017-08-09,260.26050000000004,0.23076513723749856,Repeat Customer
EM-14140,Eugene Moren,Home Office,6,4588.436000000001,1319.3655,74,2014-07-19,2017-12-11,764.7393333333334,0.2875414411359339,Repeat Customer
EM-14200,Evan Minnotte,Home Office,3,366.822,21.7721,13,2015-12-20,2017-07-25,122.274,0.05935331032489872,Repeat Customer
EN-13780,Edward Nazzal,Consumer,4,2199.366,496.1131,27,2015-05-30,2017-03-18,549.8415,0.22557095999483487,Repeat Customer
EP-13915,Emily Phan,Consumer,17,5478.0608,144.9578,124,2014-06-07,2017-12-18,322.23887058823533,0.026461517185059354,Repeat Customer
ER-13855,Elpida Rittenbach,Corporate,3,1245.788,-295.7398,27,2015-12-21,2016-06-09,415.2626666666667,-0.2373917552585191,Repeat Customer
ES-14020,Erica Smith,Consumer,5,3510.4579999999996,1003.2935,31,2014-09-20,2017-11-20,702.0916,0.285801311395835,Repeat Customer
ES-14080,Erin Smith,Corporate,9,4657.924,246.6661,77,2014-02-10,2017-09-19,517.5471111111111,0.052956231145033714,Repeat Customer
FA-14230,Frank Atkinson,Corporate,7,2984.054,520.5229,58,2014-09-19,2017-09-24,426.2934285714286,0.1744348125067442,Repeat Customer
FC-14245,Frank Carlisle,Home Office,7,3418.742,1217.1662000000001,50,2015-06-13,2017-10-21,488.39171428571433,0.3560275095342088,Repeat Customer
FC-14335,Fred Chung,Corporate,7,3889.366,714.2926,37,2014-10-10,2017-06-29,555.6237142857143,0.18365270843628498,Repeat Customer
FG-14260,Frank Gastineau,Home Office,7,1383.144,394.73969999999997,48,2014-05-21,2017-11-26,197.592,0.2853930610261838,Repeat Customer
FH-14275,Frank Hawley,Corporate,10,4256.272,1073.2676,65,2014-06-04,2017-11-23,425.6272,0.2521614220143825,Repeat Customer
FH-14350,Fred Harton,Consumer,4,2271.284,706.289,52,2015-08-23,2017-02-13,567.821,0.3109646349817988,Repeat Customer
FH-14365,Fred Hopkins,Corporate,8,6987.196,2050.2826,52,2014-10-20,2017-12-25,873.3995,0.2934342474434666,Repeat Customer
FM-14215,Filia McAdams,Corporate,10,2456.638,249.6808,48,2014-06-13,2017-12-23,245.66379999999998,0.10163516155005337,Repeat Customer
FM-14290,Frank Merwin,Home Office,9,3736.198,198.10949999999997,79,2014-08-26,2017-11-24,415.1331111111111,0.05302435791679134,Repeat Customer
FM-14380,Fred McMath,Consumer,9,2523.266,191.4898,53,2015-09-10,2017-07-08,280.3628888888889,0.07588966046385914,Repeat Customer
FO-14305,Frank Olsen,Consumer,10,2678.438,215.59689999999998,60,2014-09-06,2017-11-22,267.8438,0.08049351898382563,Repeat Customer
FP-14320,Frank Preis,Consumer,8,4046.746,406.44730000000004,54,2014-07-12,2017-07-12,505.84325,0.1004380556625002,Repeat Customer
FW-14395,Fred Wasserman,Corporate,3,79.75,23.491300000000003,9,2015-03-22,2017-02-01,26.583333333333332,0.2945617554858935,Repeat Customer
GA-14515,George Ashbrook,Consumer,8,3919.7760000000003,840.899,48,2014-05-18,2017-06-24,489.97200000000004,0.21452730972382095,Repeat Customer
GA-14725,Guy Armstrong,Consumer,11,1398.382,136.70790000000002,79,2014-03-30,2017-12-25,127.12563636363637,0.09776148434404906,Repeat Customer
GB-14530,George Bell,Corporate,11,1568.44,7.837100000000003,62,2014-04-28,2017-10-29,142.58545454545455,0.004996748361429193,Repeat Customer
GB-14575,Giulietta Baptist,Consumer,5,4716.288,1135.8393,63,2015-09-21,2017-12-17,943.2575999999999,0.24083332061146398,Repeat Customer
GD-14590,Giulietta Dortch,Corporate,4,1888.07,230.93729999999996,25,2014-05-05,2017-12-25,472.0175,0.12231395022430311,Repeat Customer
GG-14650,Greg Guthrie,Corporate,9,2224.0,12.698500000000008,92,2014-10-31,2017-11-17,247.11111111111111,0.005709757194244608,Repeat Customer
GH-14410,Gary Hansen,Home Office,9,2819.4669999999996,-576.8335,65,2014-03-08,2017-10-16,313.2741111111111,-0.2045895554017834,Repeat Customer
GH-14425,Gary Hwang,Consumer,4,4172.8460000000005,1176.4181,51,2014-06-17,2017-10-11,1043.2115000000001,0.2819222420381677,Repeat Customer
GH-14485,Gene Hale,Corporate,2,1361.2440000000001,-95.4498,15,2015-08-10,2016-08-12,680.6220000000001,-0.07011953771697065,Repeat Customer
GH-14665,Greg Hansen,Consumer,2,146.94080000000002,-5.810200000000001,9,2015-11-17,2017-12-28,73.47040000000001,-0.03954109410048128,Repeat Customer
GK-14620,Grace Kelly,Corporate,9,6497.27,1448.5525,66,2014-06-25,2017-09-09,721.9188888888889,0.2229478688741579,Repeat Customer
GM-14440,Gary McGarr,Consumer,7,3582.8199999999997,347.266,43,2014-03-21,2017-08-10,511.83142857142855,0.09692532697707394,Repeat Customer
GM-14455,Gary Mitchum,Home Office,6,3078.624,793.2814000000001,54,2014-11-04,2017-12-14,513.1039999999999,0.25767401280572105,Repeat Customer
GM-14500,Gene McClure,Consumer,10,1255.682,441.3185,53,2014-09-08,2017-09-15,125.5682,0.3514572160785931,Repeat Customer
GM-14680,Greg Matthias,Consumer,6,3163.628,35.48649999999999,31,2014-10-05,2017-07-31,527.2713333333334,0.01121702678064551,Repeat Customer
GM-14695,Greg Maxwell,Corporate,3,6049.966,188.7235,44,2014-05-04,2017-04-09,2016.6553333333334,0.031194142248072137,Repeat Customer
GP-14740,Guy Phonely,Corporate,2,236.53,31.837600000000002,21,2014-06-04,2015-11-26,118.265,0.13460279879930664,Repeat Customer
GR-14560,Georgia Rosenberg,Corporate,2,1284.38,359.83320000000003,23,2014-11-19,2014-11-21,642.19,0.2801610115386412,Repeat Customer
GT-14635,Grant Thornton,Corporate,3,9351.212,-4108.6589,26,2014-06-06,2017-04-11,3117.0706666666665,-0.4393718054943039,Repeat Customer
GT-14710,Greg Tran,Consumer,11,11820.119999999999,2163.4269,106,2014-05-23,2017-11-24,1074.5563636363636,0.18302918244484828,Repeat Customer
GT-14755,Guy Thornton,Consumer,4,226.436,-6.139200000000002,23,2015-02-18,2017-11-26,56.609,-0.027112296631277722,Repeat Customer
GW-14605,Giulietta Weimer,Consumer,7,2189.019,-268.54229999999995,43,2014-01-03,2017-07-29,312.717,-0.12267700737179531,Repeat Customer
GZ-14470,Gary Zandusky,Consumer,9,4355.150000000001,1087.7539,48,2014-05-08,2017-12-23,483.9055555555556,0.24976267177938757,Repeat Customer
GZ-14545,George Zrebassa,Corporate,4,2454.6220000000003,828.661,25,2014-09-28,2017-10-06,613.6555000000001,0.3375921017574192,Repeat Customer
HA-14905,Helen Abelman,Consumer,7,2163.3,270.8574,45,2014-06-30,2017-10-22,309.04285714285714,0.12520565802246567,Repeat Customer
HA-14920,Helen Andreada,Consumer,8,2584.158,99.1445,72,2014-11-10,2017-11-09,323.01975,0.03836626862598959,Repeat Customer
HD-14785,Harold Dahlen,Home Office,3,251.36,-135.87599999999998,31,2014-11-05,2015-11-22,83.78666666666668,-0.540563335455124,Repeat Customer
HE-14800,Harold Engle,Corporate,4,883.5319999999999,274.4028,44,2016-01-30,2017-12-18,220.88299999999998,0.3105748292082234,Repeat Customer
HF-14995,Herbert Flentye,Consumer,7,2533.1639999999998,-13.876799999999989,70,2014-05-26,2017-09-12,361.8805714285714,-0.0054780503749461106,Repeat Customer
HG-14845,Harry Greene,Consumer,5,785.628,147.0032,31,2014-04-29,2017-09-10,157.12560000000002,0.18711553050553187,Repeat Customer
HG-14965,Henry Goldwyn,Corporate,12,3247.642,-2797.9635000000003,68,2014-09-20,2017-07-12,270.6368333333333,-0.8615369243284822,Repeat Customer
HG-15025,Hunter Glantz,Consumer,7,3690.284,804.6113,38,2014-10-14,2017-12-24,527.1834285714286,0.2180350618001216,Repeat Customer
HH-15010,Hilary Holden,Corporate,2,218.668,86.7342,20,2014-08-29,2017-10-19,109.334,0.3966478862933763,Repeat Customer
HJ-14875,Heather Jas,Home Office,5,358.1,98.6548,21,2015-04-13,2017-08-26,71.62,0.2754951130969003,Repeat Customer
HK-14890,Heather Kirkland,Corporate,8,4877.784,956.9451,64,2014-10-06,2017-03-26,609.723,0.19618439438892746,Repeat Customer
HL-15040,Hunter Lopez,Consumer,6,12873.297999999999,5622.4292000000005,50,2014-01-20,2017-11-17,2145.5496666666663,0.4367512660702798,Repeat Customer
HM-14860,Harry Marie,Corporate,10,8236.7648,2437.9836,76,2014-07-21,2017-12-28,823.6764800000001,0.29598800733025665,Repeat Customer
HM-14980,Henry MacAllister,Consumer,4,736.276,117.2755,29,2015-02-10,2017-11-04,184.069,0.15928198121356665,Repeat Customer
HP-14815,Harold Pawlan,Home Office,7,1990.314,373.8637,44,2014-06-05,2017-11-30,284.33057142857143,0.18784156670756472,Repeat Customer
HR-14770,Hallie Redmond,Home Office,5,1299.288,185.5794,38,2014-01-03,2017-12-17,259.8576,0.14283161239078634,Repeat Customer
HR-14830,Harold Ryan,Corporate,7,5248.787,1196.9504,51,2014-11-24,2017-07-24,749.8267142857143,0.2280432412288782,Repeat Customer
HW-14935,Helen Wasserman,Corporate,8,9300.254,2164.1611,85,2015-09-27,2017-08-18,1162.53175,0.23269913918480073,Repeat Customer
HZ-14950,Henia Zydlo,Consumer,5,886.52,-130.3879,21,2016-03-14,2017-11-25,177.304,-0.14707835130623112,Repeat Customer
IG-15085,Ivan Gibson,Consumer,4,744.574,320.4982,19,2014-10-18,2017-10-20,186.1435,0.4304450598597319,Repeat Customer
IL-15100,Ivan Liston,Consumer,7,5040.736,1121.937,60,2014-01-08,2017-10-08,720.1051428571428,0.22257404474267248,Repeat Customer
IM-15055,Ionia McGrath,Consumer,3,2872.63,975.7701,19,2014-01-23,2016-11-16,957.5433333333334,0.33967830872754234,Repeat Customer
IM-15070,Irene Maddox,Consumer,7,4930.474,514.6527,93,2014-12-19,2016-06-23,704.3534285714286,0.10438199248185874,Repeat Customer
JA-15970,Joseph Airdo,Consumer,8,6491.026,-819.4217000000001,87,2014-09-17,2017-09-29,811.37825,-0.12623916465594193,Repeat Customer
JB-15400,Jennifer Braxton,Corporate,10,1791.605,156.05319999999998,43,2014-09-14,2017-12-23,179.1605,0.08710245841019643,Repeat Customer
JB-15925,Joni Blumstein,Consumer,3,900.552,-286.9808,32,2014-05-12,2015-12-24,300.184,-0.3186721033321785,Repeat Customer
JB-16000,Joy Bell-,Consumer,7,644.1188,126.76490000000001,32,2016-10-01,2017-11-17,92.01697142857142,0.19680360206843833,Repeat Customer
JB-16045,Julia Barnett,Home Office,5,2518.115,201.51850000000002,32,2015-03-05,2017-12-23,503.62299999999993,0.08002752058583505,Repeat Customer
JC-15340,Jasper Cacioppo,Consumer,4,71.263,-0.35560000000000036,12,2014-01-28,2017-07-09,17.81575,-0.0049899667429100705,Repeat Customer
JC-15385,Jenna Caffey,Consumer,1,1058.108,502.92440000000005,14,2017-08-07,2017-08-07,1058.108,0.4753053563530378,One-Time Customer
JC-15775,John Castell,Consumer,9,2772.055,279.56919999999997,64,2014-09-14,2017-07-25,308.00611111111107,0.10085268870927885,Repeat Customer
JC-16105,Julie Creighton,Corporate,5,858.576,201.5952,43,2014-11-18,2017-10-23,171.7152,0.23480181137138703,Repeat Customer
JD-15790,John Dryer,Consumer,5,2152.352,-266.55249999999995,26,2015-02-04,2017-04-09,430.4704,-0.12384242911940053,Repeat Customer
JD-15895,Jonathan Doherty,Corporate,11,7610.8640000000005,1050.2667999999999,150,2014-03-26,2016-10-31,691.8967272727273,0.1379957387229623,Repeat Customer
JD-16015,Joy Daniels,Consumer,6,385.43,26.7605,39,2014-04-10,2017-11-07,64.23833333333333,0.06943024673741016,Repeat Customer
JD-16060,Julia Dunbar,Consumer,3,695.442,111.11410000000001,17,2014-09-24,2017-05-03,231.814,0.15977479070864287,Repeat Customer
JD-16150,Justin Deggeller,Corporate,8,8828.0305,1619.5199,60,2014-11-16,2017-11-19,1103.5038125,0.18345200551810506,Repeat Customer
JE-15475,Jeremy Ellison,Consumer,6,1388.682,276.2197,49,2015-03-16,2017-06-20,231.447,0.19890781330787033,Repeat Customer
JE-15610,Jim Epp,Corporate,7,7754.976,1623.4019,74,2014-10-14,2017-12-11,1107.8537142857142,0.20933680516870717,Repeat Customer
JE-15715,Joe Elijah,Consumer,10,8697.842999999999,1262.2926,97,2014-08-25,2017-11-14,869.7842999999999,0.14512708495658064,Repeat Customer
JE-15745,Joel Eaton,Consumer,13,6760.8150000000005,221.79670000000002,90,2014-06-22,2017-09-22,520.0626923076924,0.03280620753562995,Repeat Customer
JE-16165,Justin Ellison,Corporate,3,2697.248,789.6476,34,2016-05-12,2017-10-20,899.0826666666667,0.2927604728968193,Repeat Customer
JF-15190,Jamie Frazer,Consumer,7,2279.5860000000002,575.1259,72,2014-11-15,2017-10-26,325.6551428571429,0.2522940130357003,Repeat Customer
JF-15295,Jason Fortune-,Consumer,5,955.124,97.28899999999999,42,2014-03-14,2017-05-19,191.0248,0.1018600726188432,Repeat Customer
JF-15355,Jay Fein,Consumer,6,1911.844,330.199,58,2015-10-23,2017-09-16,318.6406666666667,0.17271231334774176,Repeat Customer
JF-15415,Jennifer Ferguson,Consumer,6,2371.448,635.6376,69,2014-06-17,2017-12-28,395.24133333333333,0.2680377558352534,Repeat Customer
JF-15490,Jeremy Farry,Consumer,11,1082.918,-18.06730000000001,36,2014-10-19,2017-08-31,98.4470909090909,-0.016683904044442897,Repeat Customer
JF-15565,Jill Fjeld,Consumer,8,4198.332,1073.2088,67,2014-11-10,2017-06-11,524.7915,0.2556274253679795,Repeat Customer
JG-15115,Jack Garza,Consumer,3,2358.676,684.1911,20,2014-08-10,2015-03-12,786.2253333333333,0.2900742196045578,Repeat Customer
JG-15160,James Galang,Consumer,11,6366.392,1415.6664,70,2014-05-30,2017-12-29,578.762909090909,0.22236557221107342,Repeat Customer
JG-15310,Jason Gross,Corporate,6,2240.58,3.7976000000000063,46,2016-03-03,2017-12-28,373.43,0.0016949182800881943,Repeat Customer
JG-15805,John Grady,Corporate,6,1507.018,206.1019,46,2014-05-04,2017-05-21,251.16966666666667,0.13676140563682715,Repeat Customer
JH-15430,Jennifer Halladay,Consumer,4,309.281,-24.077100000000005,29,2014-02-24,2017-12-25,77.32025,-0.07784862309679548,Repeat Customer
JH-15820,John Huston,Consumer,6,528.91,26.082199999999997,29,2014-05-19,2017-09-07,88.15166666666666,0.049313115652946625,Repeat Customer
JH-15910,Jonathan Howell,Consumer,7,959.477,-13.554499999999996,35,2015-09-13,2017-12-05,137.06814285714285,-0.014126967087277752,Repeat Customer
JH-15985,Joseph Holt,Consumer,6,7954.9980000000005,-644.6982,64,2014-09-08,2017-01-12,1325.833,-0.08104316305296369,Repeat Customer
JH-16180,Justin Hirsh,Consumer,4,2256.3940000000002,-96.95300000000002,28,2015-01-11,2016-11-21,564.0985000000001,-0.0429681163839294,Repeat Customer
JJ-15445,Jennifer Jackson,Consumer,5,709.178,200.5558,25,2015-05-03,2016-06-16,141.8356,0.28280036887777116,Repeat Customer
JJ-15760,Joel Jenkins,Home Office,2,195.0,34.449200000000005,11,2015-05-10,2015-08-12,97.5,0.17666256410256412,Repeat Customer
JK-15205,Jamie Kunitz,Consumer,5,4427.142,1219.983,67,2014-11-07,2017-10-30,885.4284,0.2755689788129678,Repeat Customer
JK-15325,Jason Klamczynski,Corporate,3,383.812,55.32769999999999,15,2014-11-21,2017-03-18,127.93733333333334,0.14415312705178573,Repeat Customer
JK-15370,Jay Kimmel,Consumer,8,2709.632,330.2838,72,2014-11-04,2017-11-16,338.704,0.12189249315036137,Repeat Customer
JK-15625,Jim Karlsson,Consumer,7,3760.028,750.9485,44,2014-05-31,2017-10-30,537.1468571428571,0.19971885847658583,Repeat Customer
JK-15640,Jim Kriz,Home Office,9,4760.434,1172.5303,41,2014-09-19,2017-03-07,528.9371111111111,0.24630743751515088,Repeat Customer
JK-15730,Joe Kamberova,Consumer,10,4867.2,55.0483,88,2014-01-12,2017-09-29,486.71999999999997,0.011310055062458909,Repeat Customer
JK-16090,Juliana Krohn,Consumer,3,3747.668,586.6625,43,2015-04-21,2017-02-12,1249.2226666666668,0.1565406807646782,Repeat Customer
JK-16120,Julie Kriz,Home Office,10,2932.484,122.6566,49,2014-02-11,2017-11-05,293.2484,0.04182686077741601,Repeat Customer
JL-15130,Jack Lebron,Consumer,6,1214.956,-207.79559999999998,42,2014-01-09,2017-12-22,202.49266666666665,-0.1710313789141335,Repeat Customer
JL-15175,James Lanier,Home Office,5,1571.523,209.2817,29,2014-12-31,2017-12-24,314.3046,0.13317126125421008,Repeat Customer
JL-15235,Janet Lee,Consumer,5,2203.7,54.51740000000002,39,2014-05-25,2017-04-28,440.73999999999995,0.024739029813495496,Repeat Customer
JL-15505,Jeremy Lonsdale,Consumer,6,3173.874,591.7163,56,2014-11-14,2017-11-11,528.9789999999999,0.1864334564006007,Repeat Customer
JL-15835,John Lee,Consumer,11,9799.923,228.907,143,2014-04-18,2017-11-24,890.9020909090909,0.023358040670319553,Repeat Customer
JL-15850,John Lucas,Consumer,6,2725.256,779.9046,38,2014-07-22,2016-04-25,454.2093333333333,0.28617663808464233,Repeat Customer
JM-15250,Janet Martin,Consumer,6,3159.1220000000003,19.82350000000004,91,2016-03-29,2017-11-23,526.5203333333334,0.006275002991337478,Repeat Customer
JM-15265,Janet Molinari,Corporate,5,1804.146,502.6143,52,2014-08-25,2017-11-23,360.8292,0.2785884845239798,Repeat Customer
JM-15535,Jessica Myrick,Consumer,7,1733.443,356.5395,46,2014-09-13,2017-12-09,247.6347142857143,0.2056828519887876,Repeat Customer
JM-15580,Jill Matthias,Consumer,5,303.948,113.1204,26,2016-04-14,2017-12-30,60.78959999999999,0.37217023964625534,Repeat Customer
JM-15655,Jim Mitchum,Corporate,5,864.947,117.20400000000001,41,2014-08-04,2017-12-22,172.9894,0.13550425633015664,Repeat Customer
JM-15865,John Murray,Consumer,7,7625.076000000001,1574.6163999999999,50,2014-11-19,2017-12-09,1089.2965714285715,0.20650501057300932,Repeat Customer
JM-16195,Justin MacKendrick,Consumer,10,2833.9260000000004,754.1144,74,2014-02-09,2017-12-08,283.3926,0.2661023611766856,Repeat Customer
JO-15145,Jack O'Briant,Corporate,9,3254.949,581.4045,59,2014-01-11,2017-10-27,361.661,0.17862169269011588,Repeat Customer
JO-15280,Jas O'Carroll,Consumer,6,1934.272,202.13619999999997,36,2014-03-31,2017-09-29,322.3786666666667,0.10450246914601462,Repeat Customer
JO-15550,Jesus Ocampo,Home Office,5,1090.838,167.6709,42,2015-03-19,2017-05-29,218.1676,0.15370834166026487,Repeat Customer
JP-15460,Jennifer Patt,Corporate,7,1669.135,429.7465,54,2014-08-24,2017-11-23,238.44785714285715,0.25746659197728167,Repeat Customer
JP-15520,Jeremy Pistek,Consumer,7,3635.594,757.1802,63,2014-08-22,2017-12-22,519.3705714285715,0.20826863505660972,Repeat Customer
JP-16135,Julie Prescott,Home Office,9,1707.71,309.7116,47,2014-09-23,2017-12-05,189.74555555555557,0.18136076968571946,Repeat Customer
JR-15670,Jim Radford,Consumer,2,1156.658,-785.1645,14,2015-12-24,2016-05-16,578.329,-0.6788216568769679,Repeat Customer
JR-15700,Jocasta Rupert,Consumer,1,863.88,107.985,3,2017-10-23,2017-10-23,863.88,0.125,One-Time Customer
JR-16210,Justin Ritter,Corporate,5,2201.686,452.37300000000005,41,2015-09-18,2017-11-27,440.33720000000005,0.20546662875632585,Repeat Customer
JS-15595,Jill Stevenson,Corporate,4,1417.654,-175.54899999999998,35,2014-03-03,2017-02-09,354.4135,-0.12383063850558738,Repeat Customer
JS-15685,Jim Sink,Corporate,4,1131.0639999999999,-54.8692,42,2016-06-14,2017-11-18,282.76599999999996,-0.04851113641668377,Repeat Customer
JS-15880,John Stevenson,Consumer,5,3868.02,564.9798000000001,43,2014-08-04,2016-12-02,773.604,0.14606434299719237,Repeat Customer
JS-15940,Joni Sundaresam,Home Office,5,469.169,-327.9336,37,2014-03-05,2016-09-23,93.8338,-0.6989668967898561,Repeat Customer
JS-16030,Joy Smith,Consumer,6,2516.494,-311.25749999999994,70,2014-02-27,2017-10-19,419.4156666666667,-0.12368696289361307,Repeat Customer
JW-15220,Jane Waco,Corporate,6,7721.714,2173.7093999999997,66,2015-04-30,2017-11-18,1286.9523333333334,0.2815060749465727,Repeat Customer
JW-15955,Joni Wasserman,Consumer,7,1244.086,-29.575899999999987,41,2015-08-16,2017-12-25,177.72657142857142,-0.023773195743702593,Repeat Customer
JW-16075,Julia West,Consumer,4,1428.731,154.06369999999998,38,2015-03-21,2016-09-25,357.18275,0.1078325451047118,Repeat Customer
KA-16525,Kelly Andreada,Consumer,7,1519.506,234.9194,57,2014-11-03,2017-11-24,217.07228571428573,0.15460248264896617,Repeat Customer
KB-16240,Karen Bern,Corporate,7,3152.6150000000002,763.9076,34,2014-03-31,2017-12-26,450.37357142857144,0.24230919411345817,Repeat Customer
KB-16315,Karl Braun,Consumer,9,1569.464,49.71929999999999,62,2014-08-26,2017-09-03,174.3848888888889,0.03167915925436964,Repeat Customer
KB-16405,Katrina Bavinger,Home Office,3,908.821,274.297,25,2015-11-20,2017-04-09,302.94033333333334,0.30181630926222,Repeat Customer
KB-16585,Ken Black,Corporate,12,2744.742,579.3551,102,2014-04-04,2017-12-03,228.72850000000003,0.21107816326634707,Repeat Customer
KB-16600,Ken Brennan,Corporate,7,983.922,293.55240000000003,29,2014-12-30,2017-12-29,140.56028571428573,0.29834925939251283,Repeat Customer
KC-16255,Karen Carlisle,Corporate,6,2120.954,846.1217,40,2014-08-09,2016-11-18,353.49233333333336,0.39893448891395095,Repeat Customer
KC-16540,Kelly Collister,Consumer,4,3908.262,709.4219,28,2015-02-11,2017-09-24,977.0655,0.18151851129734906,Repeat Customer
KC-16675,Kimberly Carter,Corporate,4,1146.05,156.7797,40,2014-12-13,2017-05-26,286.5125,0.13680005235373674,Repeat Customer
KD-16270,Karen Daniels,Consumer,5,8282.358,1107.6952000000003,64,2014-11-11,2016-04-06,1656.4716,0.13374152626582916,Repeat Customer
KD-16345,Katherine Ducich,Consumer,6,1888.964,328.5942,36,2014-02-09,2017-11-19,314.82733333333334,0.1739547180359181,Repeat Customer
KD-16495,Keith Dawkins,Corporate,12,8181.256,3038.6254,84,2014-09-28,2017-09-09,681.7713333333334,0.3714130690935475,Repeat Customer
KD-16615,Ken Dana,Corporate,5,2243.5099999999998,539.7219,56,2015-09-13,2017-03-16,448.70199999999994,0.2405703116990787,Repeat Customer
KE-16420,Katrina Edelman,Corporate,8,1686.7312,397.87989999999996,67,2014-03-04,2017-11-13,210.8414,0.23588814862735685,Repeat Customer
KF-16285,Karen Ferguson,Home Office,7,10604.266,1660.1386,67,2014-09-26,2017-11-09,1514.895142857143,0.15655384351920257,Repeat Customer
KH-16330,Katharine Harms,Corporate,8,3312.864,454.7871,70,2014-01-04,2017-11-20,414.108,0.13727913370425107,Repeat Customer
KH-16360,Katherine Hughes,Consumer,6,3100.612,528.2051,40,2014-04-29,2017-12-29,516.7686666666667,0.1703551105394677,Repeat Customer
KH-16510,Keith Herrera,Consumer,7,5952.859,656.1162,91,2014-05-10,2017-10-28,850.4084285714287,0.11021866971819759,Repeat Customer
KH-16630,Ken Heidel,Corporate,9,3918.9660000000003,727.3786,84,2014-01-11,2017-11-09,435.4406666666667,0.18560472328670366,Repeat Customer
KH-16690,Kristen Hastings,Corporate,7,5990.799,1227.5091,69,2014-03-21,2017-12-28,855.8284285714286,0.2048990627126699,Repeat Customer
KL-16555,Kelly Lampkin,Corporate,8,5016.488,-182.78130000000002,84,2014-06-15,2017-12-14,627.061,-0.036436108289305186,Repeat Customer
KL-16645,Ken Lonsdale,Consumer,12,14175.229000000001,806.855,113,2014-07-25,2017-11-13,1181.2690833333334,0.05692006809907621,Repeat Customer
KM-16225,Kalyca Meade,Corporate,6,2260.958,635.1057000000001,72,2015-06-07,2017-12-16,376.82633333333337,0.2809011489819802,Repeat Customer
KM-16375,Katherine Murray,Home Office,8,5620.186,973.7901999999999,69,2014-07-20,2017-04-11,702.52325,0.17326654313576098,Repeat Customer
KM-16660,Khloe Miller,Consumer,5,453.538,91.1391,30,2014-12-22,2017-12-15,90.7076,0.20095140870224765,Repeat Customer
KM-16720,Kunst Miller,Consumer,8,4909.472,745.7685,98,2014-01-04,2017-02-12,613.684,0.15190401330326359,Repeat Customer
KN-16390,Katherine Nockton,Corporate,9,2617.272,-151.1518,56,2014-02-12,2017-11-12,290.808,-0.05775165897927308,Repeat Customer
KN-16450,Kean Nguyen,Corporate,5,2171.962,114.3083,49,2014-12-04,2017-08-11,434.3924,0.05262905152115921,Repeat Customer
KN-16705,Kristina Nunn,Home Office,8,2280.58,329.76250000000005,55,2014-02-03,2017-11-06,285.0725,0.14459589227301828,Repeat Customer
KS-16300,Karen Seio,Corporate,3,88.472,0.11099999999999888,10,2015-01-13,2017-10-03,29.490666666666666,0.0012546342345600742,Repeat Customer
KT-16465,Kean Takahito,Consumer,7,3057.1,254.0032,45,2014-08-09,2016-04-14,436.7285714285714,0.08308632364005103,Repeat Customer
KT-16480,Kean Thornton,Consumer,10,4642.088400000001,194.0671,37,2014-08-05,2017-09-21,464.20884000000007,0.041805989735137314,Repeat Customer
KW-16435,Katrina Willman,Consumer,5,4416.5199999999995,1756.135,42,2015-06-12,2017-09-25,883.3039999999999,0.3976286759711266,Repeat Customer
KW-16570,Kelly Williams,Consumer,4,449.096,107.92699999999999,22,2014-09-30,2015-11-20,112.274,0.24032055507063077,Repeat Customer
LA-16780,Laura Armstrong,Corporate,11,8673.222,2059.1199,105,2014-04-29,2017-07-29,788.4747272727273,0.23741118352556873,Repeat Customer
LB-16735,Larry Blacks,Consumer,3,50.188,18.6507,12,2016-07-25,2017-12-11,16.729333333333333,0.3716167211285566,Repeat Customer
LB-16795,Laurel Beltran,Home Office,8,4985.676,-52.19099999999998,76,2014-04-23,2017-09-05,623.2095,-0.010468189268616729,Repeat Customer
LC-16870,Lena Cacioppo,Consumer,8,2580.7039999999997,-188.25110000000004,113,2015-03-05,2017-09-23,322.58799999999997,-0.07294563808945158,Repeat Customer
LC-16885,Lena Creighton,Consumer,12,7663.126,1288.3469,93,2014-04-25,2017-12-14,638.5938333333334,0.168122891363133,Repeat Customer
LC-16930,Linda Cazamias,Corporate,8,4492.946,288.26599999999996,52,2014-02-20,2017-11-19,561.61825,0.06415968498174694,Repeat Customer
LC-16960,Lindsay Castell,Home Office,4,3246.626,299.48019999999997,30,2015-01-12,2016-10-20,811.6565,0.09224351680791072,Repeat Customer
LC-17050,Liz Carlisle,Consumer,5,2095.064,86.77799999999999,43,2014-01-31,2017-09-09,419.01279999999997,0.04142021437053951,Repeat Customer
LC-17140,Logan Currie,Consumer,9,2633.582,231.12520000000004,62,2014-09-09,2017-12-17,292.6202222222222,0.08776077600773396,Repeat Customer
LD-16855,Lela Donovan,Corporate,1,5.304,0.4641,3,2016-06-26,2016-06-26,5.304,0.0875,One-Time Customer
LD-17005,Lisa DeCherney,Consumer,4,1961.934,557.1714,25,2014-09-29,2016-11-11,490.4835,0.2839908987764114,Repeat Customer
LE-16810,Laurel Elliston,Consumer,6,1469.45,161.76489999999998,32,2014-05-27,2017-09-12,244.90833333333333,0.11008533805165197,Repeat Customer
LF-17185,Luke Foster,Consumer,7,3930.5089999999996,-3583.977,69,2014-06-12,2017-08-12,561.5012857142857,-0.9118353373570701,Repeat Customer
LH-16750,Larry Hughes,Consumer,3,287.426,12.627699999999999,12,2014-09-21,2017-04-25,95.80866666666667,0.04393374294601045,Repeat Customer
LH-16900,Lena Hernandez,Consumer,9,2295.332,526.0727,64,2014-01-09,2017-09-12,255.03688888888888,0.22919242183701533,Repeat Customer
LH-17020,Lisa Hazard,Consumer,4,318.239,-242.73989999999998,34,2014-08-09,2017-05-05,79.55975,-0.762759749747831,Repeat Customer
LH-17155,Logan Haushalter,Consumer,9,1739.689,316.5202,44,2014-12-12,2016-10-29,193.2987777777778,0.1819406802020361,Repeat Customer
LL-16840,Lauren Leatherbury,Consumer,6,2741.2039999999997,560.0078,50,2014-04-29,2017-04-25,456.8673333333333,0.2042926392928071,Repeat Customer
LM-17065,Liz MacKendrick,Consumer,5,1346.774,-44.87799999999999,32,2014-06-27,2016-06-08,269.35479999999995,-0.033322591615222746,Repeat Customer
LO-17170,Lori Olson,Corporate,5,644.35,150.1712,34,2015-06-02,2017-12-28,128.87,0.2330584309769535,Repeat Customer
LP-17080,Liz Pelletier,Consumer,4,756.606,110.7813,39,2014-06-24,2017-11-20,189.1515,0.14641874370544247,Repeat Customer
LP-17095,Liz Preis,Consumer,7,3653.399,338.44539999999995,52,2016-02-10,2017-12-21,521.9141428571428,0.09263849910726968,Repeat Customer
LR-16915,Lena Radford,Consumer,6,5142.892,535.4764,64,2014-08-08,2017-04-12,857.1486666666666,0.10411970541088555,Repeat Customer
LR-17035,Lisa Ryan,Corporate,5,1879.306,-382.8079,44,2014-07-09,2017-08-20,375.8612,-0.2036964177201584,Repeat Customer
LS-16945,Linda Southworth,Corporate,6,2845.27,-318.77369999999996,51,2015-04-25,2017-12-01,474.21166666666664,-0.11203636210271783,Repeat Customer
LS-16975,Lindsay Shagiari,Home Office,9,2988.674,262.63669999999996,63,2014-10-20,2017-12-11,332.0748888888889,0.08787733289077362,Repeat Customer
LS-17200,Luke Schmidt,Corporate,6,1010.2560000000001,244.197,54,2014-10-18,2017-09-25,168.376,0.24171794079916376,Repeat Customer
LS-17230,Lycoris Saunders,Consumer,3,368.88000000000005,39.1952,16,2014-06-01,2015-11-14,122.96000000000002,0.10625460854478419,Repeat Customer
LS-17245,Lynn Smith,Consumer,6,1008.1360000000001,348.3584,47,2014-10-16,2017-11-26,168.02266666666668,0.34554702936905335,Repeat Customer
LT-16765,Larry Tron,Consumer,3,329.876,59.036,8,2014-01-09,2017-04-12,109.95866666666666,0.17896421685724334,Repeat Customer
LT-17110,Liz Thompson,Consumer,8,2936.252,320.973,63,2014-01-06,2017-11-26,367.0315,0.1093138463592362,Repeat Customer
LW-16825,Laurel Workman,Corporate,5,2238.061,32.5767,50,2014-01-07,2017-03-10,447.61220000000003,0.014555769480813973,Repeat Customer
LW-16990,Lindsay Williams,Corporate,6,3230.308,662.8339000000001,38,2016-05-05,2017-11-27,538.3846666666667,0.20519216743418897,Repeat Customer
LW-17125,Liz Willingham,Consumer,3,1259.04,192.6312,15,2014-11-09,2017-08-06,419.68,0.15299847502859323,Repeat Customer
LW-17215,Luke Weiss,Consumer,7,5420.514,837.2411,59,2014-12-09,2017-11-04,774.3591428571428,0.15445787982468082,Repeat Customer
MA-17560,Matt Abelman,Home Office,11,4299.161,1240.2266,117,2014-08-08,2017-10-27,390.8328181818182,0.28848107805220596,Repeat Customer
MA-17995,Michelle Arnett,Home Office,6,2453.284,280.7822,42,2014-09-20,2017-06-27,408.8806666666667,0.11445156777609114,Repeat Customer
MB-17305,Maria Bertelson,Consumer,10,1548.702,212.425,63,2014-08-08,2017-12-11,154.8702,0.13716325025731227,Repeat Customer
MB-18085,Mick Brown,Consumer,7,1428.231,117.8057,39,2014-05-01,2017-11-16,204.033,0.08248364585280672,Repeat Customer
MC-17275,Marc Crier,Consumer,8,2725.982,461.0014,54,2014-08-09,2017-10-15,340.74775,0.16911388263018612,Repeat Customer
MC-17425,Mark Cousins,Corporate,5,4432.138,1802.3903,48,2014-05-30,2016-11-26,886.4276,0.40666384936570116,Repeat Customer
MC-17575,Matt Collins,Consumer,8,1303.893,210.7493,40,2014-02-12,2017-07-08,162.986625,0.1616308240016627,Repeat Customer
MC-17590,Matt Collister,Corporate,6,2426.067,288.98409999999996,47,2014-05-20,2017-09-11,404.3445,0.11911628986338793,Repeat Customer
MC-17605,Matt Connell,Corporate,8,2258.192,195.4486,60,2014-01-12,2017-09-09,282.274,0.08655092215365212,Repeat Customer
MC-17635,Matthew Clasen,Corporate,4,795.154,-247.94350000000003,33,2014-03-12,2017-06-24,198.7885,-0.3118182138302769,Repeat Customer
MC-17845,Michael Chen,Consumer,7,3805.714,698.4174,45,2014-05-07,2017-12-29,543.6734285714285,0.1835180993632207,Repeat Customer
MC-18100,Mick Crebagga,Consumer,10,2218.98,-64.1668,73,2014-06-18,2017-11-19,221.898,-0.028917250268141216,Repeat Customer
MC-18130,Mike Caudle,Corporate,5,1581.9979999999998,121.7565,34,2014-09-19,2016-12-26,316.39959999999996,0.07696375090233996,Repeat Customer
MD-17350,Maribeth Dona,Consumer,7,3766.382,-241.94999999999996,64,2014-05-11,2017-10-03,538.0545714285714,-0.06423936817879863,Repeat Customer
MD-17860,Michael Dominguez,Corporate,5,1204.91,-4.040300000000002,45,2014-02-12,2017-11-24,240.98200000000003,-0.0033531965043032273,Repeat Customer
ME-17320,Maria Etezadi,Home Office,10,10663.728000000001,1859.4695,82,2014-06-01,2017-12-06,1066.3728,0.17437330547065713,Repeat Customer
ME-17725,Max Engle,Consumer,8,1908.4532,77.81280000000001,46,2014-12-07,2017-11-30,238.55665,0.04077270535111891,Repeat Customer
ME-18010,Michelle Ellison,Corporate,4,1256.944,107.3604,15,2014-07-21,2017-09-29,314.236,0.08541382909660256,Repeat Customer
MF-17665,Maureen Fritzler,Corporate,5,937.039,-341.52650000000006,36,2014-12-30,2016-09-01,187.4078,-0.3644741574256782,Repeat Customer
MF-18250,Monica Federle,Corporate,5,1758.3,456.86080000000004,38,2014-09-15,2017-12-23,351.65999999999997,0.25983097309901615,Repeat Customer
MG-17650,Matthew Grinstein,Home Office,7,3785.276,341.898,57,2014-09-08,2017-12-10,540.7537142857143,0.09032313627856992,Repeat Customer
MG-17680,Maureen Gastineau,Home Office,4,2350.188,25.888599999999972,25,2014-10-22,2017-09-29,587.547,0.011015544288371811,Repeat Customer
MG-17695,Maureen Gnade,Consumer,3,1342.282,-398.79319999999996,23,2014-12-26,2016-06-23,447.4273333333333,-0.2971009072609183,Repeat Customer
MG-17875,Michael Grace,Home Office,5,1242.8329999999999,-470.7684,23,2014-02-23,2017-05-09,248.56659999999997,-0.37878653045099386,Repeat Customer
MG-17890,Michael Granlund,Home Office,9,776.384,171.7372,35,2014-12-29,2017-09-22,86.26488888888889,0.22120136427334927,Repeat Customer
MG-18145,Mike Gockenbach,Consumer,4,3061.543,-93.603,42,2014-03-29,2017-07-27,765.38575,-0.03057379889813731,Repeat Customer
MG-18205,Mitch Gastineau,Corporate,1,16.739,-1.2453,8,2017-10-04,2017-10-04,16.739,-0.07439512515681941,One-Time Customer
MH-17290,Marc Harrigan,Home Office,6,2394.025,28.761200000000038,55,2014-04-26,2017-11-03,399.00416666666666,0.012013742546548193,Repeat Customer
MH-17440,Mark Haberlin,Corporate,4,400.016,61.428599999999996,25,2014-03-17,2016-12-19,100.004,0.15356535738570457,Repeat Customer
MH-17455,Mark Hamilton,Consumer,8,2456.1820000000002,484.77330000000006,45,2014-11-07,2017-07-13,307.02275000000003,0.19736863962035386,Repeat Customer
MH-17620,Matt Hagelstein,Corporate,4,1252.8,122.3612,19,2015-05-12,2017-07-28,313.2,0.09767017879948915,Repeat Customer
MH-17785,Maya Herman,Corporate,7,2203.7780000000002,238.5614,42,2014-05-27,2017-09-23,314.82542857142863,0.10825110333254981,Repeat Customer
MH-18025,Michelle Huthwaite,Consumer,5,2984.948,476.9032,31,2014-08-07,2017-11-11,596.9896,0.15976934941580223,Repeat Customer
MH-18115,Mick Hernandez,Home Office,9,5503.093,170.9746,79,2016-08-23,2017-12-25,611.4547777777777,0.031068818935097046,Repeat Customer
MJ-17740,Max Jones,Consumer,7,6320.746,1054.5529000000001,50,2015-09-06,2017-11-03,902.9637142857143,0.16683994262702537,Repeat Customer
MK-17905,Michael Kennedy,Corporate,8,2302.368,-405.3559,73,2014-11-18,2017-08-13,287.796,-0.1760604299573309,Repeat Customer
MK-18160,Mike Kennedy,Consumer,4,1031.602,227.83380000000002,43,2014-12-19,2017-04-05,257.9005,0.22085436049949497,Repeat Customer
ML-17395,Marina Lichtenstein,Corporate,9,2722.843,684.9162,72,2014-02-14,2017-10-22,302.5381111111111,0.25154450697304254,Repeat Customer
ML-17410,Maris LaWare,Consumer,6,2921.5,-76.17550000000003,51,2014-11-14,2017-07-18,486.9166666666667,-0.026074105767585155,Repeat Customer
ML-17755,Max Ludwig,Home Office,7,2071.9139999999998,409.51120000000003,53,2016-04-08,2017-11-30,295.9877142857143,0.1976487441081049,Repeat Customer
ML-18040,Michelle Lonsdale,Corporate,3,742.082,138.71620000000001,18,2017-03-26,2017-12-10,247.36066666666667,0.18692839874838632,Repeat Customer
ML-18265,Muhammed Lee,Consumer,2,162.232,42.6648,7,2015-05-31,2017-09-21,81.116,0.26298634054933673,Repeat Customer
MM-17260,Magdelene Morse,Consumer,4,1314.023,178.402,17,2014-05-28,2017-11-02,328.50575,0.1357677909747394,Repeat Customer
MM-17920,Michael Moore,Consumer,11,3794.0800000000004,82.12499999999997,68,2014-01-13,2017-12-23,344.91636363636366,0.021645563614894774,Repeat Customer
MM-18055,Michelle Moray,Consumer,8,2749.881,-520.3443,73,2014-05-26,2017-10-30,343.735125,-0.18922429734232135,Repeat Customer
MM-18280,Muhammed MacIntyre,Corporate,9,775.414,58.8916,32,2014-01-20,2017-10-06,86.1571111111111,0.07594859004351223,Repeat Customer
MN-17935,Michael Nguyen,Consumer,6,2477.946,290.8227,36,2014-02-16,2017-11-26,412.991,0.11736442198498273,Repeat Customer
MO-17500,Mary O'Rourke,Consumer,4,922.487,59.357699999999994,15,2014-11-28,2017-10-19,230.62175,0.06434529700689548,Repeat Customer
MO-17800,Meg O'Connel,Home Office,8,1687.0269999999998,169.34369999999998,49,2015-09-17,2017-09-17,210.87837499999998,0.10037995835277089,Repeat Customer
MO-17950,Michael Oakman,Consumer,2,154.288,-82.0074,14,2015-02-04,2017-03-07,77.144,-0.531521570050814,Repeat Customer
MP-17470,Mark Packer,Home Office,7,3206.132,600.2873,77,2014-03-30,2016-11-01,458.01885714285714,0.18723099984654404,Repeat Customer
MP-17965,Michael Paige,Corporate,9,3983.6420000000003,638.1563,62,2015-02-10,2017-10-19,442.6268888888889,0.1601941891364736,Repeat Customer
MP-18175,Mike Pelletier,Home Office,9,5087.92,226.4529,78,2014-03-28,2017-12-14,565.3244444444445,0.04450795216905926,Repeat Customer
MR-17545,Mathew Reese,Home Office,4,639.178,162.9363,29,2014-03-09,2017-08-27,159.7945,0.25491537568564626,Repeat Customer
MS-17365,Maribeth Schnelling,Consumer,10,7443.6900000000005,844.9354999999998,105,2014-07-11,2017-01-04,744.369,0.11351030201418917,Repeat Customer
MS-17530,MaryBeth Skach,Consumer,4,475.65599999999995,84.0268,21,2014-04-11,2016-10-22,118.91399999999999,0.17665455707486083,Repeat Customer
MS-17710,Maurice Satty,Consumer,6,1613.402,247.4348,48,2014-03-24,2016-12-11,268.9003333333333,0.15336215028864472,Repeat Customer
MS-17770,Maxwell Schwartz,Consumer,9,3144.678,280.85839999999996,73,2014-03-11,2017-08-31,349.40866666666665,0.0893122920693311,Repeat Customer
MS-17830,Melanie Seite,Consumer,4,370.348,19.431199999999997,14,2014-09-01,2016-04-10,92.587,0.05246740903150549,Repeat Customer
MS-17980,Michael Stewart,Corporate,6,855.116,55.226,49,2014-06-30,2017-04-12,142.51933333333332,0.06458305072060398,Repeat Customer
MT-17815,Meg Tillman,Consumer,6,2890.139,509.0068,31,2015-06-11,2017-11-11,481.68983333333335,0.17611844966626172,Repeat Customer
MT-18070,Michelle Tran,Home Office,4,1319.4498,-23.676300000000005,44,2014-09-25,2017-10-06,329.86245,-0.017944070323857718,Repeat Customer
MV-17485,Mark Van Huff,Consumer,9,1560.05,189.0258,52,2014-01-20,2017-11-24,173.33888888888887,0.12116650107368354,Repeat Customer
MV-18190,Mike Vittorini,Consumer,7,1734.574,273.8582,37,2014-01-30,2017-11-12,247.79628571428572,0.15788210822945575,Repeat Customer
MW-18220,Mitch Webber,Consumer,7,5341.900000000001,1238.422,51,2014-08-25,2017-12-13,763.1285714285715,0.23183174525917744,Repeat Customer
MW-18235,Mitch Willingham,Corporate,2,5253.876,1665.516,13,2014-05-21,2017-11-16,2626.938,0.3170071010431156,Repeat Customer
MY-17380,Maribeth Yedwab,Corporate,7,2254.285,319.1211,49,2015-10-26,2017-11-24,322.0407142857143,0.1415620030297855,Repeat Customer
MY-18295,Muhammed Yedwab,Corporate,11,4152.696,-371.7111,89,2014-04-28,2017-10-20,377.5178181818182,-0.08951079009876957,Repeat Customer
MZ-17335,Maria Zettner,Home Office,4,593.606,85.01910000000001,11,2015-08-11,2017-11-30,148.4015,0.14322479894071152,Repeat Customer
MZ-17515,Mary Zewe,Corporate,6,2564.906,787.7503,39,2014-04-04,2017-03-23,427.4843333333333,0.307126382019458,Repeat Customer
NB-18580,Nicole Brennan,Corporate,2,273.87199999999996,24.788800000000002,7,2014-09-26,2014-10-22,136.93599999999998,0.0905123561371736,Repeat Customer
NB-18655,Nona Balk,Corporate,9,1972.599,117.6429,64,2014-05-12,2017-11-18,219.17766666666665,0.059638527648042,Repeat Customer
NC-18340,Nat Carroll,Consumer,5,2461.404,580.3075,54,2014-03-30,2017-05-20,492.2808,0.23576280041797285,Repeat Customer
NC-18415,Nathan Cano,Consumer,6,2218.9900000000002,-2204.8072,38,2014-03-05,2017-11-19,369.8316666666667,-0.9936084434810432,Repeat Customer
NC-18535,Nick Crebassa,Corporate,7,8241.739,1314.758,64,2014-07-23,2017-12-24,1177.3912857142857,0.15952434310283303,Repeat Customer
NC-18625,Noah Childs,Corporate,5,1821.742,-359.02099999999996,29,2014-10-29,2017-09-06,364.34839999999997,-0.19707565615767764,Repeat Customer
ND-18370,Natalie DeCherney,Consumer,9,4326.139,353.64549999999997,63,2014-01-11,2017-10-21,480.6821111111111,0.08174621758570401,Repeat Customer
ND-18460,Neil Ducich,Corporate,6,2893.455,443.33680000000004,36,2014-06-02,2017-10-06,482.2425,0.15322056157776778,Repeat Customer
NF-18385,Natalie Fritzler,Consumer,7,8322.826,-1695.9714,52,2014-11-02,2017-12-10,1188.9751428571428,-0.20377350193311744,Repeat Customer
NF-18475,Neil Französisch,Home Office,4,377.16200000000003,85.92779999999999,13,2014-01-10,2016-07-23,94.29050000000001,0.2278272996749407,Repeat Customer
NF-18595,Nicole Fjeld,Home Office,7,2031.472,388.2131,55,2014-04-19,2017-08-18,290.2102857142857,0.19109940968913183,Repeat Customer
NG-18355,Nat Gilpin,Corporate,5,1869.58,313.63349999999997,45,2014-11-24,2017-12-11,373.916,0.16775612704457685,Repeat Customer
NG-18430,Nathan Gelder,Consumer,5,1395.9379999999999,217.0893,41,2014-03-12,2017-12-11,279.1876,0.15551500138258292,Repeat Customer
NH-18610,Nicole Hansen,Corporate,7,2673.29,760.1666,52,2014-02-03,2017-08-04,381.8985714285714,0.2843562052751479,Repeat Customer
NK-18490,Neil Knudson,Home Office,7,572.048,121.2177,51,2015-05-28,2017-12-10,81.72114285714285,0.21190127401896344,Repeat Customer
NL-18310,Nancy Lomonaco,Home Office,4,1418.0900000000001,343.6381,44,2014-10-31,2017-02-11,354.52250000000004,0.24232460563151842,Repeat Customer
NM-18445,Nathan Mautz,Home Office,7,6459.344,2751.6848999999997,44,2014-04-11,2017-07-23,922.7634285714286,0.42600067437188666,Repeat Customer
NM-18520,Neoma Murray,Consumer,10,2161.979,788.9525000000001,60,2015-01-12,2017-04-30,216.19789999999998,0.3649214446578807,Repeat Customer
NP-18325,Naresj Patel,Consumer,6,5529.62,1208.8890000000001,77,2014-05-13,2017-05-12,921.6033333333334,0.21862062854228684,Repeat Customer
NP-18670,Nora Paige,Consumer,5,3908.402,514.6002,46,2015-02-27,2017-12-10,781.6804,0.13166511530799543,Repeat Customer
NP-18685,Nora Pelletier,Home Office,6,1228.698,514.5017,23,2014-07-03,2016-11-19,204.78300000000002,0.4187373138069729,Repeat Customer
NP-18700,Nora Preis,Consumer,7,7903.1825,631.2282,63,2014-05-09,2017-08-14,1129.0260714285714,0.07987012826794776,Repeat Customer
NR-18550,Nick Radford,Consumer,5,2367.277,-25.148799999999966,37,2014-07-06,2017-03-06,473.4554,-0.010623513851568686,Repeat Customer
NS-18505,Neola Schneider,Consumer,4,2575.863,-12.303999999999997,52,2016-11-24,2017-12-24,643.96575,-0.004776651553285247,Repeat Customer
NS-18640,Noel Staavos,Corporate,13,2964.823,-234.7714,113,2014-06-25,2017-09-07,228.0633076923077,-0.07918563772609698,Repeat Customer
NW-18400,Natalie Webber,Consumer,7,7234.014,1023.123,78,2014-06-21,2017-11-07,1033.4305714285715,0.14143226706500706,Repeat Customer
NZ-18565,Nick Zandusky,Home Office,9,2488.31,402.4236,77,2014-02-08,2017-06-10,276.4788888888889,0.1617256692293163,Repeat Customer
ON-18715,Odella Nelson,Corporate,9,1567.52,-5.88900000000001,58,2014-02-12,2016-11-15,174.1688888888889,-0.003756889864244163,Repeat Customer
OT-18730,Olvera Toch,Consumer,5,3818.624,-925.1203,51,2015-04-20,2017-10-26,763.7248,-0.24226535526933266,Repeat Customer
PA-19060,Pete Armstrong,Home Office,6,729.408,225.8588,27,2014-05-17,2017-09-18,121.568,0.3096467272089146,Repeat Customer
PB-18805,Patrick Bzostek,Home Office,3,740.356,229.2257,54,2015-11-20,2017-05-12,246.78533333333334,0.30961550929552806,Repeat Customer
PB-19105,Peter Bühler,Consumer,4,688.324,218.15970000000002,18,2014-11-15,2017-09-22,172.081,0.31694332901366223,Repeat Customer
PB-19150,Philip Brown,Consumer,8,1456.95,280.6606,54,2014-07-14,2017-09-24,182.11875,0.19263571158927895,Repeat Customer
PB-19210,Phillip Breyer,Corporate,2,132.738,21.897000000000002,10,2014-11-23,2016-11-02,66.369,0.16496406454820775,Repeat Customer
PC-18745,Pamela Coakley,Corporate,4,1832.064,272.685,22,2014-12-31,2017-12-28,458.016,0.14884032435548103,Repeat Customer
PC-19000,Pauline Chand,Home Office,2,1061.488,-184.3364,18,2014-08-04,2015-01-08,530.744,-0.17365848695416244,Repeat Customer
PF-19120,Peter Fuller,Consumer,4,9062.864,-614.2943000000001,75,2014-05-05,2015-09-17,2265.716,-0.06778147614264102,Repeat Customer
PF-19165,Philip Fox,Consumer,6,2770.0,196.87389999999996,34,2014-09-20,2017-06-17,461.6666666666667,0.07107361010830324,Repeat Customer
PF-19225,Phillip Flathmann,Consumer,5,2206.1279999999997,591.3118000000001,32,2016-03-11,2017-07-09,441.22559999999993,0.2680315013453436,Repeat Customer
PG-18820,Patrick Gardner,Consumer,13,3086.907,137.46130000000002,83,2014-07-21,2017-11-24,237.45438461538464,0.04453043126987629,Repeat Customer
PG-18895,Paul Gonzalez,Consumer,9,1987.164,334.5163,61,2014-11-05,2017-10-26,220.796,0.16833854679331953,Repeat Customer
PH-18790,Patricia Hirasaki,Home Office,1,729.648,47.8878,6,2017-10-21,2017-10-21,729.648,0.06563137293599106,One-Time Customer
PJ-18835,Patrick Jones,Corporate,8,1220.09,442.1355,46,2014-05-28,2017-11-21,152.51125,0.3623794146333467,Repeat Customer
PJ-19015,Pauline Johnson,Consumer,7,1824.2340000000002,682.9979000000001,25,2014-07-04,2017-08-18,260.60485714285716,0.37440257116137515,Repeat Customer
PK-18910,Paul Knutson,Home Office,2,1441.152,-798.705,14,2014-04-04,2016-03-09,720.576,-0.554212879696243,Repeat Customer
PK-19075,Pete Kriz,Consumer,12,8646.934,2038.2676000000001,107,2014-11-11,2017-12-21,720.5778333333333,0.23572142449566522,Repeat Customer
PL-18925,Paul Lucas,Home Office,5,239.481,-0.7527000000000026,29,2014-01-11,2017-12-15,47.8962,-0.0031430468387888917,Repeat Customer
PM-18940,Paul MacIntyre,Consumer,3,1405.402,157.8768,16,2014-04-05,2016-09-12,468.46733333333333,0.1123356875826276,Repeat Customer
PM-19135,Peter McVee,Home Office,4,4115.662,526.7537,36,2015-12-19,2017-09-11,1028.9155,0.12798759956478445,Repeat Customer
PN-18775,Parhena Norris,Home Office,8,1467.152,192.0396,47,2015-07-08,2017-11-30,183.394,0.13089277729914828,Repeat Customer
PO-18850,Patrick O'Brill,Consumer,11,7473.8282,38.47569999999996,91,2014-02-11,2017-12-26,679.4389272727273,0.0051480578587556995,Repeat Customer
PO-18865,Patrick O'Donnell,Consumer,7,2493.214,437.8533,54,2014-03-23,2017-12-30,356.1734285714286,0.17561801754682912,Repeat Customer
PO-19180,Philisse Overcash,Home Office,9,4893.043,1155.4331,65,2015-10-11,2017-07-23,543.6714444444444,0.23613794115441047,Repeat Customer
PO-19195,Phillina Ober,Home Office,5,1056.858,-49.70089999999999,32,2014-04-01,2017-05-10,211.3716,-0.04702703674476608,Repeat Customer
PP-18955,Paul Prost,Home Office,10,7252.608,1495.0854,138,2014-08-09,2017-09-24,725.2608,0.2061445207020702,Repeat Customer
PR-18880,Patrick Ryan,Consumer,5,1840.178,247.6226,43,2014-05-09,2017-11-24,368.03560000000004,0.13456448234899016,Repeat Customer
PS-18760,Pamela Stobb,Consumer,6,2181.479,-134.441,75,2014-06-15,2017-09-14,363.5798333333333,-0.061628372310712144,Repeat Customer
PS-18970,Paul Stevenson,Home Office,8,1278.639,198.5099,52,2014-04-15,2017-10-22,159.829875,0.15525093478299973,Repeat Customer
PS-19045,Penelope Sewall,Home Office,7,6843.634,1742.7296999999999,47,2014-12-20,2017-08-05,977.662,0.25464975187159333,Repeat Customer
PT-19090,Pete Takahito,Consumer,4,160.572,-20.0508,19,2014-12-09,2017-10-20,40.143,-0.12487108586802181,Repeat Customer
PV-18985,Paul Van Hugh,Home Office,5,2876.046,434.52840000000003,52,2014-12-07,2017-11-03,575.2092,0.15108534425388193,Repeat Customer
PW-19030,Pauline Webber,Corporate,10,3454.916,803.8169,48,2014-05-16,2017-11-14,345.4916,0.23265888374710122,Repeat Customer
PW-19240,Pierre Wener,Consumer,7,3922.4150000000004,1290.354,39,2014-11-18,2016-09-22,560.345,0.32896927020725747,Repeat Customer
QJ-19255,Quincy Jones,Corporate,9,6108.338,1203.6768,61,2014-01-06,2017-05-12,678.7042222222221,0.19705471439203268,Repeat Customer
RA-19285,Ralph Arnett,Consumer,9,2617.906,546.0882,58,2014-12-13,2017-12-25,290.8784444444444,0.20859732931587308,Repeat Customer
RA-19885,Ruben Ausman,Corporate,7,3832.314,1292.8656,53,2014-08-04,2017-11-17,547.4734285714286,0.3373589951136572,Repeat Customer
RA-19915,Russell Applegate,Consumer,9,4793.543,304.8673,75,2014-01-11,2017-12-18,532.6158888888889,0.06359957551230896,Repeat Customer
RA-19945,Ryan Akin,Consumer,5,1686.9225,-445.695,27,2014-08-29,2017-10-30,337.3845,-0.264205972710661,Repeat Customer
RB-19330,Randy Bradley,Consumer,2,1008.1959999999999,-164.40619999999998,16,2014-11-17,2017-10-23,504.09799999999996,-0.16306968089538146,Repeat Customer
RB-19360,Raymond Buch,Consumer,6,15117.339,6976.0959,71,2016-01-04,2017-09-25,2519.5565,0.46146321783218597,Repeat Customer
RB-19435,Richard Bierner,Consumer,8,2663.0860000000002,477.23990000000003,66,2014-10-10,2017-11-19,332.88575000000003,0.17920559080705617,Repeat Customer
RB-19465,Rick Bensley,Home Office,12,4715.466,640.5466,85,2014-03-14,2017-12-21,392.95550000000003,0.13583951193795055,Repeat Customer
RB-19570,Rob Beeghly,Consumer,5,528.546,76.8879,35,2016-03-09,2017-05-12,105.70920000000001,0.14547059290960482,Repeat Customer
RB-19645,Robert Barroso,Corporate,5,221.084,72.679,29,2014-08-23,2016-03-22,44.2168,0.3287393027084728,Repeat Customer
RB-19705,Roger Barcio,Home Office,4,2067.45,243.07549999999998,22,2015-08-22,2017-09-14,516.8625,0.11757261360613316,Repeat Customer
RB-19795,Ross Baird,Home Office,8,5633.316000000001,-461.73319999999995,92,2014-03-06,2017-11-28,704.1645000000001,-0.08196472557193665,Repeat Customer
RC-19825,Roy Collins,Consumer,6,966.409,63.991400000000006,29,2014-05-12,2016-12-26,161.06816666666666,0.0662156498956446,Repeat Customer
RC-19960,Ryan Crowe,Consumer,6,885.752,10.563300000000002,44,2014-06-12,2017-11-09,147.62533333333332,0.011925798643412606,Repeat Customer
RD-19480,Rick Duston,Consumer,8,4272.93,480.594,60,2014-08-06,2017-10-19,534.11625,0.1124741102709382,Repeat Customer
RD-19585,Rob Dowd,Consumer,10,2912.8940000000002,734.5158,73,2014-02-04,2017-03-07,291.2894,0.25216015412850584,Repeat Customer
RD-19660,Robert Dilbeck,Home Office,5,2786.632,835.772,23,2015-10-24,2017-07-09,557.3264,0.2999219129041797,Repeat Customer
RD-19720,Roger Demir,Consumer,10,1419.737,207.3304,78,2014-02-11,2017-09-12,141.9737,0.1460343711546575,Repeat Customer
RD-19810,Ross DeVincentis,Home Office,8,1137.616,318.4625,63,2014-10-27,2017-12-16,142.202,0.27993848539401694,Repeat Customer
RD-19900,Ruben Dartt,Consumer,9,3133.924,455.5292,85,2014-05-04,2017-07-09,348.21377777777775,0.14535425875037175,Repeat Customer
RD-19930,Russell D'Ascenzo,Consumer,4,970.9420000000001,35.05740000000001,33,2014-03-10,2017-11-18,242.73550000000003,0.036106585151327274,Repeat Customer
RE-19405,Ricardo Emerson,Consumer,1,48.36,6.045,5,2014-12-29,2014-12-29,48.36,0.125,One-Time Customer
RE-19450,Richard Eichhorn,Consumer,5,876.696,209.2294,47,2014-03-06,2017-03-03,175.3392,0.23865672935658425,Repeat Customer
RF-19345,Randy Ferguson,Corporate,8,3309.15,633.7072000000001,67,2014-05-20,2016-11-28,413.64375,0.1915015034072194,Repeat Customer
RF-19735,Roland Fjeld,Consumer,7,2341.2960000000003,711.6168,53,2014-06-08,2017-07-29,334.4708571428572,0.3039414068105869,Repeat Customer
RF-19840,Roy Französisch,Consumer,8,945.222,280.0261,45,2014-12-11,2017-12-24,118.15275,0.29625431909117644,Repeat Customer
RH-19495,Rick Hansen,Consumer,5,3621.3759999999997,563.7877,38,2014-08-23,2017-12-08,724.2751999999999,0.15568328171391208,Repeat Customer
RH-19510,Rick Huthwaite,Home Office,6,6979.18,1289.4535,43,2014-11-16,2016-10-03,1163.1966666666667,0.18475716344900117,Repeat Customer
RH-19555,Ritsa Hightower,Consumer,2,740.382,0.30570000000000164,11,2015-04-12,2016-07-29,370.191,0.00041289496503156705,Repeat Customer
RH-19600,Rob Haberlin,Consumer,3,2085.7400000000002,172.6261,43,2015-02-07,2016-07-14,695.2466666666668,0.08276491796676479,Repeat Customer
RK-19300,Ralph Kennedy,Consumer,3,1460.192,269.688,29,2015-07-20,2017-02-09,486.73066666666665,0.18469351975630602,Repeat Customer
RL-19615,Rob Lucas,Consumer,8,6234.91,488.14840000000004,101,2014-05-12,2017-08-31,779.36375,0.0782927740737236,Repeat Customer
RM-19375,Raymond Messe,Consumer,6,1453.474,392.1499,29,2014-06-21,2017-01-19,242.24566666666666,0.2698017990001885,Repeat Customer
RM-19675,Robert Marley,Home Office,5,5979.0960000000005,1902.5438000000001,39,2014-11-14,2017-12-24,1195.8192000000001,0.31819923948369455,Repeat Customer
RM-19750,Roland Murray,Consumer,1,98.35,28.6879,4,2017-06-03,2017-06-03,98.35,0.291691916624301,One-Time Customer
RO-19780,Rose O'Brian,Consumer,7,3815.478,-1262.5716000000002,48,2015-04-12,2017-11-25,545.0682857142857,-0.33090784431203646,Repeat Customer
RP-19270,Rachel Payne,Corporate,4,954.6452,59.538399999999996,47,2014-10-19,2016-08-21,238.6613,0.062367044845561465,Repeat Customer
RP-19390,Resi Pölking,Consumer,12,5153.084,465.25030000000015,88,2014-01-12,2017-11-27,429.42366666666663,0.09028579778633536,Repeat Customer
RP-19855,Roy Phan,Corporate,8,2170.716,594.5868,61,2014-05-04,2017-05-27,271.3395,0.2739127550540928,Repeat Customer
RR-19315,Ralph Ritter,Consumer,2,615.932,-73.835,7,2016-11-14,2017-11-12,307.966,-0.11987524596871083,Repeat Customer
RR-19525,Rick Reed,Corporate,6,3302.2619999999997,721.6826,36,2014-09-09,2017-07-13,550.377,0.21854189643341443,Repeat Customer
RS-19420,Ricardo Sperren,Corporate,5,3221.29,633.4513999999999,29,2014-05-08,2017-10-15,644.258,0.19664525702435978,Repeat Customer
RS-19765,Roland Schwarz,Corporate,8,4159.7699999999995,1206.3851,54,2014-06-12,2017-11-24,519.9712499999999,0.29001245261156267,Repeat Customer
RS-19870,Roy Skaria,Home Office,2,22.328,9.5838,10,2016-07-06,2017-11-12,11.164,0.4292278753135077,Repeat Customer
RW-19540,Rick Wilson,Corporate,7,7397.401,1586.6273,89,2015-03-02,2017-08-29,1056.7715714285714,0.2144844250027814,Repeat Customer
RW-19630,Rob Williams,Corporate,9,3279.746,698.8325,53,2014-06-28,2017-04-13,364.41622222222225,0.21307518935917596,Repeat Customer
RW-19690,Robert Waldorf,Consumer,5,3495.646,707.5503,61,2016-05-30,2017-12-10,699.1292000000001,0.20240902539902494,Repeat Customer
SA-20830,Sue Ann Reed,Consumer,10,4767.3415,610.1496000000001,75,2014-02-22,2017-10-28,476.73415000000006,0.12798529327089322,Repeat Customer
SB-20170,Sarah Bern,Consumer,3,1348.02,157.6658,24,2014-06-06,2017-12-06,449.34,0.11696102431714663,Repeat Customer
SB-20185,Sarah Brown,Consumer,6,6410.996,885.4623999999999,45,2014-09-20,2017-12-06,1068.4993333333334,0.138116199105412,Repeat Customer
SB-20290,Sean Braxton,Corporate,7,8057.891,-2082.7451,84,2014-07-09,2017-11-13,1151.1272857142856,-0.2584727318848071,Repeat Customer
SC-20020,Sam Craven,Consumer,5,3362.9636,-317.0508,62,2014-02-04,2015-10-11,672.59272,-0.09427720240564007,Repeat Customer
SC-20050,Sample Company A,Home Office,9,4624.572,1011.7443,61,2014-03-18,2017-11-20,513.8413333333333,0.21877576995233286,Repeat Customer
SC-20095,Sanjit Chand,Consumer,9,14142.333999999999,5757.411899999999,87,2014-02-09,2017-01-15,1571.3704444444443,0.4071047890680562,Repeat Customer
SC-20230,Scot Coram,Corporate,4,4371.9580000000005,440.14099999999996,49,2016-06-06,2017-03-08,1092.9895000000001,0.10067365697474677,Repeat Customer
SC-20260,Scott Cohen,Corporate,8,3729.7929999999997,671.0033999999999,63,2014-06-04,2017-06-26,466.22412499999996,0.17990365685173412,Repeat Customer
SC-20305,Sean Christensen,Consumer,7,3979.065,229.1617,64,2014-12-16,2017-10-06,568.4378571428572,0.057591846325707165,Repeat Customer
SC-20380,Shahid Collister,Consumer,9,5992.536,236.66149999999996,80,2014-01-03,2017-11-30,665.8373333333334,0.03949271226739397,Repeat Customer
SC-20440,Shaun Chance,Corporate,7,1874.998,379.5611,44,2015-01-10,2017-11-24,267.85685714285717,0.20243280259498944,Repeat Customer
SC-20575,Sonia Cooley,Consumer,5,902.7280000000001,100.2253,30,2014-06-16,2017-09-29,180.5456,0.11102491558919186,Repeat Customer
SC-20680,Steve Carroll,Home Office,6,1254.64,370.1578,26,2014-11-21,2017-08-26,209.10666666666668,0.29503108461391314,Repeat Customer
SC-20695,Steve Chapman,Corporate,10,2576.408,611.8291,66,2014-12-16,2017-10-08,257.6408,0.23747368429223945,Repeat Customer
SC-20725,Steven Cartwright,Consumer,11,5226.21,1276.6513,133,2014-03-06,2017-06-26,475.11,0.24427860725076106,Repeat Customer
SC-20770,Stewart Carmichael,Corporate,7,4492.657,-671.1874,75,2015-06-20,2017-11-19,641.8081428571429,-0.14939653750553403,Repeat Customer
SC-20800,Stuart Calhoun,Consumer,4,279.25600000000003,51.8252,11,2015-11-12,2017-11-30,69.81400000000001,0.18558312086401008,Repeat Customer
SC-20845,Sung Chung,Consumer,2,280.632,31.1757,13,2016-11-11,2017-08-21,140.316,0.11109103737278714,Repeat Customer
SD-20485,Shirley Daniels,Home Office,9,6121.114,1985.1671999999999,82,2014-01-26,2017-06-13,680.1237777777777,0.3243146917374844,Repeat Customer
SE-20110,Sanjit Engle,Consumer,11,12209.438000000002,2650.6769,78,2014-09-22,2017-12-21,1109.9489090909092,0.21710064787584812,Repeat Customer
SF-20065,Sandra Flanagan,Consumer,7,763.5459999999999,228.1623,35,2014-10-09,2017-07-16,109.07799999999999,0.29881932457245536,Repeat Customer
SF-20200,Sarah Foster,Consumer,9,3422.7859999999996,286.9046,74,2014-12-23,2017-08-27,380.3095555555555,0.08382195089029815,Repeat Customer
SF-20965,Sylvia Foulston,Corporate,9,3336.535,539.9352,66,2014-10-21,2017-12-11,370.7261111111111,0.1618251269655496,Repeat Customer
SG-20080,Sandra Glassco,Consumer,3,3406.5809999999997,570.438,30,2015-10-31,2017-12-22,1135.5269999999998,0.16745176468723333,Repeat Customer
SG-20470,Sheri Gordon,Consumer,8,1884.798,-119.0105,62,2014-07-26,2017-06-30,235.59975,-0.06314231021043104,Repeat Customer
SG-20605,Speros Goranitis,Consumer,6,3124.832,463.269,49,2014-01-23,2017-09-13,520.8053333333334,0.1482540501377354,Repeat Customer
SG-20890,Susan Gilcrest,Corporate,3,47.946,-3.7073,17,2014-03-30,2017-05-18,15.982,-0.0773224043715847,Repeat Customer
SH-19975,Sally Hughsby,Corporate,13,3406.8395,558.4739999999999,113,2014-10-12,2017-10-27,262.0645769230769,0.16392729977446838,Repeat Customer
SH-20395,Shahid Hopkins,Consumer,10,2180.718,-144.5229,45,2014-02-11,2017-10-09,218.0718,-0.06627308070094345,Repeat Customer
SH-20635,Stefanie Holloman,Corporate,2,2096.392,260.6258,16,2014-12-16,2015-11-26,1048.196,0.12432111933264392,Repeat Customer
SJ-20125,Sanjit Jacobs,Home Office,12,3949.656,144.1189,104,2015-09-22,2017-11-08,329.138,0.036488975242400856,Repeat Customer
SJ-20215,Sarah Jordon,Consumer,6,1341.036,-23.5137,35,2015-06-07,2017-08-16,223.506,-0.017533981190661546,Repeat Customer
SJ-20500,Shirley Jackson,Consumer,5,1318.776,68.09629999999999,30,2014-08-31,2017-04-21,263.7552,0.05163598670282139,Repeat Customer
SK-19990,Sally Knutson,Consumer,3,883.409,168.7933,19,2016-11-28,2017-12-22,294.4696666666667,0.19107038755548109,Repeat Customer
SL-20155,Sara Luxemburg,Home Office,7,3053.012,527.9715,30,2014-03-10,2017-10-21,436.14457142857145,0.1729346298016516,Repeat Customer
SM-20005,Sally Matthias,Consumer,4,244.49399999999997,-26.5927,26,2014-10-12,2016-06-23,61.12349999999999,-0.10876626829288245,Repeat Customer
SM-20320,Sean Miller,Home Office,5,25043.05,-1980.7393,50,2014-03-18,2017-12-10,5008.61,-0.07909337321133009,Repeat Customer
SM-20905,Susan MacKendrick,Consumer,1,1043.041,-237.2885,20,2016-03-05,2016-03-05,1043.041,-0.2274968098090104,One-Time Customer
SM-20950,Suzanne McNair,Corporate,12,5563.392,581.5741999999999,94,2014-01-11,2017-07-20,463.616,0.10453590183830296,Repeat Customer
SN-20560,Skye Norling,Home Office,6,1860.418,-716.8565000000001,67,2015-06-18,2017-10-09,310.06966666666665,-0.3853201269822159,Repeat Customer
SN-20710,Steve Nguyen,Home Office,7,3127.9592,481.74989999999997,89,2014-06-05,2017-12-10,446.85131428571424,0.15401412524818098,Repeat Customer
SO-20335,Sean O'Donnell,Consumer,6,2602.5755,-81.0858,52,2015-04-12,2017-09-09,433.76258333333334,-0.031155983755322376,Repeat Customer
SP-20545,Sibella Parks,Corporate,6,1306.086,-118.77570000000001,43,2014-10-13,2017-06-02,217.681,-0.09094018311198498,Repeat Customer
SP-20620,Stefania Perrino,Corporate,9,5440.319,-270.42819999999995,77,2014-08-09,2017-11-13,604.4798888888889,-0.04970815130509809,Repeat Customer
SP-20650,Stephanie Phelps,Corporate,9,1872.4360000000001,268.4782,71,2014-03-11,2016-12-11,208.04844444444447,0.14338444678483003,Repeat Customer
SP-20860,Sung Pak,Corporate,10,4282.94,566.7226,80,2014-12-15,2017-12-10,428.294,0.1323209290814254,Repeat Customer
SP-20920,Susan Pistek,Consumer,6,3990.689,14.692400000000003,57,2014-11-22,2017-10-21,665.1148333333333,0.003681670007359632,Repeat Customer
SR-20425,Sharelle Roach,Home Office,5,3233.481,-3333.9144,34,2014-06-14,2017-12-22,646.6962000000001,-1.031060457754352,Repeat Customer
SR-20740,Steven Roelle,Home Office,8,4345.8859999999995,1990.4243999999999,50,2014-02-20,2017-06-17,543.2357499999999,0.4580019816442493,Repeat Customer
SS-20140,Saphhira Shifley,Corporate,8,1324.028,332.3487,86,2014-11-23,2017-12-15,165.5035,0.25101334714975815,Repeat Customer
SS-20410,Shahid Shariari,Consumer,6,3056.8070000000002,-1010.9738,46,2014-05-30,2017-11-09,509.4678333333334,-0.33072869827895574,Repeat Customer
SS-20515,Shirley Schmidt,Home Office,3,613.4,199.93449999999999,36,2014-07-14,2016-08-26,204.46666666666667,0.32594473426801435,Repeat Customer
SS-20590,Sonia Sunley,Consumer,6,418.49,135.5401,17,2014-05-08,2016-10-24,69.74833333333333,0.3238789457334703,Repeat Customer
SS-20875,Sung Shariari,Consumer,5,964.636,-75.586,39,2014-12-14,2017-01-09,192.9272,-0.07835701756932148,Repeat Customer
ST-20530,Shui Tom,Consumer,7,433.34000000000003,84.4419,33,2014-02-14,2017-08-27,61.90571428571429,0.19486292518576637,Repeat Customer
SU-20665,Stephanie Ulpright,Home Office,7,2595.364,763.4719,61,2015-05-12,2017-10-12,370.76628571428574,0.2941675618525956,Repeat Customer
SV-20365,Seth Vernon,Consumer,10,11470.949999999999,1199.4242,109,2014-04-20,2017-09-20,1147.0949999999998,0.10456188894555377,Repeat Customer
SV-20785,Stewart Visinsky,Consumer,9,4105.305,485.0272,91,2014-02-06,2017-02-13,456.14500000000004,0.11814644709710971,Repeat Customer
SV-20815,Stuart Van,Corporate,4,1271.0900000000001,199.6502,24,2015-04-05,2017-10-15,317.77250000000004,0.15707007371625928,Repeat Customer
SV-20935,Susan Vittorini,Consumer,8,1903.491,106.8912,66,2016-03-19,2017-12-28,237.936375,0.0561553482522376,Repeat Customer
SW-20245,Scot Wooten,Consumer,7,1085.078,-19.60620000000001,33,2014-07-20,2017-10-10,155.01114285714286,-0.01806893145008931,Repeat Customer
SW-20275,Scott Williamson,Consumer,6,1966.65,332.8725,28,2014-10-03,2017-11-30,327.77500000000003,0.16925863778506597,Repeat Customer
SW-20350,Sean Wendt,Home Office,3,1019.044,95.8383,25,2016-04-17,2017-07-21,339.6813333333333,0.09404726390617088,Repeat Customer
SW-20455,Shaun Weien,Consumer,7,2921.544,793.6548,18,2015-06-09,2017-07-21,417.3634285714285,0.27165594630784273,Repeat Customer
SW-20755,Steven Ward,Corporate,2,758.6959999999999,68.2416,27,2014-02-11,2016-07-14,379.34799999999996,0.0899459071881228,Repeat Customer
SZ-20035,Sam Zeldin,Home Office,11,3625.329,366.43030000000005,69,2014-04-11,2017-11-25,329.57536363636365,0.10107504725777992,Repeat Customer
TA-21385,Tom Ashbrook,Home Office,4,14595.62,4703.7883,36,2014-12-09,2017-10-22,3648.905,0.32227396301082106,Repeat Customer
TB-21055,Ted Butterfield,Consumer,5,1467.881,390.2113,66,2016-06-17,2017-03-21,293.57620000000003,0.26583306139939133,Repeat Customer
TB-21175,Thomas Boland,Corporate,4,3589.296,829.1635,36,2014-08-12,2017-02-11,897.324,0.2310100643691688,Repeat Customer
TB-21190,Thomas Brumley,Home Office,4,816.1740000000001,179.0038,23,2014-12-27,2017-11-11,204.04350000000002,0.21932063506066107,Repeat Customer
TB-21250,Tim Brockman,Consumer,7,1602.376,260.6155,74,2014-08-12,2017-01-15,228.91085714285714,0.1626431624038303,Repeat Customer
TB-21280,Toby Braunhardt,Consumer,6,2198.45,490.9567,35,2014-01-12,2016-05-26,366.4083333333333,0.2233194750847188,Repeat Customer
TB-21355,Todd Boyes,Corporate,5,834.328,268.967,44,2016-01-25,2017-06-08,166.8656,0.322375612468957,Repeat Customer
TB-21400,Tom Boeckenhauer,Consumer,7,9133.99,2798.3689,55,2014-01-21,2017-11-06,1304.8557142857142,0.306368728233773,Repeat Customer
TB-21520,Tracy Blumstein,Consumer,9,4737.486,-1603.0451,85,2014-10-17,2017-09-14,526.3873333333333,-0.3383746358300584,Repeat Customer
TB-21595,Troy Blackwell,Consumer,5,1387.559,-136.4091,29,2014-02-18,2017-03-20,277.5118,-0.0983086845316127,Repeat Customer
TB-21625,Trudy Brown,Consumer,9,2797.668,379.882,60,2014-06-08,2017-11-30,310.85200000000003,0.13578523255797328,Repeat Customer
TC-20980,Tamara Chand,Corporate,5,19052.218,8981.323900000001,42,2014-07-11,2016-11-26,3810.4436,0.4714056862040945,Repeat Customer
TC-21145,Theresa Coyne,Corporate,1,1038.26,265.5332,17,2017-09-15,2017-09-15,1038.26,0.2557482711459558,One-Time Customer
TC-21295,Toby Carlisle,Consumer,8,4266.812,606.3727,63,2014-10-14,2017-11-14,533.3515,0.14211376081252233,Repeat Customer
TC-21475,Tony Chapman,Home Office,9,1244.976,119.104,45,2014-11-22,2017-07-30,138.33066666666667,0.09566770765058924,Repeat Customer
TC-21535,Tracy Collins,Home Office,7,742.5580000000001,217.933,28,2014-03-11,2017-12-26,106.0797142857143,0.2934895321308234,Repeat Customer
TD-20995,Tamara Dahlen,Consumer,9,1434.5480000000002,88.1897,67,2014-05-19,2017-11-23,159.39422222222225,0.061475600677007664,Repeat Customer
TG-21310,Toby Gnade,Consumer,5,3058.372,682.1704,30,2015-07-14,2017-01-27,611.6744,0.22305017179074357,Repeat Customer
TG-21640,Trudy Glocke,Consumer,4,2074.661,365.7205,50,2014-03-31,2017-07-09,518.66525,0.17627964279465416,Repeat Customer
TH-21100,Thea Hendricks,Consumer,5,2422.824,-135.2125,29,2014-09-27,2017-01-20,484.5648,-0.05580780939927952,Repeat Customer
TH-21115,Thea Hudgings,Corporate,4,2942.772,-252.5539,29,2014-09-23,2017-02-11,735.693,-0.08582176940653234,Repeat Customer
TH-21235,Tiffany House,Corporate,8,1022.201,92.729,40,2014-04-11,2017-08-06,127.775125,0.09071503549693259,Repeat Customer
TH-21550,Tracy Hopkins,Home Office,7,4234.0960000000005,-571.9678,44,2014-05-04,2017-10-19,604.8708571428572,-0.13508616715350807,Repeat Customer
TM-21010,Tamara Manning,Consumer,8,2955.2259999999997,573.3013,67,2014-02-21,2017-09-18,369.40324999999996,0.1939957553161755,Repeat Customer
TM-21490,Tony Molinari,Consumer,3,1094.6779999999999,292.52099999999996,12,2017-03-30,2017-08-22,364.8926666666666,0.2672210458235207,Repeat Customer
TN-21040,Tanja Norvell,Home Office,7,3130.221,-692.0452,48,2014-10-10,2017-01-10,447.17442857142856,-0.22108509271390103,Repeat Customer
TP-21130,Theone Pippenger,Consumer,9,4454.0560000000005,1129.1261,55,2015-04-14,2017-12-22,494.8951111111112,0.2535051422793067,Repeat Customer
TP-21415,Tom Prescott,Consumer,5,5329.0048,-1087.3898,39,2015-11-28,2017-09-17,1065.80096,-0.2040511954502274,Repeat Customer
TP-21565,Tracy Poddar,Corporate,4,1936.6399999999999,139.22869999999995,48,2015-01-03,2017-01-14,484.15999999999997,0.07189188491407797,Repeat Customer
TR-21325,Toby Ritter,Consumer,5,675.9419999999999,220.36440000000002,22,2014-01-12,2017-06-20,135.18839999999997,0.3260108115785083,Repeat Customer
TS-21085,Thais Sissman,Consumer,2,4.833,-3.3156,4,2015-07-19,2017-07-01,2.4165,-0.6860335195530726,Repeat Customer
TS-21160,Theresa Swint,Corporate,6,2163.6240000000003,260.87440000000004,60,2014-04-23,2016-08-13,360.60400000000004,0.12057289066861895,Repeat Customer
TS-21205,Thomas Seio,Corporate,7,5371.09,862.8877,67,2014-03-21,2017-06-15,767.2985714285714,0.16065411303850802,Repeat Customer
TS-21340,Toby Swindell,Consumer,5,974.7819999999999,-184.97889999999998,51,2014-01-19,2017-05-18,194.95639999999997,-0.18976437808658755,Repeat Customer
TS-21370,Todd Sumrall,Corporate,6,11891.751,2371.7144000000003,59,2014-10-28,2017-11-24,1981.9585,0.19944198293422055,Repeat Customer
TS-21430,Tom Stivers,Corporate,5,2054.14,48.70169999999999,31,2014-07-30,2017-11-07,410.828,0.023709046121491228,Repeat Customer
TS-21505,Tony Sayre,Consumer,6,2243.274,11.377899999999983,54,2014-12-20,2017-12-19,373.87899999999996,0.00507200636212963,Repeat Customer
TS-21610,Troy Staebel,Consumer,7,2820.424,-294.6981,44,2014-08-16,2017-12-06,402.9177142857143,-0.10448716221390827,Repeat Customer
TS-21655,Trudy Schmidt,Consumer,5,3368.094,220.91629999999998,52,2015-04-25,2017-06-05,673.6188,0.06559089502846416,Repeat Customer
TT-21070,Ted Trevino,Consumer,7,4915.602,751.9567,66,2014-05-18,2017-11-29,702.2288571428571,0.15297347100111033,Repeat Customer
TT-21220,Thomas Thornton,Consumer,8,1427.0439999999999,278.7371,55,2014-09-23,2017-06-30,178.38049999999998,0.1953248112882294,Repeat Customer
TT-21265,Tim Taslimi,Corporate,3,439.5,93.9162,8,2015-08-15,2016-11-19,146.5,0.2136887372013652,Repeat Customer
TT-21460,Tonja Turnell,Home Office,7,5364.808,1124.4999,48,2015-08-12,2017-12-18,766.4011428571429,0.20960673709105712,Repeat Customer
TW-21025,Tamara Willingham,Home Office,7,5278.826,737.3905,57,2014-12-22,2017-10-27,754.118,0.13968835115989806,Repeat Customer
TZ-21580,Tracy Zic,Consumer,4,1707.286,224.8887,30,2014-11-11,2017-11-25,426.8215,0.13172292164288818,Repeat Customer
VB-21745,Victoria Brennan,Corporate,6,2005.596,371.2398,37,2015-07-17,2017-08-03,334.266,0.18510198464695782,Repeat Customer
VD-21670,Valerie Dominguez,Consumer,6,6442.254,1617.7874000000002,71,2014-04-08,2016-05-28,1073.709,0.2511213311365867,Repeat Customer
VF-21715,Vicky Freymann,Home Office,5,847.944,-96.27799999999999,35,2014-01-03,2017-12-17,169.5888,-0.11354287547290859,Repeat Customer
VG-21790,Vivek Gonzalez,Consumer,6,846.01,143.6268,32,2014-08-08,2017-08-07,141.00166666666667,0.16976962447252397,Repeat Customer
VG-21805,Vivek Grady,Corporate,5,427.372,-52.333,16,2014-09-22,2017-03-19,85.4744,-0.12245303857061295,Repeat Customer
VM-21685,Valerie Mitchum,Home Office,7,2454.866,513.5269,37,2014-07-04,2017-07-16,350.69514285714286,0.20918734464528815,Repeat Customer
VM-21835,Vivian Mathis,Consumer,5,380.69,116.6373,25,2014-03-22,2017-04-09,76.138,0.30638393443484196,Repeat Customer
VP-21730,Victor Preis,Home Office,3,993.9019999999999,205.3888,18,2015-05-07,2017-11-30,331.30066666666664,0.2066489452682458,Repeat Customer
VP-21760,Victoria Pisteka,Corporate,7,3360.526,-1018.7768,65,2014-06-09,2017-10-16,480.07514285714285,-0.303159921988403,Repeat Customer
VS-21820,Vivek Sundaresam,Consumer,4,1055.981,-262.8093,38,2014-07-01,2017-05-23,263.99525,-0.24887692108096643,Repeat Customer
VT-21700,Valerie Takahito,Home Office,2,1736.596,-224.08889999999997,42,2014-06-06,2015-05-04,868.298,-0.12903916627701548,Repeat Customer
VW-21775,Victoria Wilson,Corporate,10,6134.0380000000005,-874.6645,77,2014-07-15,2017-11-17,613.4038,-0.14259195981505166,Repeat Customer
WB-21850,William Brown,Consumer,11,6160.102,714.3311,146,2014-04-11,2017-11-11,560.0092727272727,0.11596092077696116,Repeat Customer
XP-21865,Xylona Preis,Consumer,11,2374.658,621.23,100,2014-01-20,2017-11-17,215.878,0.26160819789628653,Repeat Customer
YC-21895,Yoseph Carroll,Corporate,5,5454.35,1305.629,31,2014-11-17,2017-12-26,1090.8700000000001,0.23937389423120992,Repeat Customer
YS-21880,Yana Sorensen,Corporate,8,6720.4439999999995,1778.2923,58,2015-07-25,2017-12-21,840.0554999999999,0.2646093472395574,Repeat Customer
ZC-21910,Zuschuss Carroll,Consumer,13,8025.707,-1032.1490000000001,105,2014-10-13,2017-11-06,617.362076923077,-0.12860536772648193,Repeat Customer
ZD-21925,Zuschuss Donatelli,Consumer,5,1493.944,249.1307,32,2014-08-27,2017-11-06,298.7888,0.16676040065758824,Repeat Customer
