Product ID,Product Name,Category,Sub-Category,Orders,Quantity,Sales,Profit,Avg_Discount,Profit_Margin
FUR-BO-10000112,"Bush Birmingham Collection Bookcase, Dark Cherry",Furniture,Bookcases,1,9,825.174,-117.882,0.3,-0.14285714285714288
FUR-BO-10000330,"Sauder Camden County Barrister Bookcase, Planked Cherry Finish",Furniture,Bookcases,3,10,1064.624,24.196,0.09999999999999999,0.022727272727272728
FUR-BO-10000362,Sauder Inglewood Library Bookcases,Furniture,Bookcases,5,14,2154.348,311.1836,0.13,0.14444444444444446
FUR-BO-10000468,O'Sullivan 2-Shelf Heavy-Duty Bookcases,Furniture,Bookcases,6,21,723.842,-133.1092,0.18333333333333335,-0.18389261744966443
FUR-BO-10000711,"Hon Metal Bookcases, Gray",Furniture,Bookcases,2,12,851.76,229.9752,0.0,0.27
FUR-BO-10000780,O'Sullivan Plantations 2-Door Library in Landvery Oak,Furniture,Bookcases,5,22,2946.3668,-767.7436,0.332,-0.2605729877216917
FUR-BO-10001337,O'Sullivan Living Dimensions 2-Shelf Bookcases,Furniture,Bookcases,10,28,2970.059,-78.637,0.11000000000000001,-0.026476578411405292
FUR-BO-10001519,O'Sullivan 3-Shelf Heavy-Duty Bookcases,Furniture,Bookcases,5,22,1119.195,147.0942,0.16999999999999998,0.13142857142857145
FUR-BO-10001567,"Bush Westfield Collection Bookcases, Dark Cherry Finish, Fully Assembled",Furniture,Bookcases,1,3,90.882,-190.8522,0.7,-2.1
FUR-BO-10001601,"Sauder Mission Library with Doors, Fruitwood Finish",Furniture,Bookcases,3,10,935.1972,-125.74080000000001,0.26333333333333336,-0.13445378151260506
FUR-BO-10001608,"Hon Metal Bookcases, Black",Furniture,Bookcases,5,30,1570.0775999999998,-26.972399999999993,0.244,-0.01717902350813743
FUR-BO-10001619,O'Sullivan Cherrywood Estates Traditional Bookcase,Furniture,Bookcases,2,6,424.90000000000003,27.193599999999996,0.1,0.06399999999999999
FUR-BO-10001798,Bush Somerset Collection Bookcase,Furniture,Bookcases,4,12,1263.9569999999999,-56.3214,0.21250000000000002,-0.04455958549222798
FUR-BO-10001811,"Atlantic Metals Mobile 5-Shelf Bookcases, Custom Colors",Furniture,Bookcases,8,26,5492.885,15.049,0.31625,0.00273972602739726
FUR-BO-10001918,"Sauder Forest Hills Library with Doors, Woodland Oak Finish",Furniture,Bookcases,3,10,1014.174,-418.548,0.2833333333333333,-0.41269841269841273
FUR-BO-10001972,O'Sullivan 4-Shelf Bookcase in Odessa Pine,Furniture,Bookcases,7,37,2740.197,-975.0988,0.4214285714285714,-0.355849889624724
FUR-BO-10002202,"Atlantic Metals Mobile 2-Shelf Bookcases, Custom Colors",Furniture,Bookcases,2,3,400.0268,-113.2606,0.51,-0.28313253012048195
FUR-BO-10002206,"Bush Saratoga Collection 5-Shelf Bookcase, Hanover Cherry, *Special Order",Furniture,Bookcases,1,1,119.833,-12.6882,0.15,-0.10588235294117647
FUR-BO-10002213,DMI Eclipse Executive Suite Bookcases,Furniture,Bookcases,6,27,11046.609,90.17640000000002,0.18333333333333335,0.00816326530612245
FUR-BO-10002213,"Sauder Forest Hills Library, Woodland Oak Finish",Furniture,Bookcases,4,15,1875.034,-70.49,0.125,-0.03759398496240601
FUR-BO-10002268,Sauder Barrister Bookcases,Furniture,Bookcases,3,16,754.7336,-294.7672,0.4066666666666667,-0.3905579399141631
FUR-BO-10002545,"Atlantic Metals Mobile 3-Shelf Bookcases, Custom Colors",Furniture,Bookcases,8,35,7539.7122,780.3302,0.18375,0.10349601938386985
FUR-BO-10002598,"Hon Metal Bookcases, Putty",Furniture,Bookcases,5,19,1320.228,362.70779999999996,0.04,0.27473118279569886
FUR-BO-10002613,"Atlantic Metals Mobile 4-Shelf Bookcases, Custom Colors",Furniture,Bookcases,6,27,5184.081,-126.44099999999996,0.26666666666666666,-0.024390243902439015
FUR-BO-10002824,Bush Mission Pointe Library,Furniture,Bookcases,3,6,748.8608,24.156800000000004,0.17333333333333334,0.03225806451612904
FUR-BO-10002853,O'Sullivan 5-Shelf Heavy-Duty Bookcases,Furniture,Bookcases,4,9,540.804,-12.290999999999997,0.175,-0.02272727272727272
FUR-BO-10002916,"Rush Hierlooms Collection 1"" Thick Stackable Bookcases",Furniture,Bookcases,4,15,2487.759,410.352,0.0375,0.16494845360824742
FUR-BO-10003034,"O'Sullivan Elevations Bookcase, Cherry Finish",Furniture,Bookcases,5,18,1912.308,-68.1096,0.2,-0.03561643835616438
FUR-BO-10003159,"Sauder Camden County Collection Libraries, Planked Cherry Finish",Furniture,Bookcases,7,19,1909.8178,-78.18639999999999,0.1457142857142857,-0.04093919325707405
FUR-BO-10003272,O'Sullivan Living Dimensions 5-Shelf Bookcases,Furniture,Bookcases,6,21,3420.7704,-755.7516,0.24,-0.22093023255813957
FUR-BO-10003404,"Global Adaptabilites Bookcase, Cherry/Storm Gray Finish",Furniture,Bookcases,2,8,3447.84,206.87040000000002,0.0,0.060000000000000005
FUR-BO-10003433,Sauder Cornerstone Collection Library,Furniture,Bookcases,3,14,322.192,-81.16760000000001,0.2333333333333333,-0.2519230769230769
FUR-BO-10003441,"Bush Westfield Collection Bookcases, Fully Assembled",Furniture,Bookcases,6,18,1473.2982000000002,73.71539999999999,0.19499999999999998,0.05003427004797805
FUR-BO-10003450,"Bush Westfield Collection Bookcases, Dark Cherry Finish",Furniture,Bookcases,3,14,649.376,-97.4064,0.2333333333333333,-0.15000000000000002
FUR-BO-10003546,Hon 4-Shelf Metal Bookcases,Furniture,Bookcases,4,22,1474.308,-191.86200000000002,0.25,-0.13013698630136988
FUR-BO-10003660,"Bush Cubix Collection Bookcases, Fully Assembled",Furniture,Bookcases,3,4,729.2339999999999,48.6156,0.2333333333333333,0.06666666666666668
FUR-BO-10003893,Sauder Camden County Collection Library,Furniture,Bookcases,2,16,1368.2620000000002,-103.482,0.235,-0.07563025210084033
FUR-BO-10003894,"Safco Value Mate Steel Bookcase, Baked Enamel Finish on Steel, Black",Furniture,Bookcases,3,14,802.074,106.47,0.19999999999999998,0.13274336283185842
FUR-BO-10003965,O'Sullivan Manor Hill 2-Door Library in Brianna Oak,Furniture,Bookcases,4,12,1646.9180000000001,-285.9484,0.2475,-0.17362637362637362
FUR-BO-10003966,"Sauder Facets Collection Library, Sky Alder Finish",Furniture,Bookcases,4,10,1427.683,-8.549,0.15,-0.005988023952095808
FUR-BO-10004015,"Bush Andora Bookcase, Maple/Graphite Gray Finish",Furniture,Bookcases,9,34,3317.7235,135.58870000000002,0.16666666666666666,0.04086799276672695
FUR-BO-10004218,"Bush Heritage Pine Collection 5-Shelf Bookcase, Albany Pine Finish, *Special Order",Furniture,Bookcases,8,34,3626.0056,-208.6504,0.23375,-0.05754276827371695
FUR-BO-10004357,O'Sullivan Living Dimensions 3-Shelf Bookcases,Furniture,Bookcases,4,17,2904.161,-170.83299999999997,0.2,-0.05882352941176469
FUR-BO-10004360,Rush Hierlooms Collection Rich Wood Bookcases,Furniture,Bookcases,2,4,489.37919999999997,-70.8312,0.16,-0.14473684210526316
FUR-BO-10004409,"Safco Value Mate Series Steel Bookcases, Baked Enamel Finish on Steel, Gray",Furniture,Bookcases,6,17,858.858,-9.93719999999999,0.245,-0.011570247933884286
FUR-BO-10004467,Bestar Classic Bookcase,Furniture,Bookcases,8,31,1897.8102,-612.9386999999999,0.315,-0.32297154899894626
FUR-BO-10004690,O'Sullivan Cherrywood Estates Traditional Barrister Bookcase,Furniture,Bookcases,2,9,1072.344,-78.36359999999999,0.15,-0.07307692307692307
FUR-BO-10004695,O'Sullivan 2-Door Barrister Bookcase in Odessa Pine,Furniture,Bookcases,7,31,4886.46,566.4674,0.15,0.11592592592592592
FUR-BO-10004709,"Bush Westfield Collection Bookcases, Medium Cherry Finish",Furniture,Bookcases,9,32,1426.8878,-20.293,0.23000000000000004,-0.014221861032100772
FUR-BO-10004834,"Riverside Palais Royal Lawyers Bookcase, Royale Cherry Finish",Furniture,Bookcases,5,24,15610.9656,-669.5448000000001,0.23399999999999999,-0.042889390519187366
FUR-CH-10000015,Hon Multipurpose Stacking Arm Chairs,Furniture,Chairs,6,36,6584.64,814.416,0.13333333333333333,0.12368421052631579
FUR-CH-10000155,Global Comet Stacking Armless Chair,Furniture,Chairs,6,14,3528.79,514.366,0.16666666666666666,0.14576271186440679
FUR-CH-10000225,"Global Geo Office Task Chair, Gray",Furniture,Chairs,7,25,1757.266,-166.00900000000001,0.17142857142857146,-0.09447004608294932
FUR-CH-10000229,Global Enterprise Series Seating High-Back Swivel/Tilt Chairs,Furniture,Chairs,4,10,2032.35,-460.666,0.25,-0.22666666666666668
FUR-CH-10000309,Global Comet Stacking Arm Chair,Furniture,Chairs,5,17,6084.144,697.1415,0.16,0.11458333333333331
FUR-CH-10000422,Global Highback Leather Tilter in Burgundy,Furniture,Chairs,9,34,2647.809,49.13459999999999,0.14444444444444446,0.01855670103092783
FUR-CH-10000454,"Hon Deluxe Fabric Upholstered Stacking Chairs, Rounded Back",Furniture,Chairs,12,51,10637.528,1927.442,0.14166666666666666,0.1811926605504587
FUR-CH-10000513,High-Back Leather Manager's Chair,Furniture,Chairs,9,42,4770.633,-197.5848,0.16666666666666666,-0.04141689373297003
FUR-CH-10000553,"Metal Folding Chairs, Beige, 4/Carton",Furniture,Chairs,5,23,685.588,115.7354,0.12,0.16881188118811882
FUR-CH-10000595,Safco Contoured Stacking Chairs,Furniture,Chairs,8,27,5697.76,870.16,0.125,0.1527196652719665
FUR-CH-10000665,"Global Airflow Leather Mesh Back Chair, Black",Furniture,Chairs,9,32,3955.676,573.7239999999999,0.15555555555555556,0.1450381679389313
FUR-CH-10000749,Office Star - Ergonomic Mid Back Chair with 2-Way Adjustable Arms,Furniture,Chairs,2,13,2207.956,231.6544,0.1,0.10491803278688525
FUR-CH-10000785,Global Ergonomic Managers Chair,Furniture,Chairs,11,39,6008.536,785.4532,0.13636363636363635,0.13072289156626507
FUR-CH-10000847,Global Executive Mid-Back Manager's Chair,Furniture,Chairs,6,18,4626.582,750.7284000000001,0.11666666666666665,0.16226415094339622
FUR-CH-10000863,Novimex Swivel Fabric Task Chair,Furniture,Chairs,8,25,2913.9139999999998,-445.391,0.2,-0.1528497409326425
FUR-CH-10000988,Hon Olson Stacker Stools,Furniture,Chairs,10,44,5294.456,833.5952,0.16,0.1574468085106383
FUR-CH-10001146,"Global Task Chair, Black",Furniture,Chairs,5,12,463.099,-80.4062,0.24,-0.17362637362637362
FUR-CH-10001146,"Global Value Mid-Back Manager's Chair, Gray",Furniture,Chairs,10,39,1978.925,197.89249999999998,0.16,0.09999999999999999
FUR-CH-10001190,Global Deluxe High-Back Office Chair in Storm,Furniture,Chairs,3,10,1087.92,-149.589,0.20000000000000004,-0.13749999999999998
FUR-CH-10001215,Global Troy Executive Leather Low-Back Tilter,Furniture,Chairs,9,32,12975.382,951.8620000000001,0.2,0.07335907335907337
FUR-CH-10001270,Harbour Creations Steel Folding Chair,Furniture,Chairs,8,34,2389.125,336.375,0.1625,0.1407942238267148
FUR-CH-10001394,Global Leather Executive Chair,Furniture,Chairs,7,21,5861.532999999999,701.98,0.18571428571428572,0.11976047904191618
FUR-CH-10001482,Office Star - Mesh Screen back chair with Vinyl seat,Furniture,Chairs,7,20,2200.464,-130.98,0.14285714285714285,-0.05952380952380952
FUR-CH-10001545,Hon Comfortask Task/Swivel Chairs,Furniture,Chairs,6,18,1686.904,-36.473600000000005,0.15,-0.021621621621621623
FUR-CH-10001708,Office Star - Contemporary Swivel Chair with Padded Adjustable Arms and Flex Back,Furniture,Chairs,7,32,3989.734,425.75960000000003,0.15714285714285717,0.10671378091872792
FUR-CH-10001714,"Global Leather & Oak Executive Chair, Burgundy",Furniture,Chairs,5,13,1689.968,-114.6764,0.18,-0.06785714285714285
FUR-CH-10001797,"Safco Chair Connectors, 6/Carton",Furniture,Chairs,4,26,881.192,170.8512,0.15,0.19388646288209607
FUR-CH-10001802,Hon Every-Day Chair Series Swivel Task Chairs,Furniture,Chairs,3,10,967.84,12.097999999999999,0.19999999999999998,0.012499999999999999
FUR-CH-10001854,Office Star - Professional Matrix Back Chair with 2-to-1 Synchro Tilt and Mesh Fabric Seat,Furniture,Chairs,8,28,8774.5,1305.6456,0.1,0.14880000000000002
FUR-CH-10001891,Global Deluxe Office Fabric Chairs,Furniture,Chairs,6,17,1420.504,229.3922,0.11666666666666668,0.1614864864864865
FUR-CH-10001973,Office Star Flex Back Scooter Chair with White Frame,Furniture,Chairs,7,21,1775.68,-228.61880000000002,0.21428571428571427,-0.12875
FUR-CH-10002017,SAFCO Optional Arm Kit for Workspace Cribbage Stacking Chair,Furniture,Chairs,5,12,245.088,14.9184,0.2,0.06086956521739131
FUR-CH-10002024,HON 5400 Series Task Chairs for Big and Tall,Furniture,Chairs,8,39,21870.576,5.684341886080802e-14,0.2,2.599081929109138e-18
FUR-CH-10002044,"Office Star - Contemporary Task Swivel chair with 2-way adjustable arms, Plum",Furniture,Chairs,2,7,694.194,-158.48579999999998,0.25,-0.2283018867924528
FUR-CH-10002073,Hon Olson Stacker Chairs,Furniture,Chairs,4,22,5427.99,1292.1264,0.07500000000000001,0.2380487804878049
FUR-CH-10002084,Hon Mobius Operator's Chair,Furniture,Chairs,5,23,2705.7799999999997,499.3394,0.04,0.18454545454545457
FUR-CH-10002126,Hon Deluxe Fabric Upholstered Stacking Chairs,Furniture,Chairs,4,15,2586.1879999999996,-48.796,0.275,-0.01886792452830189
FUR-CH-10002304,"Global Stack Chair without Arms, Black",Furniture,Chairs,7,44,901.506,44.166000000000004,0.17142857142857143,0.048991354466858796
FUR-CH-10002317,Global Enterprise Series Seating Low-Back Swivel/Tilt Chairs,Furniture,Chairs,1,1,207.184,25.898,0.2,0.125
FUR-CH-10002320,Hon Pagoda Stacking Chairs,Furniture,Chairs,4,22,6483.796,1540.704,0.1,0.2376237623762376
FUR-CH-10002331,Hon 4700 Series Mobuis Mid-Back Task Chairs with Adjustable Arms,Furniture,Chairs,6,24,7582.374,832.9932000000001,0.13333333333333333,0.10985915492957748
FUR-CH-10002335,Hon GuestStacker Chair,Furniture,Chairs,9,34,6936.102,1233.0848,0.1111111111111111,0.17777777777777778
FUR-CH-10002372,Office Star - Ergonomically Designed Knee Chair,Furniture,Chairs,7,19,1311.876,-42.1096,0.17142857142857143,-0.03209876543209877
FUR-CH-10002439,"Iceberg Nesting Folding Chair, 19w x 6d x 43h",Furniture,Chairs,6,31,1589.406,253.8392,0.11666666666666668,0.15970695970695972
FUR-CH-10002602,DMI Arturo Collection Mission-style Design Wood Chair,Furniture,Chairs,11,37,4619.987999999999,486.15560000000005,0.19090909090909092,0.10522875816993467
FUR-CH-10002647,"Situations Contoured Folding Chairs, 4/Set",Furniture,Chairs,15,64,3641.274,234.234,0.18000000000000002,0.06432748538011697
FUR-CH-10002758,"Hon Deluxe Fabric Upholstered Stacking Chairs, Squared Back",Furniture,Chairs,2,7,1268.696,73.194,0.25,0.057692307692307696
FUR-CH-10002774,"Global Deluxe Stacking Chair, Gray",Furniture,Chairs,7,19,764.7,76.9798,0.21428571428571427,0.10066666666666665
FUR-CH-10002780,Office Star - Task Chair with Contemporary Loop Arms,Furniture,Chairs,2,8,600.4680000000001,47.3096,0.15000000000000002,0.07878787878787878
FUR-CH-10002880,"Global High-Back Leather Tilter, Burgundy",Furniture,Chairs,14,54,5436.158,-474.7414,0.18571428571428572,-0.08733031674208144
FUR-CH-10002961,"Leather Task Chair, Black",Furniture,Chairs,6,19,1437.484,54.588,0.19999999999999998,0.0379746835443038
FUR-CH-10002965,"Global Leather Highback Executive Chair with Pneumatic Height Adjustment, Black",Furniture,Chairs,10,39,5989.204,267.3034,0.22727272727272727,0.04463087248322148
FUR-CH-10003061,"Global Leather Task Chair, Black",Furniture,Chairs,8,19,1448.839,63.8929,0.1375,0.044099378881987575
FUR-CH-10003199,Office Star - Contemporary Task Swivel Chair,Furniture,Chairs,6,20,1842.268,155.372,0.18333333333333335,0.08433734939759037
FUR-CH-10003298,"Office Star - Contemporary Task Swivel chair with Loop Arms, Charcoal",Furniture,Chairs,9,35,3680.538,-491.175,0.18888888888888888,-0.13345195729537368
FUR-CH-10003312,Hon 2090 “Pillow Soft” Series Mid Back Swivel/Tilt Chairs,Furniture,Chairs,6,24,5282.424,-989.0496,0.21666666666666667,-0.1872340425531915
FUR-CH-10003379,Global Commerce Series High-Back Swivel/Tilt Chairs,Furniture,Chairs,9,33,7979.4400000000005,926.1850000000001,0.16666666666666666,0.11607142857142858
FUR-CH-10003396,Global Deluxe Steno Chair,Furniture,Chairs,10,29,1770.54,-216.31380000000001,0.21000000000000002,-0.12217391304347827
FUR-CH-10003535,"Global Armless Task Chair, Royal Blue",Furniture,Chairs,8,28,1396.442,-20.733200000000004,0.175,-0.014847161572052405
FUR-CH-10003606,SAFCO Folding Chair Trolley,Furniture,Chairs,3,6,705.32,151.3232,0.16666666666666666,0.21454545454545454
FUR-CH-10003746,Hon 4070 Series Pagoda Round Back Stacking Chairs,Furniture,Chairs,7,21,5906.032,1052.8144,0.14285714285714285,0.1782608695652174
FUR-CH-10003761,Global Italian Leather Office Chair,Furniture,Chairs,2,8,969.252,204.3288,0.15,0.21081081081081082
FUR-CH-10003774,"Global Wood Trimmed Manager's Task Chair, Khaki",Furniture,Chairs,14,59,4166.884,-503.1194,0.2285714285714286,-0.12074235807860262
FUR-CH-10003817,"Global Value Steno Chair, Gray",Furniture,Chairs,10,43,2204.862,245.99699999999999,0.16,0.11157024793388429
FUR-CH-10003833,Novimex Fabric Task Chair,Furniture,Chairs,9,39,1890.3799999999999,-131.107,0.1888888888888889,-0.06935483870967743
FUR-CH-10003846,Hon Valutask Swivel Chairs,Furniture,Chairs,4,13,1242.054,139.3524,0.07500000000000001,0.1121951219512195
FUR-CH-10003956,Novimex High-Tech Fabric Mesh Task Chair,Furniture,Chairs,4,16,922.74,-133.4424,0.15000000000000002,-0.14461538461538462
FUR-CH-10003968,Novimex Turbo Task Chair,Furniture,Chairs,6,22,1341.5220000000002,-32.6508,0.13333333333333333,-0.024338624338624333
FUR-CH-10003973,GuestStacker Chair with Chrome Finish Legs,Furniture,Chairs,8,31,9070.944,773.2608,0.225,0.08524590163934427
FUR-CH-10003981,Global Commerce Series Low-Back Swivel/Tilt Chairs,Furniture,Chairs,7,24,4420.056,41.1168,0.2714285714285714,0.009302325581395349
FUR-CH-10004063,Global Deluxe High-Back Manager's Chair,Furniture,Chairs,8,35,8665.194,1558.5910000000001,0.1875,0.17986798679867988
FUR-CH-10004086,Hon 4070 Series Pagoda Armless Upholstered Stacking Chairs,Furniture,Chairs,8,34,8430.997,1388.6348,0.1875,0.1647058823529412
FUR-CH-10004218,"Global Fabric Manager's Chair, Dark Gray",Furniture,Chairs,9,35,3150.576,499.851,0.13333333333333333,0.15865384615384615
FUR-CH-10004287,SAFCO Arco Folding Chair,Furniture,Chairs,13,53,11572.78,1179.374,0.2,0.10190930787589499
FUR-CH-10004289,Global Super Steno Chair,Furniture,Chairs,7,30,2389.902,-1.7763568394002505e-15,0.14285714285714285,-7.432760169246482e-19
FUR-CH-10004477,"Global Push Button Manager's Chair, Indigo",Furniture,Chairs,9,44,2185.951,283.7474,0.2,0.12980501392757662
FUR-CH-10004495,"Global Leather and Oak Executive Chair, Black",Furniture,Chairs,8,26,6410.874,854.7832000000001,0.175,0.13333333333333336
FUR-CH-10004540,Global Chrome Stack Chair,Furniture,Chairs,6,32,815.864,15.0832,0.26666666666666666,0.018487394957983194
FUR-CH-10004626,Office Star Flex Back Scooter Chair with Aluminum Finish Frame,Furniture,Chairs,6,20,1947.1770000000001,413.649,0.05000000000000001,0.21243523316062174
FUR-CH-10004675,"Lifetime Advantage Folding Chairs, 4/Carton",Furniture,Chairs,7,27,5212.112,972.6368,0.14285714285714285,0.18661087866108786
FUR-CH-10004698,"Padded Folding Chairs, Black, 4/Carton",Furniture,Chairs,8,30,1830.148,80.97999999999999,0.225,0.04424778761061947
FUR-CH-10004754,"Global Stack Chair with Arms, Black",Furniture,Chairs,7,31,803.464,125.0166,0.14285714285714285,0.15559701492537312
FUR-CH-10004853,"Global Manager's Adjustable Task Chair, Storm",Furniture,Chairs,6,23,2959.208,493.7046,0.11666666666666665,0.16683673469387755
FUR-CH-10004860,Global Low Back Tilter Chair,Furniture,Chairs,8,21,1746.9540000000002,-246.3912,0.1875,-0.14104046242774565
FUR-CH-10004875,Harbour Creations 67200 Series Stacking Chairs,Furniture,Chairs,8,24,1501.8980000000001,254.8244,0.1375,0.1696682464454976
FUR-CH-10004886,Bevis Steel Folding Chairs,Furniture,Chairs,6,24,1775.075,117.059,0.21666666666666667,0.06594594594594594
FUR-CH-10004983,Office Star - Mid Back Dual function Ergonomic High Back Chair with 2-Way Adjustable Arms,Furniture,Chairs,5,31,4185.48,342.88739999999996,0.16,0.08192307692307692
FUR-CH-10004997,Hon Every-Day Series Multi-Task Chairs,Furniture,Chairs,10,43,6748.482,281.96999999999997,0.16,0.04178272980501392
FUR-FU-10000010,"DAX Value U-Channel Document Frames, Easel Back",Furniture,Furnishings,10,36,175.938,52.4832,0.06,0.2983050847457627
FUR-FU-10000023,Eldon Wave Desk Accessories,Furniture,Furnishings,9,45,236.77800000000002,88.35,0.19999999999999998,0.3731343283582089
FUR-FU-10000073,Deflect-O Glasstique Clear Desk Accessories,Furniture,Furnishings,3,17,124.74,37.037,0.06666666666666667,0.2969135802469136
FUR-FU-10000076,24-Hour Round Wall Clock,Furniture,Furnishings,6,27,487.512,180.0198,0.06666666666666667,0.36926229508196723
FUR-FU-10000087,"Executive Impressions 14"" Two-Color Numerals Wall Clock",Furniture,Furnishings,6,16,308.99199999999996,94.51520000000001,0.13333333333333333,0.30588235294117655
FUR-FU-10000175,DAX Wood Document Frame.,Furniture,Furnishings,4,16,159.268,7.6888000000000005,0.35,0.048275862068965524
FUR-FU-10000193,Tenex Chairmats For Use with Hard Floors,Furniture,Furnishings,6,20,467.712,-129.92,0.26666666666666666,-0.27777777777777773
FUR-FU-10000206,"GE General Purpose, Extra Long Life, Showcase & Floodlight Incandescent Bulbs",Furniture,Furnishings,7,20,45.396,14.55,0.2285714285714286,0.32051282051282054
FUR-FU-10000221,"Master Caster Door Stop, Brown",Furniture,Furnishings,9,38,176.784,49.3776,0.1111111111111111,0.2793103448275862
FUR-FU-10000222,"Seth Thomas 16"" Steel Case Clock",Furniture,Furnishings,5,19,441.72799999999995,28.257600000000004,0.24,0.06397058823529413
FUR-FU-10000246,Aluminum Document Frame,Furniture,Furnishings,5,22,244.39999999999998,56.211999999999996,0.08,0.23
FUR-FU-10000260,"6"" Cubicle Wall Clock, Black",Furniture,Furnishings,4,19,124.586,26.211599999999997,0.2,0.21038961038961038
FUR-FU-10000277,Deflect-o DuraMat Antistatic Studded Beveled Mat for Medium Pile Carpeting,Furniture,Furnishings,5,18,1685.44,244.3888,0.16,0.145
FUR-FU-10000293,Eldon Antistatic Chair Mats for Low to Medium Pile Carpets,Furniture,Furnishings,4,14,1431.944,46.3276,0.05,0.032352941176470584
FUR-FU-10000305,"Tenex V2T-RE Standard Weight Series Chair Mat, 45"" x 53"", Lip 25"" x 12""",Furniture,Furnishings,3,7,468.46799999999996,51.105599999999995,0.06666666666666667,0.10909090909090909
FUR-FU-10000308,Deflect-o Glass Clear Studded Chair Mats,Furniture,Furnishings,7,26,1579.3719999999998,318.3616,0.028571428571428574,0.20157480314960632
FUR-FU-10000320,OIC Stacking Trays,Furniture,Furnishings,6,30,82.832,26.720000000000002,0.16666666666666666,0.32258064516129037
FUR-FU-10000397,Luxo Economy Swing Arm Lamp,Furniture,Furnishings,5,17,338.98,94.9144,0.0,0.27999999999999997
FUR-FU-10000409,"GE 4 Foot Flourescent Tube, 40 Watt",Furniture,Furnishings,3,7,98.868,42.2436,0.06666666666666667,0.4272727272727273
FUR-FU-10000448,Tenex Chairmats For Use With Carpeted Floors,Furniture,Furnishings,4,11,175.78,8.789,0.0,0.049999999999999996
FUR-FU-10000521,"Seth Thomas 14"" Putty-Colored Wall Clock",Furniture,Furnishings,4,13,357.948,94.7682,0.05,0.2647540983606557
FUR-FU-10000550,Stacking Trays by OIC,Furniture,Furnishings,6,19,72.708,9.3126,0.2333333333333333,0.12808219178082192
FUR-FU-10000576,Luxo Professional Fluorescent Magnifier Lamp with Clamp-Mount Base,Furniture,Furnishings,5,23,3861.056,289.5791999999999,0.2,0.07499999999999997
FUR-FU-10000629,9-3/4 Diameter Round Wall Clock,Furniture,Furnishings,8,34,455.07,183.1312,0.05,0.40242424242424246
FUR-FU-10000672,"Executive Impressions 10"" Spectator Wall Clock",Furniture,Furnishings,5,22,258.72,87.9648,0.0,0.33999999999999997
FUR-FU-10000719,"DAX Cubicle Frames, 8-1/2 x 11",Furniture,Furnishings,4,17,145.69,52.4484,0.0,0.36
FUR-FU-10000723,"Deflect-o EconoMat Studded, No Bevel Mat for Low Pile Carpeting",Furniture,Furnishings,9,33,1115.6399999999999,-125.1996,0.17777777777777778,-0.11222222222222224
FUR-FU-10000732,Eldon 200 Class Desk Accessories,Furniture,Furnishings,7,22,133.136,39.187200000000004,0.028571428571428574,0.2943396226415095
FUR-FU-10000747,Tenex B1-RE Series Chair Mats for Low Pile Carpets,Furniture,Furnishings,7,23,1002.3639999999999,124.6058,0.028571428571428574,0.1243119266055046
FUR-FU-10000755,Eldon Expressions Mahogany Wood Desk Collection,Furniture,Furnishings,2,15,93.6,23.4,0.0,0.25
FUR-FU-10000758,DAX Natural Wood-Tone Poster Frame,Furniture,Furnishings,5,23,513.712,123.9264,0.2,0.24123711340206186
FUR-FU-10000771,"Eldon 200 Class Desk Accessories, Smoke",Furniture,Furnishings,4,22,138.16,58.0272,0.0,0.42000000000000004
FUR-FU-10000794,"Eldon Stackable Tray, Side-Load, Legal, Smoke",Furniture,Furnishings,5,17,155.38,52.8292,0.0,0.34
FUR-FU-10000820,Tensor Brushed Steel Torchiere Floor Lamp,Furniture,Furnishings,4,10,146.11399999999998,6.795999999999999,0.19999999999999998,0.04651162790697675
FUR-FU-10000965,"Howard Miller 11-1/2"" Diameter Ridgewood Wall Clock",Furniture,Furnishings,6,24,1184.232,448.76160000000004,0.09999999999999999,0.3789473684210527
FUR-FU-10001025,"Eldon Imàge Series Desk Accessories, Clear",Furniture,Furnishings,3,17,53.46,6.3666,0.26666666666666666,0.1190909090909091
FUR-FU-10001037,"DAX Charcoal/Nickel-Tone Document Frame, 5 x 7",Furniture,Furnishings,7,23,168.744,48.822,0.17142857142857143,0.28932584269662925
FUR-FU-10001057,Tensor Track Tree Floor Lamp,Furniture,Furnishings,4,17,299.85,38.180899999999994,0.1,0.1273333333333333
FUR-FU-10001085,3M Polarizing Light Filter Sleeves,Furniture,Furnishings,4,14,216.34,75.34599999999999,0.2,0.34827586206896544
FUR-FU-10001095,DAX Black Cherry Wood-Tone Poster Frame,Furniture,Furnishings,8,24,455.456,61.4336,0.225,0.13488372093023254
FUR-FU-10001185,"Advantus Employee of the Month Certificate Frame, 11 x 13-1/2",Furniture,Furnishings,5,28,822.738,311.7744,0.04,0.37894736842105264
FUR-FU-10001196,DAX Cubicle Frames - 8x10,Furniture,Furnishings,5,26,125.786,20.772,0.12,0.16513761467889906
FUR-FU-10001215,"Howard Miller 11-1/2"" Diameter Brentwood Wall Clock",Furniture,Furnishings,4,17,681.454,256.1922,0.15,0.37594936708860766
FUR-FU-10001290,Executive Impressions Supervisor Wall Clock,Furniture,Furnishings,4,21,867.2599999999999,266.072,0.05,0.3067961165048544
FUR-FU-10001379,"Executive Impressions 16-1/2"" Circular Wall Clock",Furniture,Furnishings,2,4,58.784,-1.0687999999999995,0.3,-0.018181818181818174
FUR-FU-10001424,Dax Clear Box Frame,Furniture,Furnishings,6,14,96.03,15.364799999999999,0.19999999999999998,0.15999999999999998
FUR-FU-10001468,Tenex Antistatic Computer Chair Mats,Furniture,Furnishings,6,25,3317.0119999999997,-530.038,0.2333333333333333,-0.1597938144329897
FUR-FU-10001473,DAX Wood Document Frame,Furniture,Furnishings,9,40,477.804,126.316,0.1111111111111111,0.26436781609195403
FUR-FU-10001473,"Eldon Executive Woodline II Desk Accessories, Mahogany",Furniture,Furnishings,5,17,361.87199999999996,50.008700000000005,0.24,0.13819444444444448
FUR-FU-10001475,"Contract Clock, 14"", Brown",Furniture,Furnishings,5,21,334.096,29.453199999999995,0.27999999999999997,0.08815789473684209
FUR-FU-10001487,"Eldon Expressions Wood and Plastic Desk Accessories, Cherry Wood",Furniture,Furnishings,5,23,160.54000000000002,46.5566,0.0,0.29
FUR-FU-10001488,"Tenex 46"" x 60"" Computer Anti-Static Chairmat, Rectangular Shaped",Furniture,Furnishings,7,25,2267.972,148.372,0.14285714285714285,0.06542056074766354
FUR-FU-10001546,Dana Swing-Arm Lamps,Furniture,Furnishings,7,15,108.936,-11.214,0.34285714285714286,-0.10294117647058823
FUR-FU-10001588,"Deflect-o SuperTray Unbreakable Stackable Tray, Letter, Black",Furniture,Furnishings,4,18,437.70000000000005,138.3132,0.15,0.31599999999999995
FUR-FU-10001591,Advantus Panel Wall Certificate Holder - 8.5x11,Furniture,Furnishings,6,23,270.84,108.092,0.06666666666666667,0.39909909909909913
FUR-FU-10001602,"Eldon Delta Triangular Chair Mat, 52"" x 58"", Clear",Furniture,Furnishings,6,17,546.192,17.447799999999997,0.16666666666666666,0.03194444444444444
FUR-FU-10001617,"Executive Impressions 8-1/2"" Career Panel/Partition Cubicle Clock",Furniture,Furnishings,2,7,66.56,18.512,0.1,0.278125
FUR-FU-10001706,Longer-Life Soft White Bulbs,Furniture,Furnishings,10,44,115.192,44.7216,0.12,0.3882352941176471
FUR-FU-10001731,Acrylic Self-Standing Desk Frames,Furniture,Furnishings,8,37,93.984,32.7342,0.07500000000000001,0.3482954545454546
FUR-FU-10001756,"Eldon Expressions Desk Accessory, Wood Photo Frame, Mahogany",Furniture,Furnishings,6,20,262.752,-7.616000000000003,0.3,-0.028985507246376822
FUR-FU-10001847,Eldon Image Series Black Desk Accessories,Furniture,Furnishings,5,12,48.852,17.0568,0.04,0.34915254237288135
FUR-FU-10001852,"Eldon Regeneration Recycled Desk Accessories, Smoke",Furniture,Furnishings,5,21,33.756,8.9088,0.08,0.2639175257731959
FUR-FU-10001861,"Floodlight Indoor Halogen Bulbs, 1 Bulb per Pack, 60 Watts",Furniture,Furnishings,6,24,434.56,197.104,0.13333333333333333,0.4535714285714286
FUR-FU-10001867,"Eldon Expressions Punched Metal & Wood Desk Accessories, Pewter & Cherry",Furniture,Furnishings,3,13,121.296,21.7056,0.13333333333333333,0.17894736842105263
FUR-FU-10001876,"Computer Room Manger, 14""",Furniture,Furnishings,7,22,636.6080000000001,179.2896,0.14285714285714285,0.2816326530612245
FUR-FU-10001889,Ultra Door Pull Handle,Furniture,Furnishings,6,27,265.104,74.7972,0.06666666666666667,0.2821428571428572
FUR-FU-10001918,C-Line Cubicle Keepers Polyproplyene Holder With Velcro Backings,Furniture,Furnishings,8,31,137.17,47.7257,0.125,0.3479310344827587
FUR-FU-10001934,Magnifier Swing Arm Lamp,Furniture,Furnishings,5,12,251.76000000000002,65.4576,0.0,0.25999999999999995
FUR-FU-10001935,3M Hangers With Command Adhesive,Furniture,Furnishings,8,33,108.03999999999999,36.001,0.15,0.33321917808219176
FUR-FU-10001940,Staple-based wall hangings,Furniture,Furnishings,10,38,219.696,50.3072,0.27999999999999997,0.2289855072463768
FUR-FU-10001967,Telescoping Adjustable Floor Lamp,Furniture,Furnishings,6,10,143.928,-5.997000000000002,0.3,-0.04166666666666668
FUR-FU-10001979,Dana Halogen Swing-Arm Architect Lamp,Furniture,Furnishings,6,28,1114.384,288.4288,0.06666666666666667,0.25882352941176473
FUR-FU-10001986,"Dana Fluorescent Magnifying Lamp, White, 36""",Furniture,Furnishings,4,14,581.172,81.568,0.25,0.14035087719298245
FUR-FU-10002030,"Executive Impressions 14"" Contract Wall Clock with Quartz Movement",Furniture,Furnishings,2,8,97.812,-1.7783999999999978,0.4,-0.01818181818181816
FUR-FU-10002045,"Executive Impressions 14""",Furniture,Furnishings,4,17,377.90999999999997,166.2804,0.0,0.44
FUR-FU-10002088,Nu-Dell Float Frame 11 x 14 1/2,Furniture,Furnishings,7,22,170.62,56.0352,0.17142857142857143,0.32842105263157895
FUR-FU-10002107,Eldon Pizzaz Desk Accessories,Furniture,Furnishings,4,19,37.464,13.736799999999999,0.1,0.36666666666666664
FUR-FU-10002111,"Master Caster Door Stop, Large Brown",Furniture,Furnishings,3,10,59.696,14.56,0.19999999999999998,0.24390243902439027
FUR-FU-10002116,"Tenex Carpeted, Granite-Look or Clear Contemporary Contour Shape Chair Mats",Furniture,Furnishings,5,15,763.6679999999999,-222.73649999999998,0.24,-0.2916666666666667
FUR-FU-10002157,Artistic Insta-Plaque,Furniture,Furnishings,3,10,156.8,61.152,0.0,0.38999999999999996
FUR-FU-10002191,G.E. Halogen Desk Lamp Bulbs,Furniture,Furnishings,5,11,62.82,22.8944,0.15999999999999998,0.36444444444444446
FUR-FU-10002240,Nu-Dell EZ-Mount Plastic Wall Frames,Furniture,Furnishings,2,8,19.7,0.7879999999999998,0.3,0.039999999999999994
FUR-FU-10002253,"Howard Miller 13"" Diameter Pewter Finish Round Wall Clock",Furniture,Furnishings,7,27,1047.7359999999999,340.5142,0.1142857142857143,0.32500000000000007
FUR-FU-10002268,Ultra Door Push Plate,Furniture,Furnishings,7,34,149.264,37.4142,0.05714285714285715,0.2506578947368421
FUR-FU-10002298,"Rubbermaid ClusterMat Chairmats, Mat Size- 66"" x 60"", Lip 20"" x 11"" -90 Degree Angle",Furniture,Furnishings,5,24,2064.228,-173.12879999999998,0.2,-0.08387096774193548
FUR-FU-10002364,"Eldon Expressions Wood Desk Accessories, Oak",Furniture,Furnishings,12,33,183.024,10.110600000000002,0.16666666666666666,0.05524193548387098
FUR-FU-10002379,Eldon Econocleat Chair Mats for Low Pile Carpets,Furniture,Furnishings,2,8,331.76,39.8112,0.0,0.12
FUR-FU-10002396,"DAX Copper Panel Document Frame, 5 x 7 Size",Furniture,Furnishings,5,18,171.088,39.7528,0.2,0.2323529411764706
FUR-FU-10002445,"DAX Two-Tone Rosewood/Black Document Frame, Desktop, 5 x 7",Furniture,Furnishings,8,25,216.144,73.944,0.09999999999999999,0.34210526315789475
FUR-FU-10002456,"Master Caster Door Stop, Large Neon Orange",Furniture,Furnishings,7,27,154.336,42.2968,0.17142857142857143,0.2740566037735849
FUR-FU-10002501,Nu-Dell Executive Frame,Furniture,Furnishings,6,39,409.536,98.97120000000001,0.16666666666666666,0.2416666666666667
FUR-FU-10002505,Eldon 100 Class Desk Accessories,Furniture,Furnishings,4,18,36.396,-4.8528,0.3,-0.13333333333333333
FUR-FU-10002506,"Tensor ""Hersey Kiss"" Styled Floor Lamp",Furniture,Furnishings,3,8,93.52799999999999,2.0784000000000002,0.06666666666666667,0.022222222222222227
FUR-FU-10002508,Document Clip Frames,Furniture,Furnishings,2,6,45.036,16.0128,0.1,0.3555555555555555
FUR-FU-10002553,"Electrix Incandescent Magnifying Lamp, Black",Furniture,Furnishings,2,5,117.28,-16.4925,0.4,-0.140625
FUR-FU-10002554,"Westinghouse Floor Lamp with Metal Mesh Shade, Black",Furniture,Furnishings,4,7,167.93,38.6239,0.0,0.22999999999999998
FUR-FU-10002597,"C-Line Magnetic Cubicle Keepers, Clear Polypropylene",Furniture,Furnishings,7,28,136.344,56.1184,0.028571428571428574,0.41159420289855075
FUR-FU-10002671,Electrix 20W Halogen Replacement Bulb for Zoom-In Desk Lamp,Furniture,Furnishings,5,13,168.84,78.256,0.04,0.4634920634920635
FUR-FU-10002685,"Executive Impressions 13-1/2"" Indoor/Outdoor Wall Clock",Furniture,Furnishings,2,3,56.099999999999994,21.317999999999998,0.0,0.38
FUR-FU-10002703,"Tenex Traditional Chairmats for Hard Floors, Average Lip, 36"" x 48""",Furniture,Furnishings,2,4,180.46,-46.403999999999996,0.3,-0.2571428571428571
FUR-FU-10002759,12-1/2 Diameter Round Wall Clock,Furniture,Furnishings,8,36,551.448,91.1088,0.27499999999999997,0.16521739130434784
FUR-FU-10002813,"DAX Contemporary Wood Frame with Silver Metal Mat, Desktop, 11 x 14 Size",Furniture,Furnishings,5,15,291.45599999999996,97.152,0.04,0.33333333333333337
FUR-FU-10002874,Ultra Commercial Grade Dual Valve Door Closer,Furniture,Furnishings,1,2,63.824,9.5736,0.2,0.15000000000000002
FUR-FU-10002878,"Seth Thomas 14"" Day/Date Wall Clock",Furniture,Furnishings,6,17,467.072,162.0512,0.06666666666666667,0.3469512195121951
FUR-FU-10002885,Magna Visual Magnetic Picture Hangers,Furniture,Furnishings,6,19,84.83200000000001,28.0524,0.10000000000000002,0.33068181818181813
FUR-FU-10002918,Eldon ClusterMat Chair Mat with Cordless Antistatic Protection,Furniture,Furnishings,5,18,1200.936,-256.56359999999995,0.15999999999999998,-0.2136363636363636
FUR-FU-10002937,"GE 48"" Fluorescent Tube, Cool White Energy Saver, 34 Watts, 30/Box",Furniture,Furnishings,8,29,2699.056,1260.221,0.07500000000000001,0.46691176470588236
FUR-FU-10002960,"Eldon 200 Class Desk Accessories, Burgundy",Furniture,Furnishings,5,25,135.648,44.588,0.12000000000000002,0.3287037037037037
FUR-FU-10002963,"Master Caster Door Stop, Gray",Furniture,Furnishings,4,10,47.752,14.224,0.15,0.2978723404255319
FUR-FU-10003026,"Eldon Regeneration Recycled Desk Accessories, Black",Furniture,Furnishings,3,9,39.688,13.116399999999999,0.06666666666666667,0.33048780487804874
FUR-FU-10003039,"Howard Miller 11-1/2"" Diameter Grantwood Wall Clock",Furniture,Furnishings,6,14,500.308,101.7868,0.16666666666666666,0.20344827586206896
FUR-FU-10003095,"Linden 12"" Wall Clock With Oak Frame",Furniture,Furnishings,1,3,101.94,30.582,0.0,0.3
FUR-FU-10003096,"Master Giant Foot Doorstop, Safety Yellow",Furniture,Furnishings,3,12,83.49,31.5744,0.06666666666666667,0.37818181818181823
FUR-FU-10003142,"Master Big Foot Doorstop, Beige",Furniture,Furnishings,6,30,152.064,42.768,0.03333333333333333,0.28125
FUR-FU-10003192,Luxo Adjustable Task Clamp Lamp,Furniture,Furnishings,4,18,1545.816,362.46720000000005,0.05,0.23448275862068968
FUR-FU-10003194,"Eldon Expressions Desk Accessory, Wood Pencil Holder, Oak",Furniture,Furnishings,4,15,108.08,6.755000000000001,0.2,0.06250000000000001
FUR-FU-10003247,36X48 HARDFLOOR CHAIRMAT,Furniture,Furnishings,6,21,369.24800000000005,-40.4914,0.2333333333333333,-0.10965909090909089
FUR-FU-10003268,Eldon Radial Chair Mat for Low to Medium Pile Carpets,Furniture,Furnishings,6,20,775.6120000000001,135.932,0.06666666666666667,0.17525773195876285
FUR-FU-10003274,Regeneration Desk Collection,Furniture,Furnishings,5,21,35.904,15.206399999999999,0.04,0.4235294117647058
FUR-FU-10003347,Coloredge Poster Frame,Furniture,Furnishings,6,21,298.2,116.298,0.0,0.39
FUR-FU-10003374,Electrix Fluorescent Magnifier Lamps & Weighted Base,Furniture,Furnishings,2,11,463.79600000000005,73.0232,0.1,0.15744680851063828
FUR-FU-10003394,"Tenex ""The Solids"" Textured Chair Mats",Furniture,Furnishings,7,26,1469.1599999999999,-40.57679999999999,0.19999999999999998,-0.027619047619047616
FUR-FU-10003424,Nu-Dell Oak Frame,Furniture,Furnishings,3,16,151.656,35.4576,0.13333333333333333,0.23380281690140844
FUR-FU-10003464,"Seth Thomas 8 1/2"" Cubicle Clock",Furniture,Furnishings,4,11,210.912,59.217600000000004,0.05,0.28076923076923077
FUR-FU-10003489,Contemporary Borderless Frame,Furniture,Furnishings,2,6,36.162,3.6162,0.3,0.1
FUR-FU-10003535,Howard Miller Distant Time Traveler Alarm Clock,Furniture,Furnishings,6,21,531.948,192.2142,0.13333333333333333,0.36134020618556706
FUR-FU-10003553,"Howard Miller 13-1/2"" Diameter Rosebrook Wall Clock",Furniture,Furnishings,5,17,949.026,247.57199999999997,0.2,0.2608695652173913
FUR-FU-10003577,Nu-Dell Leatherette Frames,Furniture,Furnishings,3,18,246.64800000000002,81.4512,0.06666666666666667,0.33023255813953484
FUR-FU-10003601,"Deflect-o RollaMat Studded, Beveled Mat for Medium Pile Carpeting",Furniture,Furnishings,6,26,1623.248,-343.0956,0.26666666666666666,-0.21136363636363636
FUR-FU-10003623,"DataProducts Ampli Magnifier Task Lamp, Black,",Furniture,Furnishings,5,21,508.72800000000007,99.5808,0.12000000000000002,0.1957446808510638
FUR-FU-10003664,"Electrix Architect's Clamp-On Swing Arm Lamp, Black",Furniture,Furnishings,4,33,2863.8,627.1722000000001,0.12,0.21900000000000003
FUR-FU-10003691,"Eldon Image Series Desk Accessories, Ebony",Furniture,Furnishings,5,18,180.31,55.822,0.16,0.3095890410958904
FUR-FU-10003708,"Tenex Traditional Chairmats for Medium Pile Carpet, Standard Lip, 36"" x 48""",Furniture,Furnishings,6,24,1322.17,172.246,0.13333333333333333,0.13027522935779817
FUR-FU-10003724,Westinghouse Clip-On Gooseneck Lamps,Furniture,Furnishings,9,38,279.558,44.1936,0.1111111111111111,0.15808383233532936
FUR-FU-10003731,"Eldon Expressions Wood and Plastic Desk Accessories, Oak",Furniture,Furnishings,5,15,149.70000000000002,41.916,0.0,0.27999999999999997
FUR-FU-10003773,Eldon Cleatmat Plus Chair Mats for High Pile Carpets,Furniture,Furnishings,5,20,1304.1280000000002,-111.328,0.15999999999999998,-0.08536585365853658
FUR-FU-10003798,"Ultra Door Kickplate, 8""H x 34""W",Furniture,Furnishings,2,10,158.24,27.692,0.2,0.175
FUR-FU-10003799,"Seth Thomas 13 1/2"" Wall Clock",Furniture,Furnishings,5,20,316.48400000000004,71.12,0.16,0.2247191011235955
FUR-FU-10003806,"Tenex Chairmat w/ Average Lip, 45"" x 53""",Furniture,Furnishings,4,19,2058.496,-529.76,0.3,-0.25735294117647056
FUR-FU-10003829,Stackable Trays,Furniture,Furnishings,7,23,65.296,17.1248,0.08571428571428573,0.2622641509433962
FUR-FU-10003832,"Eldon Expressions Punched Metal & Wood Desk Accessories, Black & Cherry",Furniture,Furnishings,5,20,155.708,20.636,0.2,0.1325301204819277
FUR-FU-10003849,"DAX Metal Frame, Desktop, Stepped-Edge",Furniture,Furnishings,5,11,161.92,26.1096,0.24,0.16125
FUR-FU-10003878,"Linden 10"" Round Wall Clock, Black",Furniture,Furnishings,6,21,253.648,41.8672,0.16666666666666666,0.1650602409638554
FUR-FU-10003919,Eldon Executive Woodline II Cherry Finish Desk Accessories,Furniture,Furnishings,2,6,98.13600000000001,-78.5088,0.6,-0.7999999999999998
FUR-FU-10003930,Howard Miller 12-3/4 Diameter Accuwave DS  Wall Clock,Furniture,Furnishings,2,14,786.9,147.9372,0.4,0.188
FUR-FU-10003975,Eldon Advantage Chair Mats for Low to Medium Pile Carpets,Furniture,Furnishings,5,13,563.03,56.303000000000004,0.0,0.10000000000000002
FUR-FU-10003976,"DAX Executive Solid Wood Document Frame, Desktop or Hang, Mahogany, 5 x 7",Furniture,Furnishings,5,17,196.248,55.1004,0.04,0.28076923076923077
FUR-FU-10003981,Eldon Wave Desk Accessories,Furniture,Furnishings,5,16,29.952,10.6496,0.08,0.3555555555555555
FUR-FU-10004006,"Deflect-o DuraMat Lighweight, Studded, Beveled Mat for Low Pile Carpeting",Furniture,Furnishings,6,17,673.87,72.07849999999999,0.06666666666666667,0.10696202531645568
FUR-FU-10004017,"Executive Impressions 13"" Chairman Wall Clock",Furniture,Furnishings,3,11,253.8,72.333,0.06666666666666667,0.285
FUR-FU-10004017,"Tenex Contemporary Contur Chairmats for Low and Medium Pile Carpet, Computer, 39"" x 49""",Furniture,Furnishings,4,10,1010.7819999999999,150.542,0.05,0.14893617021276598
FUR-FU-10004018,Tensor Computer Mounted Lamp,Furniture,Furnishings,8,36,536.04,144.7308,0.0,0.27
FUR-FU-10004020,Advantus Panel Wall Acrylic Frame,Furniture,Furnishings,5,20,87.52,25.162,0.2,0.2875
FUR-FU-10004053,DAX Two-Tone Silver Metal Document Frame,Furniture,Furnishings,6,13,234.784,84.8056,0.13333333333333333,0.36120689655172417
FUR-FU-10004071,Luxo Professional Magnifying Clamp-On Fluorescent Lamps,Furniture,Furnishings,4,13,1268.922,106.09020000000001,0.05,0.08360655737704918
FUR-FU-10004090,"Executive Impressions 14"" Contract Wall Clock",Furniture,Furnishings,7,17,346.788,93.5883,0.05714285714285715,0.26987179487179486
FUR-FU-10004091,"Eldon 200 Class Desk Accessories, Black",Furniture,Furnishings,2,12,75.36,28.6368,0.0,0.38
FUR-FU-10004091,"Howard Miller 13"" Diameter Goldtone Round Wall Clock",Furniture,Furnishings,6,27,1042.068,294.3138,0.16666666666666666,0.28243243243243243
FUR-FU-10004093,Hand-Finished Solid Wood Document Frame,Furniture,Furnishings,3,8,260.14799999999997,68.46000000000001,0.06666666666666667,0.26315789473684215
FUR-FU-10004164,"Eldon 300 Class Desk Accessories, Black",Furniture,Furnishings,2,6,29.7,13.068000000000001,0.0,0.44000000000000006
FUR-FU-10004188,Luxo Professional Combination Clamp-On Lamps,Furniture,Furnishings,5,13,1329.9,345.774,0.0,0.26
FUR-FU-10004245,"Career Cubicle Clock, 8 1/4"", Black",Furniture,Furnishings,3,10,194.68800000000002,68.952,0.06666666666666667,0.35416666666666663
FUR-FU-10004270,"Eldon Image Series Desk Accessories, Burgundy",Furniture,Furnishings,8,31,111.18799999999999,28.256800000000002,0.125,0.2541353383458647
FUR-FU-10004270,"Executive Impressions 13"" Clairmont Wall Clock",Furniture,Furnishings,8,20,315.372,88.458,0.22499999999999998,0.28048780487804875
FUR-FU-10004306,Electrix Halogen Magnifier Lamp,Furniture,Furnishings,6,17,2759.06,314.76599999999996,0.2333333333333333,0.11408450704225351
FUR-FU-10004351,Staple-based wall hangings,Furniture,Furnishings,6,24,202.592,71.68639999999999,0.16666666666666666,0.3538461538461538
FUR-FU-10004415,"Stacking Tray, Side-Loading, Legal, Smoke",Furniture,Furnishings,4,16,46.592,-2.8672,0.25,-0.06153846153846154
FUR-FU-10004460,"Howard Miller 12"" Round Wall Clock",Furniture,Furnishings,2,14,479.33799999999997,127.2996,0.1,0.2655737704918033
FUR-FU-10004586,G.E. Longer-Life Indoor Recessed Floodlight Bulbs,Furniture,Furnishings,6,16,81.00800000000001,25.763199999999998,0.2333333333333333,0.31803278688524583
FUR-FU-10004587,"GE General Use Halogen Bulbs, 100 Watts, 1 Bulb per Pack",Furniture,Furnishings,3,15,163.332,3.141000000000002,0.39999999999999997,0.019230769230769242
FUR-FU-10004597,Eldon Cleatmat Chair Mats for Medium Pile Carpets,Furniture,Furnishings,4,8,344.1,-42.18000000000001,0.3,-0.12258064516129033
FUR-FU-10004622,Eldon Advantage Foldable Chair Mats for Low Pile Carpets,Furniture,Furnishings,3,10,379.4,-48.78,0.19999999999999998,-0.1285714285714286
FUR-FU-10004665,"3M Polarizing Task Lamp with Clamp Arm, Light Gray",Furniture,Furnishings,4,16,2191.68,569.8368,0.0,0.26000000000000006
FUR-FU-10004666,DAX Clear Channel Poster Frame,Furniture,Furnishings,3,10,119.556,27.701999999999998,0.19999999999999998,0.23170731707317072
FUR-FU-10004671,"Executive Impressions 12"" Wall Clock",Furniture,Furnishings,6,14,176.7,23.3244,0.26666666666666666,0.132
FUR-FU-10004712,"Westinghouse Mesh Shade Clip-On Gooseneck Lamp, Black",Furniture,Furnishings,2,6,84.84,22.0584,0.0,0.25999999999999995
FUR-FU-10004748,"Howard Miller 16"" Diameter Gallery Wall Clock",Furniture,Furnishings,4,12,575.46,107.41919999999999,0.15,0.18666666666666665
FUR-FU-10004845,"Deflect-o EconoMat Nonstudded, No Bevel Mat",Furniture,Furnishings,3,14,702.44,123.96,0.06666666666666667,0.1764705882352941
FUR-FU-10004848,DAX Solid Wood Frames,Furniture,Furnishings,3,13,113.332,33.3157,0.06666666666666667,0.2939655172413793
FUR-FU-10004848,"Howard Miller 13-3/4"" Diameter Brushed Chrome Round Wall Clock",Furniture,Furnishings,9,31,1324.8,201.82500000000002,0.13333333333333333,0.15234375000000003
FUR-FU-10004864,Eldon 500 Class Desk Accessories,Furniture,Furnishings,6,17,197.948,60.470699999999994,0.06666666666666667,0.3054878048780487
FUR-FU-10004864,"Howard Miller 14-1/2"" Diameter Chrome Round Wall Clock",Furniture,Furnishings,7,29,1636.864,375.9672,0.11428571428571428,0.2296875
FUR-FU-10004904,"Eldon ""L"" Workstation Diamond Chairmat",Furniture,Furnishings,4,19,1002.936,-267.4496,0.3,-0.2666666666666666
FUR-FU-10004909,Contemporary Wood/Metal Frame,Furniture,Furnishings,4,18,193.92,4.847999999999999,0.35,0.024999999999999998
FUR-FU-10004952,"C-Line Cubicle Keepers Polyproplyene Holder w/Velcro Back, 8-1/2x11, 25/Bx",Furniture,Furnishings,4,13,514.556,23.53819999999999,0.15,0.045744680851063806
FUR-FU-10004960,"Seth Thomas 12"" Clock w/ Goldtone Case",Furniture,Furnishings,3,17,390.66,132.8244,0.0,0.33999999999999997
FUR-FU-10004963,"Eldon 400 Class Desk Accessories, Black Carbon",Furniture,Furnishings,6,22,159.25,47.6,0.16666666666666666,0.2989010989010989
FUR-FU-10004973,Flat Face Poster Frame,Furniture,Furnishings,12,51,678.24,120.9528,0.3,0.17833333333333332
FUR-TA-10000198,Chromcraft Bull-Nose Wood Oval Conference Tables & Bases,Furniture,Tables,5,27,9917.640000000001,-2876.1156,0.28,-0.29
FUR-TA-10000577,Bretford CR4500 Series Slim Rectangular Table,Furniture,Tables,8,29,7242.768,-532.7613,0.2625,-0.07355769230769231
FUR-TA-10000617,"Hon Practical Foundations 30 x 60 Training Table, Light Gray/Charcoal",Furniture,Tables,6,22,4334.8275,430.0695,0.17500000000000002,0.09921259842519685
FUR-TA-10000688,"Chromcraft Bull-Nose Wood Round Conference Table Top, Wood Base",Furniture,Tables,6,18,3354.89,100.211,0.18333333333333335,0.02987012987012987
FUR-TA-10000849,Bevis Rectangular Conference Tables,Furniture,Tables,4,13,1007.262,-586.8396,0.475,-0.582608695652174
FUR-TA-10001039,KI Adjustable-Height Table,Furniture,Tables,11,47,2764.257,-226.12740000000002,0.22272727272727275,-0.0818040435458787
FUR-TA-10001086,"SAFCO PlanMaster Boards, 60w x 37-1/2d, White Melamine",Furniture,Tables,5,26,2979.004,54.71640000000002,0.26,0.01836734693877552
FUR-TA-10001095,Chromcraft Round Conference Tables,Furniture,Tables,13,61,8209.059,-189.9761,0.2576923076923077,-0.023142250530785564
FUR-TA-10001307,"SAFCO PlanMaster Heigh-Adjustable Drafting Table Base, 43w x 30d x 30-37h, Black",Furniture,Tables,5,14,3739.115,608.043,0.27999999999999997,0.16261682242990655
FUR-TA-10001520,"Lesro Sheffield Collection Coffee Table, End Table, Center Table, Corner Table",Furniture,Tables,9,39,2298.114,-12.132900000000003,0.17777777777777778,-0.005279503105590063
FUR-TA-10001539,Chromcraft Rectangular Conference Tables,Furniture,Tables,9,30,4952.673,-450.243,0.32222222222222224,-0.09090909090909091
FUR-TA-10001676,Hon 61000 Series Interactive Training Tables,Furniture,Tables,9,22,653.121,-148.3962,0.3111111111111111,-0.22721088435374148
FUR-TA-10001691,"Barricks Non-Folding Utility Table with Steel Legs, Laminate Tops",Furniture,Tables,1,2,136.464,15.3522,0.2,0.1125
FUR-TA-10001705,Bush Advantage Collection Round Conference Table,Furniture,Tables,4,19,3401.6000000000004,210.47400000000002,0.2375,0.061875
FUR-TA-10001768,Hon Racetrack Conference Tables,Furniture,Tables,6,22,3963.901,-598.5228,0.2833333333333334,-0.1509933774834437
FUR-TA-10001771,"Bush Cubix Conference Tables, Fully Assembled",Furniture,Tables,4,19,3603.288,311.82300000000004,0.2,0.08653846153846155
FUR-TA-10001857,Balt Solid Wood Rectangular Table,Furniture,Tables,4,11,828.0965,-216.2545,0.2625,-0.2611464968152866
FUR-TA-10001866,Bevis Round Conference Room Tables and Bases,Furniture,Tables,2,4,519.941,-39.4438,0.25,-0.07586206896551724
FUR-TA-10001889,Bush Advantage Collection Racetrack Conference Table,Furniture,Tables,7,33,9544.725,-1934.3976,0.35000000000000003,-0.20266666666666666
FUR-TA-10001932,"Chromcraft 48"" x 96"" Racetrack Double Pedestal Table",Furniture,Tables,6,22,5098.176,-404.00640000000004,0.31666666666666665,-0.07924528301886792
FUR-TA-10001950,Balt Solid Wood Round Tables,Furniture,Tables,4,19,6518.754,-1201.0581,0.2,-0.18424657534246575
FUR-TA-10002041,"Bevis Round Conference Table Top, X-Base",Furniture,Tables,6,20,2671.421,-519.941,0.26666666666666666,-0.1946308724832215
FUR-TA-10002228,"Bevis Traditional Conference Table Top, Plinth Base",Furniture,Tables,3,9,2033.496,-456.7032,0.3333333333333333,-0.2245901639344262
FUR-TA-10002356,Bevis Boat-Shaped Conference Table,Furniture,Tables,6,15,2542.467,-445.587,0.31666666666666665,-0.17525773195876287
FUR-TA-10002530,"Iceberg OfficeWorks 42"" Round Tables",Furniture,Tables,7,30,3457.442,-392.54799999999994,0.19999999999999998,-0.11353711790393012
FUR-TA-10002533,BPI Conference Tables,Furniture,Tables,5,26,2241.8675,-795.9725,0.37,-0.3550488599348534
FUR-TA-10002607,KI Conference Tables,Furniture,Tables,8,44,2140.878,-479.2164,0.325,-0.223841059602649
FUR-TA-10002622,"Bush Andora Conference Table, Maple/Graphite Gray Finish",Furniture,Tables,4,12,1436.232,-143.6232,0.3,-0.1
FUR-TA-10002645,Hon Rectangular Conference Tables,Furniture,Tables,4,20,3481.515,-295.815,0.325,-0.08496732026143791
FUR-TA-10002774,Laminate Occasional Tables,Furniture,Tables,3,18,2096.168,-206.5342,0.2333333333333333,-0.09852941176470588
FUR-TA-10002855,Bevis Round Conference Table Top & Single Column Base,Furniture,Tables,5,19,2297.538,100.97460000000001,0.22000000000000003,0.043949044585987265
FUR-TA-10002903,"Bevis Round Bullnose 29"" High Table Top",Furniture,Tables,5,24,4544.925,-192.18540000000002,0.26,-0.04228571428571429
FUR-TA-10002958,"Bevis Oval Conference Table, Walnut",Furniture,Tables,8,36,6942.068,-856.0144,0.275,-0.12330827067669173
FUR-TA-10003008,"Lesro Round Back Collection Coffee Table, End Table",Furniture,Tables,8,20,2847.7799999999997,-328.59,0.2875,-0.11538461538461539
FUR-TA-10003238,"Chromcraft Bull-Nose Wood 48"" x 96"" Rectangular Conference Tables",Furniture,Tables,6,11,4297.644,-611.5877999999999,0.3333333333333333,-0.14230769230769227
FUR-TA-10003392,Global Adaptabilities Conference Tables,Furniture,Tables,4,14,3540.348,354.0348,0.15000000000000002,0.1
FUR-TA-10003469,Balt Split Level Computer Training Table,Furniture,Tables,5,12,1040.625,-357.97499999999997,0.38,-0.344
FUR-TA-10003473,Bretford Rectangular Conference Table Tops,Furniture,Tables,12,46,12995.2915,-327.2331,0.24583333333333335,-0.025180897250361794
FUR-TA-10003569,Bretford CR8500 Series Meeting Room Furniture,Furniture,Tables,6,21,6776.562000000001,461.127,0.18333333333333335,0.0680473372781065
FUR-TA-10003715,Hon 2111 Invitation Series Corner Table,Furniture,Tables,4,18,3140.55,-401.9904,0.2,-0.128
FUR-TA-10003748,Bevis 36 x 72 Conference Tables,Furniture,Tables,8,40,4332.252,448.164,0.1625,0.10344827586206895
FUR-TA-10003837,Anderson Hickey Conga Table Tops & Accessories,Furniture,Tables,2,5,51.782,-17.514499999999998,0.30000000000000004,-0.338235294117647
FUR-TA-10003954,Hon 94000 Series Round Tables,Furniture,Tables,5,30,7404.5,-681.2139999999999,0.16,-0.092
FUR-TA-10004086,KI Adjustable-Height Table,Furniture,Tables,7,27,1788.384,-22.354800000000004,0.2571428571428572,-0.012500000000000002
FUR-TA-10004147,Hon 4060 Series Tables,Furniture,Tables,4,13,1231.56,96.2856,0.2,0.07818181818181819
FUR-TA-10004152,"Barricks 18"" x 48"" Non-Folding Utility Table with Bottom Storage Shelf",Furniture,Tables,5,16,1088.64,-104.832,0.32,-0.09629629629629628
FUR-TA-10004154,"Riverside Furniture Oval Coffee Table, Oval End Table, End Table with Drawer",Furniture,Tables,5,25,4446.175,-1147.4,0.3,-0.25806451612903225
FUR-TA-10004175,"Hon 30"" x 60"" Table with Locking Drawer",Furniture,Tables,3,6,1296.028,-177.3512,0.3333333333333333,-0.1368421052631579
FUR-TA-10004256,Bretford “Just In Time” Height-Adjustable Multi-Task Work Tables,Furniture,Tables,4,17,5634.9,-964.194,0.225,-0.1711111111111111
FUR-TA-10004289,BoxOffice By Design Rectangular and Half-Moon Meeting Room Tables,Furniture,Tables,3,15,1706.25,-1148.4375,0.48333333333333334,-0.6730769230769231
FUR-TA-10004442,Riverside Furniture Stanwyck Manor Table Series,Furniture,Tables,3,5,917.9200000000001,-415.9325,0.3666666666666667,-0.45312499999999994
FUR-TA-10004534,Bevis 44 x 96 Conference Tables,Furniture,Tables,5,20,3253.2200000000003,-164.72000000000003,0.18,-0.05063291139240507
FUR-TA-10004575,Hon 5100 Series Wood Tables,Furniture,Tables,7,26,5965.09,-238.60360000000003,0.21428571428571427,-0.04
FUR-TA-10004607,Hon 2111 Invitation Series Straight Table,Furniture,Tables,7,18,2040.054,-115.30739999999999,0.2714285714285714,-0.056521739130434775
FUR-TA-10004619,Hon Non-Folding Utility Tables,Furniture,Tables,5,29,3775.647,541.654,0.2,0.14345991561181434
FUR-TA-10004767,Safco Drafting Table,Furniture,Tables,4,12,638.8199999999999,34.0704,0.2,0.05333333333333334
FUR-TA-10004915,"Office Impressions End Table, 20-1/2""H x 24""W x 20""D",Furniture,Tables,5,23,5801.816,-66.82720000000002,0.18,-0.011518324607329846
OFF-AP-10000026,Tripp Lite Isotel 6 Outlet Surge Protector with Fax/Modem Protection,Office Supplies,Appliances,6,27,1243.788,74.99310000000001,0.19999999999999998,0.06029411764705883
OFF-AP-10000027,Hoover Commercial SteamVac,Office Supplies,Appliances,4,14,168.392,35.308,0.2,0.20967741935483872
OFF-AP-10000055,Belkin F9S820V06 8 Outlet Surge,Office Supplies,Appliances,4,17,266.336,-120.17599999999999,0.4,-0.4512195121951219
OFF-AP-10000124,Acco 6 Outlet Guardian Basic Surge Suppressor,Office Supplies,Appliances,2,7,38.272,-3.6608,0.4,-0.09565217391304348
OFF-AP-10000159,Belkin F9M820V08 8 Outlet Surge,Office Supplies,Appliances,3,15,558.74,101.003,0.13333333333333333,0.18076923076923077
OFF-AP-10000179,Honeywell Enviracaire Portable HEPA Air Cleaner for up to 10 x 16 Room,Office Supplies,Appliances,3,12,1320.166,417.0244,0.10000000000000002,0.31588785046728973
OFF-AP-10000240,Belkin F9G930V10-GRY 9 Outlet Surge,Office Supplies,Appliances,5,16,770.112,162.57920000000001,0.16,0.21111111111111114
OFF-AP-10000252,Harmony HEPA Quiet Air Purifiers,Office Supplies,Appliances,4,12,128.7,37.44,0.1,0.2909090909090909
OFF-AP-10000275,"Sanyo Counter Height Refrigerator with Crisper, 3.6 Cubic Foot, Stainless Steel/Black",Office Supplies,Appliances,3,18,5906.52,1653.8256000000001,0.0,0.28
OFF-AP-10000326,Belkin 7 Outlet SurgeMaster Surge Protector with Phone Protection,Office Supplies,Appliances,1,5,157.92,17.766,0.2,0.1125
OFF-AP-10000358,Fellowes Basic Home/Office Series Surge Protectors,Office Supplies,Appliances,9,41,436.12800000000004,58.2802,0.13333333333333333,0.13363095238095238
OFF-AP-10000390,Euro Pro Shark Stick Mini Vacuum,Office Supplies,Appliances,3,11,170.744,-325.6332,0.6,-1.907142857142857
OFF-AP-10000576,"Belkin 325VA UPS Surge Protector, 6'",Office Supplies,Appliances,4,13,1379.172,199.61700000000002,0.1,0.14473684210526316
OFF-AP-10000576,Belkin 7 Outlet SurgeMaster II,Office Supplies,Appliances,3,16,631.68,176.8704,0.0,0.28
OFF-AP-10000595,Disposable Triple-Filter Dust Bags,Office Supplies,Appliances,4,10,43.7,11.362,0.0,0.26
OFF-AP-10000692,Fellowes Mighty 8 Compact Surge Protector,Office Supplies,Appliances,6,19,344.59000000000003,67.2964,0.10000000000000002,0.1952941176470588
OFF-AP-10000696,Holmes Odor Grabber,Office Supplies,Appliances,8,30,357.616,67.774,0.225,0.18951612903225806
OFF-AP-10000804,Hoover Portapower Portable Vacuum,Office Supplies,Appliances,4,18,61.824,1.3439999999999994,0.30000000000000004,0.0217391304347826
OFF-AP-10000828,Avanti 4.4 Cu. Ft. Refrigerator,Office Supplies,Appliances,7,24,3511.012,383.6776,0.14285714285714285,0.1092783505154639
OFF-AP-10000891,Kensington 7 Outlet MasterPiece HOMEOFFICE Power Control Center,Office Supplies,Appliances,5,21,2491.28,563.816,0.2,0.2263157894736842
OFF-AP-10000938,Avanti 1.7 Cu. Ft. Refrigerator,Office Supplies,Appliances,4,24,2221.56,476.6256,0.1,0.21454545454545457
OFF-AP-10001005,Honeywell Quietcare HEPA Air Cleaner,Office Supplies,Appliances,6,23,1761.76,549.7635,0.05000000000000001,0.31205357142857143
OFF-AP-10001058,Sanyo 2.5 Cubic Foot Mid-Size Office Refrigerators,Office Supplies,Appliances,4,17,4476.96,956.9502,0.1,0.21375
OFF-AP-10001124,Belkin 8 Outlet SurgeMaster II Gold Surge Protector with Phone Protection,Office Supplies,Appliances,1,8,647.84,168.4384,0.0,0.26
OFF-AP-10001154,Bionaire Personal Warm Mist Humidifier/Vaporizer,Office Supplies,Appliances,3,11,515.79,201.1581,0.0,0.39
OFF-AP-10001205,Belkin 5 Outlet SurgeMaster Power Centers,Office Supplies,Appliances,10,40,1776.048,207.024,0.14,0.11656441717791412
OFF-AP-10001242,APC 7 Outlet Network SurgeArrest Surge Protector,Office Supplies,Appliances,8,20,1207.2,80.47999999999998,0.225,0.06666666666666664
OFF-AP-10001271,Eureka The Boss Cordless Rechargeable Stick Vac,Office Supplies,Appliances,6,19,948.228,241.1354,0.03333333333333333,0.25430107526881723
OFF-AP-10001293,Belkin 8 Outlet Surge Protector,Office Supplies,Appliances,7,30,1073.676,188.508,0.14285714285714285,0.17557251908396948
OFF-AP-10001303,"Holmes Cool Mist Humidifier for the Whole House with 8-Gallon Output per Day, Extended Life Filter",Office Supplies,Appliances,4,9,147.26,48.754999999999995,0.2,0.3310810810810811
OFF-AP-10001366,Staple holder,Office Supplies,Appliances,4,17,186.66,50.398199999999996,0.0,0.26999999999999996
OFF-AP-10001391,Kensington 6 Outlet MasterPiece HOMEOFFICE Power Control Center,Office Supplies,Appliances,2,9,812.1600000000001,235.52639999999997,0.0,0.2899999999999999
OFF-AP-10001394,Harmony Air Purifier,Office Supplies,Appliances,5,13,1946.7,374.22,0.22000000000000003,0.19223300970873788
OFF-AP-10001469,Fellowes 8 Outlet Superior Workstation Surge Protector,Office Supplies,Appliances,5,20,759.1220000000001,166.84,0.08,0.21978021978021978
OFF-AP-10001492,"Acco Six-Outlet Power Strip, 4' Cord Length",Office Supplies,Appliances,9,41,343.076,81.5452,0.022222222222222223,0.23768844221105526
OFF-AP-10001563,Belkin Premiere Surge Master II 8-outlet surge protector,Office Supplies,Appliances,7,26,952.168,55.38120000000001,0.27142857142857146,0.05816326530612245
OFF-AP-10001564,Hoover Commercial Lightweight Upright Vacuum with E-Z Empty Dirt Cup,Office Supplies,Appliances,3,6,1023.3520000000001,-9.303200000000004,0.26666666666666666,-0.009090909090909094
OFF-AP-10001626,"Commercial WindTunnel Clean Air Upright Vacuum, Replacement Belts, Filtration Bags",Office Supplies,Appliances,7,17,50.57,1.6338000000000008,0.2285714285714286,0.03230769230769232
OFF-AP-10001634,Hoover Commercial Lightweight Upright Vacuum,Office Supplies,Appliances,2,8,18.096,-2.5056000000000003,0.5,-0.13846153846153847
OFF-AP-10001947,Acco 6 Outlet Guardian Premium Plus Surge Suppressor,Office Supplies,Appliances,6,31,289.456,-113.76719999999999,0.4000000000000001,-0.39303797468354423
OFF-AP-10001962,Black & Decker Filter for Double Action Dustbuster Cordless Vac BLDV7210,Office Supplies,Appliances,6,28,229.88600000000002,53.696,0.03333333333333333,0.2335766423357664
OFF-AP-10002082,Holmes HEPA Air Purifier,Office Supplies,Appliances,6,14,239.58,41.382,0.23333333333333336,0.1727272727272727
OFF-AP-10002118,"1.7 Cubic Foot Compact ""Cube"" Office Refrigerators",Office Supplies,Appliances,6,14,2706.08,578.6848,0.06666666666666667,0.21384615384615385
OFF-AP-10002191,Belkin 8 Outlet SurgeMaster II Gold Surge Protector,Office Supplies,Appliances,5,15,737.754,89.97,0.22000000000000003,0.12195121951219512
OFF-AP-10002203,Eureka Disposable Bags for Sanitaire Vibra Groomer I Upright Vac,Office Supplies,Appliances,1,2,1.624,-4.466,0.8,-2.75
OFF-AP-10002222,Staple holder,Office Supplies,Appliances,4,13,107.508,25.229699999999998,0.05,0.23467741935483868
OFF-AP-10002287,"Eureka Sanitaire  Multi-Pro Heavy-Duty Upright, Disposable Bags",Office Supplies,Appliances,5,22,83.904,12.7604,0.12000000000000002,0.15208333333333335
OFF-AP-10002311,"Holmes Replacement Filter for HEPA Air Cleaner, Very Large Room, HEPA Filter",Office Supplies,Appliances,10,26,1383.0810000000001,381.2074,0.21000000000000002,0.27562189054726366
OFF-AP-10002350,Belkin F9H710-06 7 Outlet SurgeMaster Surge Protector,Office Supplies,Appliances,8,29,516.216,122.8368,0.07500000000000001,0.23795620437956203
OFF-AP-10002403,Acco Smartsocket Color-Coded Six-Outlet AC Adapter Model Surge Protectors,Office Supplies,Appliances,4,14,448.902,-7.041599999999996,0.30000000000000004,-0.015686274509803914
OFF-AP-10002439,Tripp Lite Isotel 8 Ultra 8 Outlet Metal Surge,Office Supplies,Appliances,3,16,823.2520000000001,-17.03280000000001,0.3333333333333333,-0.020689655172413803
OFF-AP-10002457,"Eureka The Boss Plus 12-Amp Hard Box Upright Vacuum, Red",Office Supplies,Appliances,6,20,1674.4,146.51000000000002,0.21666666666666667,0.08750000000000001
OFF-AP-10002472,3M Office Air Cleaner,Office Supplies,Appliances,2,10,259.8,90.93,0.0,0.35000000000000003
OFF-AP-10002495,"Acco Smartsocket Table Surge Protector, 6 Color-Coded Adapter Outlets",Office Supplies,Appliances,3,8,452.96500000000003,105.48499999999999,0.10000000000000002,0.23287671232876708
OFF-AP-10002518,Kensington 7 Outlet MasterPiece Power Center,Office Supplies,Appliances,5,21,2883.276,229.59420000000003,0.2,0.07962962962962965
OFF-AP-10002534,3.6 Cubic Foot Counter Height Office Refrigerator,Office Supplies,Appliances,5,18,2946.2,-872.0751999999999,0.52,-0.296
OFF-AP-10002578,"Fellowes Premier Superior Surge Suppressor, 10-Outlet, With Phone and Remote",Office Supplies,Appliances,7,21,929.48,169.2632,0.14285714285714285,0.18210526315789474
OFF-AP-10002651,Hoover Upright Vacuum With Dirt Cup,Office Supplies,Appliances,6,31,6832.908,460.35269999999986,0.16666666666666666,0.06737288135593218
OFF-AP-10002670,Belkin 8-Outlet Premiere SurgeMaster II Surge Protectors,Office Supplies,Appliances,2,4,277.92,83.376,0.0,0.3
OFF-AP-10002684,"Acco 7-Outlet Masterpiece Power Center, Wihtout Fax/Phone Line Protection",Office Supplies,Appliances,7,31,3039.5,401.21400000000006,0.2857142857142857,0.132
OFF-AP-10002734,Holmes Harmony HEPA Air Purifier for 17 x 20 Room,Office Supplies,Appliances,1,3,675.12,290.3016,0.0,0.43
OFF-AP-10002765,Fellowes Advanced Computer Series Surge Protectors,Office Supplies,Appliances,6,15,386.75399999999996,100.662,0.03333333333333333,0.26027397260273977
OFF-AP-10002867,Fellowes Command Center 5-outlet power strip,Office Supplies,Appliances,4,15,664.832,-78.016,0.25,-0.11734693877551021
OFF-AP-10002892,Belkin F5C206VTEL 6 Outlet Surge,Office Supplies,Appliances,7,22,464.196,110.304,0.05714285714285715,0.2376237623762376
OFF-AP-10002906,Hoover Replacement Belt for Commercial Guardsman Heavy-Duty Upright Vacuum,Office Supplies,Appliances,4,6,9.768,0.4439999999999999,0.3,0.04545454545454544
OFF-AP-10002945,Honeywell Enviracaire Portable HEPA Air Cleaner for 17' x 22' Room,Office Supplies,Appliances,8,40,11304.44,3247.02,0.05,0.28723404255319146
OFF-AP-10002998,Holmes 99% HEPA Air Purifier,Office Supplies,Appliances,4,17,333.564,86.8566,0.1,0.2603896103896104
OFF-AP-10003040,Fellowes 8 Outlet Superior Workstation Surge Protector w/o Phone/Fax/Modem Protection,Office Supplies,Appliances,5,25,665.6759999999999,43.706,0.2,0.06565656565656566
OFF-AP-10003057,Honeywell Enviracaire Portable HEPA Air Cleaner for 16' x 20' Room,Office Supplies,Appliances,3,14,3855.1800000000003,1503.5202,0.0,0.38999999999999996
OFF-AP-10003099,"Eureka Hand Vacuum, Bagless",Office Supplies,Appliances,1,4,197.72,55.3616,0.0,0.28
OFF-AP-10003217,Eureka Sanitaire  Commercial Upright,Office Supplies,Appliances,3,12,1524.5320000000002,53.0272,0.3333333333333333,0.03478260869565217
OFF-AP-10003266,"Holmes Replacement Filter for HEPA Air Cleaner, Large Room",Office Supplies,Appliances,4,12,151.062,47.9844,0.15000000000000002,0.3176470588235294
OFF-AP-10003278,Belkin 7-Outlet SurgeMaster Home Series,Office Supplies,Appliances,5,10,106.172,2.794,0.24000000000000005,0.026315789473684213
OFF-AP-10003281,Acco 6 Outlet Guardian Standard Surge Suppressor,Office Supplies,Appliances,5,15,149.916,22.971,0.2,0.1532258064516129
OFF-AP-10003287,Tripp Lite TLP810NET Broadband Surge for Modem/Fax,Office Supplies,Appliances,6,22,937.848,130.4832,0.23333333333333336,0.13913043478260873
OFF-AP-10003590,Hoover WindTunnel Plus Canister Vacuum,Office Supplies,Appliances,3,9,3051.3,697.44,0.06666666666666667,0.22857142857142856
OFF-AP-10003622,"Bravo II Megaboss 12-Amp Hard Body Upright, Replacement Belts, 2 Belts per Pack",Office Supplies,Appliances,5,29,87.75,20.8325,0.12000000000000002,0.2374074074074074
OFF-AP-10003779,Kensington 7 Outlet MasterPiece Power Center with Fax/Phone Line Protection,Office Supplies,Appliances,4,8,1473.108,311.22,0.07500000000000001,0.21126760563380284
OFF-AP-10003842,Euro-Pro Shark Turbo Vacuum,Office Supplies,Appliances,6,24,693.952,143.74720000000002,0.05000000000000001,0.20714285714285718
OFF-AP-10003849,Hoover Shoulder Vac Commercial Portable Vacuum,Office Supplies,Appliances,6,16,5009.48,715.64,0.18333333333333335,0.14285714285714288
OFF-AP-10003860,Fellowes Advanced 8 Outlet Surge Suppressor with Phone/Fax Protection,Office Supplies,Appliances,3,10,244.288,41.64,0.13333333333333333,0.17045454545454544
OFF-AP-10003884,"Fellowes Smart Surge Ten-Outlet Protector, Platinum",Office Supplies,Appliances,1,3,180.66,50.5848,0.0,0.28
OFF-AP-10003914,"Sanitaire Vibra Groomer IR Commercial Upright Vacuum, Replacement Belts",Office Supplies,Appliances,1,5,13.0,1.3,0.2,0.1
OFF-AP-10003971,Belkin 6 Outlet Metallic Surge Strip,Office Supplies,Appliances,9,29,262.449,28.749599999999997,0.16666666666666666,0.10954356846473028
OFF-AP-10004036,Bionaire 99.97% HEPA Air Cleaner,Office Supplies,Appliances,4,16,199.72799999999998,17.52,0.25,0.08771929824561404
OFF-AP-10004052,"Hoover Replacement Belts For Soft Guard & Commercial Ltweight Upright Vacs, 2/Pk",Office Supplies,Appliances,5,18,56.09,3.4759999999999995,0.2,0.06197183098591548
OFF-AP-10004136,Kensington 6 Outlet SmartSocket Surge Protector,Office Supplies,Appliances,2,6,147.528,-36.882000000000005,0.4,-0.25000000000000006
OFF-AP-10004233,Honeywell Enviracaire Portable Air Cleaner for up to 8 x 10 Room,Office Supplies,Appliances,2,9,299.20799999999997,-177.22320000000002,0.45,-0.5923076923076924
OFF-AP-10004249,Staple holder,Office Supplies,Appliances,5,22,234.61200000000002,42.3738,0.2,0.18061224489795918
OFF-AP-10004336,"Conquest 14 Commercial Heavy-Duty Upright Vacuum, Collection System, Accessory Kit",Office Supplies,Appliances,4,12,546.816,61.5168,0.2,0.1125
OFF-AP-10004487,Kensington 4 Outlet MasterPiece Compact Power Control Center,Office Supplies,Appliances,7,36,2488.392,380.5776,0.17142857142857146,0.15294117647058825
OFF-AP-10004532,Kensington 6 Outlet Guardian Standard Surge Protector,Office Supplies,Appliances,6,20,409.6,110.592,0.0,0.26999999999999996
OFF-AP-10004540,"Eureka The Boss Lite 10-Amp Upright Vacuum, Blue",Office Supplies,Appliances,4,13,1042.08,291.7824,0.0,0.28
OFF-AP-10004655,"Holmes Visible Mist Ultrasonic Humidifier with 2.3-Gallon Output per Day, Replacement Filter",Office Supplies,Appliances,2,5,47.544000000000004,10.188,0.4,0.21428571428571427
OFF-AP-10004708,Fellowes Superior 10 Outlet Split Surge Protector,Office Supplies,Appliances,9,30,867.768,57.09,0.2666666666666667,0.06578947368421052
OFF-AP-10004785,"Holmes Replacement Filter for HEPA Air Cleaner, Medium Room",Office Supplies,Appliances,4,18,203.94,87.6942,0.0,0.43
OFF-AP-10004859,Acco 6 Outlet Guardian Premium Surge Suppressor,Office Supplies,Appliances,8,35,432.432,60.424,0.1625,0.13973063973063973
OFF-AP-10004868,Hoover Commercial Soft Guard Upright Vacuum And Disposable Filtration Bags,Office Supplies,Appliances,4,18,91.68599999999999,-10.4118,0.25,-0.1135593220338983
OFF-AP-10004980,3M Replacement Filter for Office Air Cleaner for 20' x 33' Room,Office Supplies,Appliances,4,14,303.36,-20.476799999999997,0.25,-0.06749999999999999
OFF-AR-10000034,"BIC Brite Liner Grip Highlighters, Assorted, 5/Pack",Office Supplies,Art,6,29,118.72,43.7144,0.06666666666666667,0.3682142857142857
OFF-AR-10000122,Newell 314,Office Supplies,Art,7,24,118.296,17.856,0.08571428571428573,0.1509433962264151
OFF-AR-10000127,Newell 321,Office Supplies,Art,4,22,65.6,14.3664,0.1,0.21900000000000003
OFF-AR-10000203,Newell 336,Office Supplies,Art,4,18,68.48,13.781600000000001,0.1,0.20125
OFF-AR-10000246,Newell 318,Office Supplies,Art,5,23,61.716,14.4004,0.04,0.2333333333333333
OFF-AR-10000255,Newell 328,Office Supplies,Art,3,13,75.92,19.7392,0.0,0.26
OFF-AR-10000315,"Dixon Ticonderoga Maple Cedar Pencil, #2",Office Supplies,Art,3,8,23.332,4.912000000000001,0.06666666666666667,0.2105263157894737
OFF-AR-10000369,Design Ebony Sketching Pencil,Office Supplies,Art,3,11,13.622,2.3074,0.06666666666666667,0.16938775510204082
OFF-AR-10000380,"Hunt PowerHouse Electric Pencil Sharpener, Blue",Office Supplies,Art,10,44,1617.9479999999999,448.164,0.06000000000000001,0.27699530516431925
OFF-AR-10000390,Newell Chalk Holder,Office Supplies,Art,7,21,83.426,36.5918,0.05714285714285715,0.4386138613861386
OFF-AR-10000411,Boston 16701 Slimline Battery Pencil Sharpener,Office Supplies,Art,2,6,86.076,19.128,0.1,0.22222222222222224
OFF-AR-10000422,Pencil and Crayon Sharpener,Office Supplies,Art,4,16,29.346,3.7668,0.15000000000000002,0.12835820895522387
OFF-AR-10000462,Sanford Pocket Accent Highlighters,Office Supplies,Art,3,14,22.4,9.632,0.0,0.43
OFF-AR-10000475,"Hunt BOSTON Vista Battery-Operated Pencil Sharpener, Black",Office Supplies,Art,4,8,83.952,15.857600000000001,0.15000000000000002,0.1888888888888889
OFF-AR-10000538,"Boston Model 1800 Electric Pencil Sharpener, Gray",Office Supplies,Art,3,15,405.36,109.785,0.06666666666666667,0.2708333333333333
OFF-AR-10000588,Newell 345,Office Supplies,Art,9,26,476.16,94.4384,0.06666666666666668,0.19833333333333333
OFF-AR-10000614,Barrel Sharpener,Office Supplies,Art,4,19,67.83000000000001,17.6358,0.0,0.25999999999999995
OFF-AR-10000634,Newell 320,Office Supplies,Art,7,23,81.32,9.4588,0.17142857142857146,0.11631578947368422
OFF-AR-10000657,"Binney & Smith inkTank Desk Highlighter, Chisel Tip, Yellow, 12/Box",Office Supplies,Art,5,22,45.15,13.459,0.08,0.2980952380952381
OFF-AR-10000658,Newell 324,Office Supplies,Art,7,23,263.34000000000003,72.072,0.028571428571428574,0.27368421052631575
OFF-AR-10000716,DIXON Ticonderoga Erasable Checking Pencils,Office Supplies,Art,7,20,94.86,26.784,0.1142857142857143,0.2823529411764706
OFF-AR-10000799,Col-Erase Pencils with Erasers,Office Supplies,Art,2,7,37.696,7.478400000000001,0.1,0.19838709677419358
OFF-AR-10000817,Manco Dry-Lighter Erasable Highlighter,Office Supplies,Art,7,30,88.16,27.968,0.028571428571428574,0.31724137931034485
OFF-AR-10000823,Newell 307,Office Supplies,Art,3,12,19.292,3.5672,0.06666666666666667,0.18490566037735848
OFF-AR-10000896,Newell 329,Office Supplies,Art,2,8,24.272,4.8544,0.1,0.2
OFF-AR-10000914,Boston 16765 Mini Stand Up Battery Pencil Sharpener,Office Supplies,Art,4,10,102.608,16.324,0.1,0.1590909090909091
OFF-AR-10000937,"Dixon Ticonderoga Core-Lock Colored Pencils, 48-Color Set",Office Supplies,Art,2,13,431.28999999999996,165.206,0.1,0.38305084745762713
OFF-AR-10000940,Newell 343,Office Supplies,Art,7,24,65.268,13.7592,0.05714285714285715,0.2108108108108108
OFF-AR-10001022,SANFORD Liquid Accent Tank-Style Highlighters,Office Supplies,Art,3,5,14.2,4.402,0.0,0.31
OFF-AR-10001026,"Sanford Uni-Blazer View Highlighters, Chisel Tip, Yellow",Office Supplies,Art,3,14,30.799999999999997,13.552,0.0,0.44
OFF-AR-10001044,"BOSTON Ranger #55 Pencil Sharpener, Black",Office Supplies,Art,9,27,618.562,120.3337,0.08888888888888889,0.1945378151260504
OFF-AR-10001118,"Binney & Smith Crayola Metallic Crayons, 16-Color Pack",Office Supplies,Art,2,5,16.176000000000002,6.739999999999999,0.1,0.4166666666666666
OFF-AR-10001130,"Quartet Alpha White Chalk, 12/Pack",Office Supplies,Art,2,8,15.469999999999999,6.0996,0.1,0.3942857142857143
OFF-AR-10001149,"Avery Hi-Liter Comfort Grip Fluorescent Highlighter, Yellow Ink",Office Supplies,Art,2,4,7.8,3.042,0.0,0.38999999999999996
OFF-AR-10001149,"Sanford Colorific Colored Pencils, 12/Box",Office Supplies,Art,5,26,73.152,20.735999999999997,0.04,0.2834645669291338
OFF-AR-10001166,Staples in misc. colors,Office Supplies,Art,3,8,60.64,23.6496,0.0,0.39
OFF-AR-10001177,Newell 349,Office Supplies,Art,3,14,42.64,10.0368,0.06666666666666667,0.23538461538461536
OFF-AR-10001216,Newell 339,Office Supplies,Art,3,10,26.688000000000002,6.116,0.06666666666666667,0.22916666666666663
OFF-AR-10001221,"Dixon Ticonderoga Erasable Colored Pencil Set, 12-Color",Office Supplies,Art,2,14,75.348,20.0928,0.1,0.26666666666666666
OFF-AR-10001227,Newell 338,Office Supplies,Art,2,8,23.52,6.3504000000000005,0.0,0.27
OFF-AR-10001231,"Sanford EarthWrite Recycled Pencils, Medium Soft, #2",Office Supplies,Art,3,14,29.4,8.232,0.0,0.27999999999999997
OFF-AR-10001246,Newell 317,Office Supplies,Art,7,32,79.96799999999999,13.1712,0.1142857142857143,0.1647058823529412
OFF-AR-10001315,Newell 310,Office Supplies,Art,7,25,38.72,7.48,0.1142857142857143,0.1931818181818182
OFF-AR-10001374,"BIC Brite Liner Highlighters, Chisel Tip",Office Supplies,Art,6,21,123.12,30.5856,0.10000000000000002,0.24842105263157893
OFF-AR-10001419,Newell 325,Office Supplies,Art,6,34,128.03,29.736,0.10000000000000002,0.23225806451612904
OFF-AR-10001427,Newell 330,Office Supplies,Art,4,11,59.800000000000004,11.1228,0.05,0.18599999999999997
OFF-AR-10001446,Newell 309,Office Supplies,Art,5,20,196.35000000000002,34.65,0.12000000000000002,0.1764705882352941
OFF-AR-10001468,"Sanford Prismacolor Professional Thick Lead Art Pencils, 36-Color Set",Office Supplies,Art,3,7,209.664,49.7952,0.20000000000000004,0.23750000000000002
OFF-AR-10001473,Newell 313,Office Supplies,Art,3,10,28.208,4.264,0.13333333333333333,0.15116279069767444
OFF-AR-10001545,Newell 326,Office Supplies,Art,6,23,36.608,7.8671999999999995,0.06666666666666667,0.21490384615384617
OFF-AR-10001547,Newell 311,Office Supplies,Art,8,30,61.438,13.039,0.07500000000000001,0.21223021582733811
OFF-AR-10001573,American Pencil,Office Supplies,Art,6,21,48.93,14.189699999999998,0.0,0.29
OFF-AR-10001615,Newell 34,Office Supplies,Art,7,25,460.288,93.248,0.05714285714285715,0.20258620689655174
OFF-AR-10001662,Rogers Handheld Barrel Pencil Sharpener,Office Supplies,Art,7,30,75.62400000000001,15.618,0.05714285714285715,0.20652173913043476
OFF-AR-10001683,Lumber Crayons,Office Supplies,Art,6,19,171.39,55.357,0.13333333333333333,0.32298850574712645
OFF-AR-10001725,Boston Home & Office Model 2000 Electric Pencil Sharpeners,Office Supplies,Art,6,13,297.99,70.477,0.03333333333333333,0.2365079365079365
OFF-AR-10001761,Avery Hi-Liter Smear-Safe Highlighters,Office Supplies,Art,6,24,123.80799999999999,34.1056,0.10000000000000002,0.2754716981132076
OFF-AR-10001770,Economy #2 Pencils,Office Supplies,Art,4,13,34.58,8.9908,0.0,0.26
OFF-AR-10001860,BIC Liqua Brite Liner,Office Supplies,Art,6,27,173.5,53.576800000000006,0.06666666666666667,0.3088
OFF-AR-10001868,Prang Dustless Chalk Sticks,Office Supplies,Art,8,24,38.976,18.816,0.07500000000000001,0.48275862068965514
OFF-AR-10001897,Model L Table or Wall-Mount Pencil Sharpener,Office Supplies,Art,5,24,402.976,92.10879999999999,0.08,0.22857142857142854
OFF-AR-10001915,Peel-Off China Markers,Office Supplies,Art,7,31,287.97,109.4286,0.08571428571428573,0.37999999999999995
OFF-AR-10001919,"OIC #2 Pencils, Medium Soft",Office Supplies,Art,7,17,30.832,8.1404,0.05714285714285715,0.2640243902439024
OFF-AR-10001940,"Sanford Colorific Eraseable Coloring Pencils, 12 Count",Office Supplies,Art,4,15,45.919999999999995,17.875999999999998,0.05,0.3892857142857143
OFF-AR-10001953,Boston 1645 Deluxe Heavier-Duty Electric Pencil Sharpener,Office Supplies,Art,7,27,1073.112,206.26620000000003,0.1142857142857143,0.19221311475409836
OFF-AR-10001954,Newell 331,Office Supplies,Art,4,17,75.306,14.6211,0.1,0.19415584415584416
OFF-AR-10001955,Newell 319,Office Supplies,Art,8,28,511.872,123.00800000000001,0.1,0.24031007751937986
OFF-AR-10001958,Stanley Bostitch Contemporary Electric Pencil Sharpeners,Office Supplies,Art,7,19,275.076,42.7896,0.14285714285714285,0.15555555555555553
OFF-AR-10001972,Newell 323,Office Supplies,Art,3,14,21.168,3.7632000000000003,0.06666666666666667,0.1777777777777778
OFF-AR-10001988,Bulldog Table or Wall-Mount Pencil Sharpener,Office Supplies,Art,3,13,77.87,22.582299999999996,0.0,0.2899999999999999
OFF-AR-10002053,"Premium Writing Pencils, Soft, #2 by Central Association for the Blind",Office Supplies,Art,7,29,81.652,19.4296,0.08571428571428573,0.23795620437956205
OFF-AR-10002067,Newell 334,Office Supplies,Art,6,27,531.712,135.30880000000002,0.03333333333333333,0.25447761194029855
OFF-AR-10002135,Boston Heavy-Duty Trimline Electric Pencil Sharpeners,Office Supplies,Art,5,25,1166.44,310.89,0.04,0.2665289256198347
OFF-AR-10002221,12 Colored Short Pencils,Office Supplies,Art,3,8,18.2,3.016,0.13333333333333333,0.16571428571428573
OFF-AR-10002240,Panasonic KP-150 Electric Pencil Sharpener,Office Supplies,Art,4,16,573.648,126.8064,0.05,0.22105263157894736
OFF-AR-10002255,Newell 346,Office Supplies,Art,5,11,31.104,8.6112,0.04,0.27685185185185185
OFF-AR-10002257,"Eldon Spacemaker Box, Quick-Snap Lid, Clear",Office Supplies,Art,6,18,50.768,9.2852,0.16666666666666666,0.18289473684210525
OFF-AR-10002280,Staples in misc. colors,Office Supplies,Art,2,9,54.348,22.3215,0.1,0.41071428571428575
OFF-AR-10002335,DIXON Oriole Pencils,Office Supplies,Art,6,19,44.891999999999996,8.6172,0.10000000000000002,0.19195402298850578
OFF-AR-10002375,Newell 351,Office Supplies,Art,7,26,82.656,22.107200000000002,0.028571428571428574,0.26746031746031745
OFF-AR-10002399,"Dixon Prang Watercolor Pencils, 10-Color Set with Brush",Office Supplies,Art,7,27,110.76,42.8982,0.05714285714285715,0.3873076923076923
OFF-AR-10002445,SANFORD Major Accent Highlighters,Office Supplies,Art,7,30,209.56799999999998,77.88,0.028571428571428574,0.37162162162162166
OFF-AR-10002467,Dixon Ticonderoga Pencils,Office Supplies,Art,3,13,37.548,9.267800000000001,0.06666666666666667,0.24682539682539684
OFF-AR-10002578,Newell 335,Office Supplies,Art,4,12,34.56,10.0224,0.0,0.29
OFF-AR-10002656,Sanford Liquid Accent Highlighters,Office Supplies,Art,5,24,149.632,48.630399999999995,0.08,0.32499999999999996
OFF-AR-10002671,"Hunt BOSTON Model 1606 High-Volume Electric Pencil Sharpener, Beige",Office Supplies,Art,1,8,1113.024,111.3024,0.2,0.10000000000000002
OFF-AR-10002704,Boston 1900 Electric Pencil Sharpener,Office Supplies,Art,1,1,14.98,4.494,0.0,0.3
OFF-AR-10002766,Prang Drawing Pencil Set,Office Supplies,Art,4,22,56.156,11.5092,0.05,0.20495049504950497
OFF-AR-10002804,Faber Castell Col-Erase Pencils,Office Supplies,Art,5,8,37.164,14.083200000000001,0.08,0.37894736842105264
OFF-AR-10002818,Panasonic KP-310 Heavy-Duty Electric Pencil Sharpener,Office Supplies,Art,2,9,197.82,59.346000000000004,0.0,0.30000000000000004
OFF-AR-10002833,Newell 322,Office Supplies,Art,6,18,30.576,6.6612,0.06666666666666667,0.21785714285714286
OFF-AR-10002952,Stanley Contemporary Battery Pencil Sharpeners,Office Supplies,Art,4,24,293.7,63.012,0.05,0.21454545454545457
OFF-AR-10002956,Boston 16801 Nautilus Battery Pencil Sharpener,Office Supplies,Art,6,23,444.60200000000003,69.9918,0.10000000000000002,0.1574257425742574
OFF-AR-10002987,Prismacolor Color Pencil Set,Office Supplies,Art,7,24,436.48,155.54559999999998,0.08571428571428573,0.3563636363636363
OFF-AR-10003045,Prang Colored Pencils,Office Supplies,Art,7,32,90.55199999999999,38.808,0.05714285714285715,0.4285714285714286
OFF-AR-10003056,Newell 341,Office Supplies,Art,7,23,96.72800000000001,26.8356,0.028571428571428574,0.27743362831858404
OFF-AR-10003087,Staples in misc. colors,Office Supplies,Art,3,15,24.92,5.696,0.06666666666666667,0.22857142857142854
OFF-AR-10003156,50 Colored Long Pencils,Office Supplies,Art,5,14,138.176,32.9184,0.04,0.23823529411764707
OFF-AR-10003158,Fluorescent Highlighters by Dixon,Office Supplies,Art,5,26,90.744,22.4472,0.12000000000000002,0.24736842105263157
OFF-AR-10003179,Dixon Ticonderoga Core-Lock Colored Pencils,Office Supplies,Art,7,28,229.572,58.6684,0.1142857142857143,0.25555555555555554
OFF-AR-10003183,Avery Fluorescent Highlighter Four-Color Set,Office Supplies,Art,8,24,65.464,9.352,0.17500000000000002,0.14285714285714288
OFF-AR-10003190,Newell 32,Office Supplies,Art,6,17,47.232,11.9808,0.03333333333333333,0.25365853658536586
OFF-AR-10003217,Newell 316,Office Supplies,Art,2,11,46.944,8.2152,0.1,0.175
OFF-AR-10003251,Prang Drawing Pencil Set,Office Supplies,Art,7,17,43.924,15.568000000000001,0.08571428571428573,0.3544303797468355
OFF-AR-10003338,"Eberhard Faber 3 1/2"" Golf Pencils",Office Supplies,Art,7,20,139.872,28.272000000000002,0.05714285714285715,0.20212765957446807
OFF-AR-10003373,"Boston School Pro Electric Pencil Sharpener, 1670",Office Supplies,Art,7,32,873.636,149.9432,0.1142857142857143,0.17163120567375886
OFF-AR-10003394,Newell 332,Office Supplies,Art,5,24,67.032,15.5232,0.04,0.23157894736842105
OFF-AR-10003405,"Dixon My First Ticonderoga Pencil, #2",Office Supplies,Art,4,19,95.94,17.0235,0.15000000000000002,0.1774390243902439
OFF-AR-10003469,Nontoxic Chalk,Office Supplies,Art,8,27,42.944,18.233600000000003,0.07500000000000001,0.4245901639344263
OFF-AR-10003477,4009 Highlighters,Office Supplies,Art,1,6,8.04,2.7336,0.0,0.34
OFF-AR-10003478,"Avery Hi-Liter EverBold Pen Style Fluorescent Highlighters, 4/Pack",Office Supplies,Art,6,31,219.78,68.376,0.10000000000000002,0.3111111111111111
OFF-AR-10003481,Newell 348,Office Supplies,Art,6,24,65.6,9.7088,0.16666666666666666,0.14800000000000002
OFF-AR-10003504,Newell 347,Office Supplies,Art,7,32,127.54400000000001,30.3024,0.08571428571428573,0.23758389261744964
OFF-AR-10003514,4009 Highlighters by Sanford,Office Supplies,Art,8,44,171.14,53.8096,0.05,0.31441860465116284
OFF-AR-10003560,Zebra Zazzle Fluorescent Highlighters,Office Supplies,Art,6,20,100.928,20.671999999999997,0.16666666666666666,0.2048192771084337
OFF-AR-10003582,"Boston Electric Pencil Sharpener, Model 1818, Charcoal Black",Office Supplies,Art,8,20,523.59,118.22999999999999,0.07500000000000001,0.2258064516129032
OFF-AR-10003602,"Quartet Omega Colored Chalk, 12/Pack",Office Supplies,Art,7,15,80.592,34.164,0.08571428571428573,0.4239130434782609
OFF-AR-10003631,Staples in misc. colors,Office Supplies,Art,4,30,123.904,26.619999999999997,0.1,0.21484374999999997
OFF-AR-10003651,Newell 350,Office Supplies,Art,6,20,62.32,15.744,0.06666666666666667,0.25263157894736843
OFF-AR-10003696,Panasonic KP-350BK Electric Pencil Sharpener with Auto Stop,Office Supplies,Art,3,4,124.488,26.2808,0.06666666666666667,0.2111111111111111
OFF-AR-10003723,Avery Hi-Liter Fluorescent Desk Style Markers,Office Supplies,Art,2,6,20.279999999999998,7.5036000000000005,0.0,0.37000000000000005
OFF-AR-10003727,Berol Giant Pencil Sharpener,Office Supplies,Art,4,17,254.85000000000002,49.780699999999996,0.1,0.1953333333333333
OFF-AR-10003732,Newell 333,Office Supplies,Art,11,33,86.73599999999999,18.848399999999998,0.05454545454545456,0.2173076923076923
OFF-AR-10003752,Deluxe Chalkboard Eraser Cleaner,Office Supplies,Art,5,17,182.49,76.461,0.08,0.41898734177215186
OFF-AR-10003759,"Crayola Anti Dust Chalk, 12/Pack",Office Supplies,Art,7,35,59.696,24.660999999999998,0.08571428571428573,0.41310975609756095
OFF-AR-10003770,Newell 340,Office Supplies,Art,2,9,25.92,7.5168,0.0,0.29
OFF-AR-10003772,Boston 16750 Black Compact Battery Pencil Sharpener,Office Supplies,Art,2,5,43.75,13.125,0.0,0.3
OFF-AR-10003811,Newell 327,Office Supplies,Art,4,18,39.78,10.7406,0.0,0.27
OFF-AR-10003829,Newell 35,Office Supplies,Art,9,30,93.152,23.288,0.06666666666666668,0.25
OFF-AR-10003856,Newell 344,Office Supplies,Art,6,18,45.592,8.5624,0.06666666666666667,0.1878048780487805
OFF-AR-10003876,"Avery Hi-Liter GlideStik Fluorescent Highlighter, Yellow Ink",Office Supplies,Art,2,9,26.08,9.6496,0.1,0.37
OFF-AR-10003896,"Stride Job 150 Highlighters, Chisel Tip, Assorted Colors",Office Supplies,Art,1,3,17.94,6.4584,0.0,0.36
OFF-AR-10003903,Sanford 52201 APSCO Electric Pencil Sharpener,Office Supplies,Art,4,14,565.3860000000001,140.9368,0.05,0.24927536231884057
OFF-AR-10003958,Newell 337,Office Supplies,Art,2,4,10.496,1.1808,0.2,0.1125
OFF-AR-10003986,Avery Hi-Liter Pen Style Six-Color Fluorescent Set,Office Supplies,Art,1,2,7.7,3.157,0.0,0.41
OFF-AR-10004010,Hunt Boston Vacuum Mount KS Pencil Sharpener,Office Supplies,Art,5,20,671.808,153.95600000000002,0.08,0.22916666666666669
OFF-AR-10004022,Panasonic KP-380BK Classic Electric Pencil Sharpener,Office Supplies,Art,6,22,705.208,111.538,0.10000000000000002,0.15816326530612246
OFF-AR-10004027,"Binney & Smith inkTank Erasable Desk Highlighter, Chisel Tip, Yellow, 12/Box",Office Supplies,Art,3,8,17.64,5.7456000000000005,0.13333333333333333,0.32571428571428573
OFF-AR-10004042,"BOSTON Model 1800 Electric Pencil Sharpeners, Putty/Woodgrain",Office Supplies,Art,6,30,496.248,113.274,0.06666666666666667,0.2282608695652174
OFF-AR-10004062,Staples in misc. colors,Office Supplies,Art,3,15,157.2,39.3,0.0,0.25
OFF-AR-10004078,Newell 312,Office Supplies,Art,11,49,234.768,34.456,0.16363636363636364,0.14676616915422888
OFF-AR-10004165,"Binney & Smith inkTank Erasable Pocket Highlighter, Chisel Tip, Yellow",Office Supplies,Art,3,12,25.992,10.6704,0.06666666666666667,0.4105263157894737
OFF-AR-10004260,Boston 1799 Powerhouse Electric Pencil Sharpener,Office Supplies,Art,3,15,389.70000000000005,109.116,0.0,0.27999999999999997
OFF-AR-10004269,Newell 31,Office Supplies,Art,5,24,94.99000000000001,23.6236,0.04,0.248695652173913
OFF-AR-10004272,Newell 308,Office Supplies,Art,2,5,8.4,2.1,0.0,0.25
OFF-AR-10004344,Bulldog Vacuum Base Pencil Sharpener,Office Supplies,Art,6,31,330.924,59.5903,0.10000000000000002,0.18007246376811595
OFF-AR-10004441,BIC Brite Liner Highlighters,Office Supplies,Art,7,23,86.112,30.8844,0.08571428571428573,0.35865384615384616
OFF-AR-10004456,Panasonic KP-4ABK Battery-Operated Pencil Sharpener,Office Supplies,Art,4,16,234.24,67.92960000000001,0.0,0.29000000000000004
OFF-AR-10004511,"Sanford Colorific Scented Colored Pencils, 12/Pack",Office Supplies,Art,2,11,47.080000000000005,14.5948,0.0,0.30999999999999994
OFF-AR-10004582,BIC Brite Liner Grip Highlighters,Office Supplies,Art,5,17,24.272,8.938,0.08,0.3682432432432433
OFF-AR-10004587,"Boston 1827 Commercial Additional Cutter, Drive Gear & Gear Rack for 1606",Office Supplies,Art,2,3,59.489999999999995,17.847,0.0,0.30000000000000004
OFF-AR-10004602,Boston KS Multi-Size Manual Pencil Sharpener,Office Supplies,Art,7,25,533.3679999999999,119.548,0.05714285714285715,0.2241379310344828
OFF-AR-10004648,Boston 19500 Mighty Mite Electric Pencil Sharpener,Office Supplies,Art,4,17,342.55,92.4885,0.0,0.27
OFF-AR-10004685,"Binney & Smith Crayola Metallic Colored Pencils, 8-Color Set",Office Supplies,Art,7,20,88.896,26.854,0.05714285714285715,0.3020833333333333
OFF-AR-10004691,Boston 1730 StandUp Electric Pencil Sharpener,Office Supplies,Art,3,8,171.04,44.4704,0.0,0.26
OFF-AR-10004707,Staples in misc. colors,Office Supplies,Art,2,4,9.92,3.472,0.0,0.35
OFF-AR-10004752,Blackstonian Pencils,Office Supplies,Art,4,19,49.128,12.6024,0.05,0.25652173913043474
OFF-AR-10004757,Crayola Colored Pencils,Office Supplies,Art,11,40,120.70400000000001,32.8,0.10909090909090911,0.2717391304347826
OFF-AR-10004790,Staples in misc. colors,Office Supplies,Art,2,5,47.88,2.9925,0.2,0.0625
OFF-AR-10004817,Colorific Watercolor Pencils,Office Supplies,Art,3,11,51.6,11.3004,0.06666666666666667,0.219
OFF-AR-10004930,Turquoise Lead Holder with Pocket Clip,Office Supplies,Art,3,6,37.52,10.586,0.06666666666666667,0.28214285714285714
OFF-AR-10004956,Newell 33,Office Supplies,Art,3,10,47.988,8.37,0.13333333333333333,0.17441860465116277
OFF-AR-10004974,Newell 342,Office Supplies,Art,1,3,9.84,2.8536,0.0,0.29000000000000004
OFF-AR-10004999,Newell 315,Office Supplies,Art,6,25,145.912,33.787,0.03333333333333333,0.2315573770491803
OFF-BI-10000014,Heavy-Duty E-Z-D Binders,Office Supplies,Binders,8,29,176.74200000000002,9.055299999999997,0.5,0.05123456790123455
OFF-BI-10000042,"Pressboard Data Binder, Crimson, 12"" X 8 1/2""",Office Supplies,Binders,3,9,33.108000000000004,7.1556,0.3666666666666667,0.21612903225806449
OFF-BI-10000050,"Angle-D Binders with Locking Rings, Label Holders",Office Supplies,Binders,10,42,197.82999999999998,35.332,0.32999999999999996,0.1785977859778598
OFF-BI-10000069,"GBC Prepunched Paper, 19-Hole, for Binding Systems, 24-lb",Office Supplies,Binders,7,38,433.789,125.7838,0.33749999999999997,0.28996539792387543
OFF-BI-10000088,GBC Imprintable Covers,Office Supplies,Binders,8,36,241.56,39.967200000000005,0.3625,0.16545454545454547
OFF-BI-10000136,Avery Non-Stick Heavy Duty View Round Locking Ring Binders,Office Supplies,Binders,3,12,68.172,30.8568,0.06666666666666667,0.45263157894736844
OFF-BI-10000138,Acco Translucent Poly Ring Binders,Office Supplies,Binders,8,31,91.728,16.2864,0.3125,0.17755102040816328
OFF-BI-10000145,Zipper Ring Binder Pockets,Office Supplies,Binders,13,44,81.744,11.7312,0.37692307692307686,0.1435114503816794
OFF-BI-10000174,"Wilson Jones Clip & Carry Folder Binder Tool for Ring Binders, Clear",Office Supplies,Binders,9,47,191.98,50.228,0.2888888888888889,0.26163141993957706
OFF-BI-10000201,"Avery Triangle Shaped Sheet Lifters, Black, 2/Pack",Office Supplies,Binders,6,25,25.83,-4.919999999999999,0.6166666666666667,-0.19047619047619044
OFF-BI-10000216,"Mead 1st Gear 2"" Zipper Binder, Asst. Colors",Office Supplies,Binders,3,9,54.474000000000004,-3.891,0.5333333333333333,-0.07142857142857142
OFF-BI-10000279,"Acco Recycled 2"" Capacity Laser Printer Hanging Data Binders",Office Supplies,Binders,4,10,85.255,8.669999999999998,0.475,0.10169491525423727
OFF-BI-10000285,XtraLife ClearVue Slant-D Ring Binders by Cardinal,Office Supplies,Binders,5,22,72.912,-13.328,0.5,-0.18279569892473116
OFF-BI-10000301,GBC Instant Report Kit,Office Supplies,Binders,13,50,164.985,3.2349999999999994,0.49230769230769234,0.019607843137254898
OFF-BI-10000309,"GBC Twin Loop Wire Binding Elements, 9/16"" Spine, Black",Office Supplies,Binders,9,35,269.394,-2.2830000000000013,0.3888888888888889,-0.008474576271186446
OFF-BI-10000315,Poly Designer Cover & Back,Office Supplies,Binders,7,35,451.962,106.344,0.37142857142857144,0.23529411764705882
OFF-BI-10000320,GBC Plastic Binding Combs,Office Supplies,Binders,10,30,172.692,59.778000000000006,0.26,0.34615384615384615
OFF-BI-10000343,"Pressboard Covers with Storage Hooks, 9 1/2"" x 11"", Light Blue",Office Supplies,Binders,12,44,102.619,-11.882200000000001,0.45,-0.11578947368421054
OFF-BI-10000404,Avery Printable Repositionable Plastic Tabs,Office Supplies,Binders,6,16,115.24000000000001,42.312000000000005,0.23333333333333336,0.36716417910447763
OFF-BI-10000474,Avery Recycled Flexi-View Covers for Binding Systems,Office Supplies,Binders,7,32,197.169,-69.5702,0.5285714285714286,-0.35284552845528455
OFF-BI-10000494,Acco Economy Flexible Poly Round Ring Binder,Office Supplies,Binders,4,6,11.484,-5.742,0.6,-0.5
OFF-BI-10000545,GBC Ibimaster 500 Manual ProClick Binding System,Office Supplies,Binders,9,48,19024.5,760.9799999999996,0.5222222222222223,0.03999999999999998
OFF-BI-10000546,Avery Durable Binders,Office Supplies,Binders,12,50,87.264,13.824,0.3333333333333333,0.15841584158415842
OFF-BI-10000591,Avery Binder Labels,Office Supplies,Binders,4,8,26.063,9.8806,0.22499999999999998,0.37910447761194027
OFF-BI-10000605,"Acco Pressboard Covers with Storage Hooks, 9 1/2"" x 11"", Executive Red",Office Supplies,Binders,9,28,91.44,34.8996,0.15555555555555556,0.38166666666666665
OFF-BI-10000632,Satellite Sectional Post Binders,Office Supplies,Binders,11,38,1219.821,329.0478,0.3727272727272727,0.26975088967971533
OFF-BI-10000666,Surelock Post Binders,Office Supplies,Binders,8,29,653.984,210.864,0.2625,0.32242990654205606
OFF-BI-10000756,Storex DuraTech Recycled Plastic Frosted Binders,Office Supplies,Binders,8,39,94.128,11.447999999999999,0.5,0.1216216216216216
OFF-BI-10000773,Insertable Tab Post Binder Dividers,Office Supplies,Binders,8,25,66.566,-39.699,0.575,-0.5963855421686747
OFF-BI-10000778,GBC VeloBinder Electric Binding Machine,Office Supplies,Binders,4,15,496.018,-411.332,0.725,-0.8292682926829269
OFF-BI-10000822,"Acco PRESSTEX Data Binder with Storage Hooks, Light Blue, 9 1/2"" X 11""",Office Supplies,Binders,5,17,67.25,19.6908,0.26,0.2928
OFF-BI-10000829,Avery Non-Stick Binders,Office Supplies,Binders,7,35,141.884,57.022999999999996,0.1142857142857143,0.4018987341772152
OFF-BI-10000831,Storex Flexible Poly Binders with Double Pockets,Office Supplies,Binders,3,9,10.824,-2.0064,0.4666666666666666,-0.1853658536585366
OFF-BI-10000848,Angle-D Ring Binders,Office Supplies,Binders,6,14,39.384,-1.9691999999999992,0.5333333333333333,-0.04999999999999998
OFF-BI-10000948,"GBC Laser Imprintable Binding System Covers, Desert Sand",Office Supplies,Binders,6,17,146.981,18.408299999999997,0.35000000000000003,0.12524271844660192
OFF-BI-10000962,"Acco Flexible ACCOHIDE Square Ring Data Binder, Dark Blue, 11 1/2"" X 14"" 7/8""",Office Supplies,Binders,10,36,410.004,111.2868,0.29,0.2714285714285714
OFF-BI-10000977,Ibico Plastic Spiral Binding Combs,Office Supplies,Binders,13,47,1100.48,328.928,0.33076923076923076,0.29889502762430936
OFF-BI-10001031,Pressboard Data Binders by Wilson Jones,Office Supplies,Binders,8,27,99.324,22.9086,0.325,0.2306451612903226
OFF-BI-10001036,Cardinal EasyOpen D-Ring Binders,Office Supplies,Binders,8,40,209.30599999999998,26.506000000000004,0.25,0.12663755458515286
OFF-BI-10001071,GBC ProClick Punch Binding System,Office Supplies,Binders,7,31,1573.908,562.3842,0.24285714285714285,0.3573170731707317
OFF-BI-10001072,"GBC Clear Cover, 8-1/2 x 11, unpunched, 25 covers per pack",Office Supplies,Binders,4,15,136.44,13.644000000000002,0.375,0.10000000000000002
OFF-BI-10001078,"Acco PRESSTEX Data Binder with Storage Hooks, Dark Blue, 14 7/8"" X 11""",Office Supplies,Binders,7,37,175.388,73.8674,0.1142857142857143,0.42116564417177915
OFF-BI-10001097,Avery Hole Reinforcements,Office Supplies,Binders,9,32,116.501,14.827399999999999,0.41111111111111115,0.12727272727272726
OFF-BI-10001098,Acco D-Ring Binder w/DublLock,Office Supplies,Binders,9,31,235.18,-102.8378,0.6222222222222222,-0.43727272727272726
OFF-BI-10001107,"GBC White Gloss Covers, Plain Front",Office Supplies,Binders,7,31,269.328,31.421600000000005,0.5,0.1166666666666667
OFF-BI-10001116,"Wilson Jones 1"" Hanging DublLock Ring Binders",Office Supplies,Binders,10,46,117.744,-8.5536,0.5,-0.0726457399103139
OFF-BI-10001120,Ibico EPK-21 Electric Binding System,Office Supplies,Binders,3,13,15875.916000000001,3345.2823,0.3333333333333333,0.2107142857142857
OFF-BI-10001132,"Acco PRESSTEX Data Binder with Storage Hooks, Dark Blue, 9 1/2"" X 11""",Office Supplies,Binders,4,23,62.946,-0.16139999999999866,0.55,-0.002564102564102543
OFF-BI-10001153,Ibico Recycled Grain-Textured Covers,Office Supplies,Binders,4,8,141.614,3.4540000000000006,0.39999999999999997,0.02439024390243903
OFF-BI-10001191,Canvas Sectional Post Binders,Office Supplies,Binders,6,28,422.63599999999997,59.06720000000001,0.3333333333333333,0.13975903614457835
OFF-BI-10001196,"Avery Flip-Chart Easel Binder, Black",Office Supplies,Binders,4,17,239.466,37.8222,0.425,0.15794392523364487
OFF-BI-10001249,Avery Heavy-Duty EZD View Binder with Locking Rings,Office Supplies,Binders,10,41,170.984,29.730800000000002,0.35,0.17388059701492536
OFF-BI-10001267,"Universal Recycled Hanging Pressboard Report Binders, Letter Size",Office Supplies,Binders,5,20,72.806,8.638000000000002,0.48,0.1186440677966102
OFF-BI-10001294,Fellowes Binding Cases,Office Supplies,Binders,5,31,271.44,71.955,0.27999999999999997,0.2650862068965517
OFF-BI-10001308,GBC Standard Plastic Binding Systems' Combs,Office Supplies,Binders,8,30,108.644,5.023999999999999,0.425,0.04624277456647398
OFF-BI-10001359,GBC DocuBind TL300 Electric Binding System,Office Supplies,Binders,11,37,19823.479,2233.5051000000003,0.3,0.11266968325791857
OFF-BI-10001460,Plastic Binding Combs,Office Supplies,Binders,5,23,269.67,84.9915,0.26,0.3151685393258427
OFF-BI-10001510,Deluxe Heavy-Duty Vinyl Round Ring Binder,Office Supplies,Binders,7,33,504.24,88.242,0.32857142857142857,0.17500000000000002
OFF-BI-10001524,GBC Premium Transparent Covers with Diagonal Lined Pattern,Office Supplies,Binders,14,67,780.456,49.51280000000001,0.39999999999999997,0.06344086021505378
OFF-BI-10001525,"Acco Pressboard Covers with Storage Hooks, 14 7/8"" x 11"", Executive Red",Office Supplies,Binders,8,37,63.627,-13.906500000000001,0.5625,-0.218562874251497
OFF-BI-10001543,GBC VeloBinder Manual Binding System,Office Supplies,Binders,8,30,842.166,280.72200000000004,0.275,0.33333333333333337
OFF-BI-10001553,SpineVue Locking Slant-D Ring Binders by Cardinal,Office Supplies,Binders,8,22,110.59400000000001,6.032400000000001,0.3875,0.05454545454545455
OFF-BI-10001575,GBC Linen Binding Covers,Office Supplies,Binders,6,18,207.566,-82.4068,0.5499999999999999,-0.3970149253731343
OFF-BI-10001597,"Wilson Jones Ledger-Size, Piano-Hinge Binder, 2"", Blue",Office Supplies,Binders,12,47,1217.106,215.5548,0.3666666666666667,0.1771043771043771
OFF-BI-10001617,GBC Wire Binding Combs,Office Supplies,Binders,7,26,184.052,41.5668,0.37142857142857144,0.2258426966292135
OFF-BI-10001628,"Acco Data Flex Cable Posts For Top & Bottom Load Binders, 6"" Capacity",Office Supplies,Binders,10,39,287.868,64.1445,0.29,0.22282608695652173
OFF-BI-10001634,Wilson Jones Active Use Binders,Office Supplies,Binders,6,21,115.024,37.0552,0.3,0.3221518987341772
OFF-BI-10001636,Ibico Plastic and Wire Spiral Binding Combs,Office Supplies,Binders,9,41,208.221,21.580800000000004,0.35555555555555557,0.10364372469635628
OFF-BI-10001658,GBC Standard Therm-A-Bind Covers,Office Supplies,Binders,12,34,466.004,8.472800000000007,0.48333333333333334,0.018181818181818195
OFF-BI-10001670,Vinyl Sectional Post Binders,Office Supplies,Binders,11,40,901.03,147.02999999999997,0.41818181818181815,0.1631799163179916
OFF-BI-10001679,GBC Instant Index System for Binding Systems,Office Supplies,Binders,5,19,71.928,-12.432,0.48,-0.17283950617283952
OFF-BI-10001718,GBC DocuBind P50 Personal Binding Machine,Office Supplies,Binders,10,50,2264.892,569.422,0.33999999999999997,0.2514124293785311
OFF-BI-10001721,Trimflex Flexible Post Binders,Office Supplies,Binders,4,21,346.356,112.8864,0.3,0.3259259259259259
OFF-BI-10001757,Pressboard Hanging Data Binders for Unburst Sheets,Office Supplies,Binders,10,48,112.66799999999999,-10.135200000000001,0.43999999999999995,-0.08995633187772928
OFF-BI-10001758,Wilson Jones 14 Line Acrylic Coated Pressboard Data Binders,Office Supplies,Binders,4,23,100.392,35.297399999999996,0.175,0.35159574468085103
OFF-BI-10001759,"Acco Pressboard Covers with Storage Hooks, 14 7/8"" x 11"", Dark Blue",Office Supplies,Binders,5,24,59.817,13.1826,0.3,0.22038216560509555
OFF-BI-10001765,Wilson Jones Heavy-Duty Casebound Ring Binders with Metal Hinges,Office Supplies,Binders,6,22,554.24,157.95839999999998,0.3,0.285
OFF-BI-10001787,Wilson Jones Four-Pocket Poly Binders,Office Supplies,Binders,4,17,62.13,5.4282,0.425,0.08736842105263158
OFF-BI-10001890,Avery Poly Binder Pockets,Office Supplies,Binders,8,34,78.044,14.749600000000001,0.25,0.1889908256880734
OFF-BI-10001900,"DXL Angle-View Binders with Locking Rings, Black",Office Supplies,Binders,4,26,124.592,42.0498,0.2,0.33749999999999997
OFF-BI-10001922,Storex Dura Pro Binders,Office Supplies,Binders,5,33,153.252,49.361399999999996,0.32,0.3220930232558139
OFF-BI-10001982,Wilson Jones Custom Binder Spines & Labels,Office Supplies,Binders,7,22,41.344,-19.6928,0.6285714285714284,-0.47631578947368414
OFF-BI-10001989,Premium Transparent Presentation Covers by GBC,Office Supplies,Binders,10,43,753.182,284.0692,0.21000000000000002,0.37715877437325906
OFF-BI-10002003,Ibico Presentation Index for Binding Systems,Office Supplies,Binders,7,27,72.038,15.0842,0.2714285714285714,0.20939226519337018
OFF-BI-10002012,Wilson Jones Easy Flow II Sheet Lifters,Office Supplies,Binders,12,49,51.480000000000004,5.6160000000000005,0.38333333333333336,0.1090909090909091
OFF-BI-10002026,Avery Arch Ring Binders,Office Supplies,Binders,10,40,1318.87,87.15000000000003,0.39,0.06607929515418505
OFF-BI-10002026,Ibico Recycled Linen-Style Covers,Office Supplies,Binders,4,24,749.952,262.4832,0.3,0.35000000000000003
OFF-BI-10002049,UniKeep View Case Binders,Office Supplies,Binders,5,13,28.851,-5.4768,0.5,-0.18983050847457628
OFF-BI-10002071,Fellowes Black Plastic Comb Bindings,Office Supplies,Binders,9,34,102.256,-4.415600000000001,0.4111111111111111,-0.043181818181818196
OFF-BI-10002072,Cardinal Slant-D Ring Binders,Office Supplies,Binders,5,17,119.922,46.057,0.18,0.3840579710144928
OFF-BI-10002082,GBC Twin Loop Wire Binding Elements,Office Supplies,Binders,10,47,1041.664,259.584,0.37,0.24920127795527158
OFF-BI-10002103,"Cardinal Slant-D Ring Binder, Heavy Gauge Vinyl",Office Supplies,Binders,10,37,179.014,5.3877999999999995,0.41,0.030097087378640773
OFF-BI-10002133,"Wilson Jones Elliptical Ring 3 1/2"" Capacity Binders, 800 sheets",Office Supplies,Binders,8,42,834.6,-82.17599999999999,0.5125,-0.09846153846153845
OFF-BI-10002160,Acco Hanging Data Binders,Office Supplies,Binders,7,17,41.910000000000004,8.2296,0.32857142857142857,0.19636363636363632
OFF-BI-10002194,Cardinal Hold-It CD Pocket,Office Supplies,Binders,4,12,38.304,-12.4488,0.5,-0.325
OFF-BI-10002215,"Wilson Jones Hanging View Binder, White, 1""",Office Supplies,Binders,7,23,143.42,55.238,0.1142857142857143,0.38514851485148516
OFF-BI-10002225,"Square Ring Data Binders, Rigid 75 Pt. Covers, 11"" x 14-7/8""",Office Supplies,Binders,7,22,334.368,98.2464,0.2571428571428572,0.2938271604938271
OFF-BI-10002309,Avery Heavy-Duty EZD  Binder With Locking Rings,Office Supplies,Binders,6,28,110.48400000000001,29.239199999999997,0.21666666666666665,0.2646464646464646
OFF-BI-10002353,GBC VeloBind Cover Sets,Office Supplies,Binders,11,42,342.768,18.527999999999995,0.4636363636363636,0.05405405405405404
OFF-BI-10002393,Binder Posts,Office Supplies,Binders,6,16,57.4,7.8064,0.45,0.136
OFF-BI-10002412,Wilson Jones “Snap” Scratch Pad Binder Tool for Ring Binders,Office Supplies,Binders,5,22,100.92,30.739999999999995,0.2,0.30459770114942525
OFF-BI-10002414,GBC ProClick Spines for 32-Hole Punch,Office Supplies,Binders,5,12,66.40899999999999,-13.2818,0.44000000000000006,-0.20000000000000004
OFF-BI-10002429,"Premier Elliptical Ring Binder, Black",Office Supplies,Binders,9,46,526.612,-201.51279999999997,0.6444444444444444,-0.38265895953757223
OFF-BI-10002432,Wilson Jones Standard D-Ring Binders,Office Supplies,Binders,8,26,96.646,26.9192,0.32499999999999996,0.27853403141361255
OFF-BI-10002437,Recycled Premium Regency Composition Covers,Office Supplies,Binders,3,9,110.01599999999999,39.880799999999994,0.20000000000000004,0.3625
OFF-BI-10002498,Clear Mylar Reinforcing Strips,Office Supplies,Binders,7,29,377.538,90.27269999999999,0.41428571428571426,0.23910891089108907
OFF-BI-10002557,Presstex Flexible Ring Binders,Office Supplies,Binders,8,30,92.82,24.569999999999997,0.35,0.2647058823529412
OFF-BI-10002571,"Avery Framed View Binder, EZD Ring (Locking), Navy, 1 1/2""",Office Supplies,Binders,6,19,99.80000000000001,-0.698599999999999,0.45,-0.006999999999999989
OFF-BI-10002609,Avery Hidden Tab Dividers for Binding Systems,Office Supplies,Binders,7,24,31.588,-7.032800000000001,0.6142857142857142,-0.22264150943396227
OFF-BI-10002706,Avery Premier Heavy-Duty Binder with Round Locking Rings,Office Supplies,Binders,7,21,191.352,29.416800000000002,0.3428571428571429,0.1537313432835821
OFF-BI-10002735,GBC Prestige Therm-A-Bind Covers,Office Supplies,Binders,10,39,1073.903,364.7153,0.16999999999999998,0.33961661341853033
OFF-BI-10002764,Recycled Pressboard Report Cover with Reinforced Top Hinge,Office Supplies,Binders,8,34,69.768,13.759799999999998,0.3625,0.1972222222222222
OFF-BI-10002794,"Avery Trapezoid Ring Binder, 3"" Capacity, Black, 1040 sheets",Office Supplies,Binders,7,22,545.034,85.2384,0.5,0.15639097744360902
OFF-BI-10002799,"SlimView Poly Binder, 3/8""",Office Supplies,Binders,7,40,117.58599999999998,5.697999999999999,0.4571428571428572,0.04845814977973568
OFF-BI-10002813,Avery Reinforcements for Hole-Punch Pages,Office Supplies,Binders,8,41,28.512,-16.137,0.575,-0.5659722222222222
OFF-BI-10002824,Recycled Easel Ring Binders,Office Supplies,Binders,9,35,308.844,21.634000000000004,0.3888888888888889,0.07004830917874398
OFF-BI-10002827,Avery Durable Poly Binders,Office Supplies,Binders,6,33,82.95,-15.5946,0.5333333333333333,-0.188
OFF-BI-10002852,Ibico Standard Transparent Covers,Office Supplies,Binders,10,34,390.576,104.81280000000001,0.32999999999999996,0.2683544303797468
OFF-BI-10002854,"Performers Binder/Pad Holder, Black",Office Supplies,Binders,8,36,611.054,106.514,0.3625,0.1743119266055046
OFF-BI-10002867,GBC Recycled Regency Composition Covers,Office Supplies,Binders,6,26,1291.248,451.9368,0.2333333333333333,0.35
OFF-BI-10002897,"Black Avery Memo-Size 3-Ring Binder, 5 1/2"" x 8 1/2""",Office Supplies,Binders,4,16,45.507999999999996,15.560799999999999,0.27499999999999997,0.3419354838709677
OFF-BI-10002931,"Avery Trapezoid Extra Heavy Duty 4"" Binders",Office Supplies,Binders,4,15,314.54999999999995,0.0,0.44999999999999996,0.0
OFF-BI-10002949,Prestige Round Ring Binders,Office Supplies,Binders,8,21,85.728,18.0576,0.375,0.21063829787234045
OFF-BI-10002954,Newell 3-Hole Punched Plastic Slotted Magazine Holders for Binders,Office Supplies,Binders,6,20,51.184000000000005,3.6559999999999993,0.43333333333333335,0.07142857142857141
OFF-BI-10002976,ACCOHIDE Binder by Acco,Office Supplies,Binders,4,21,65.25399999999999,19.287100000000002,0.22499999999999998,0.29556962025316463
OFF-BI-10002982,Avery Self-Adhesive Photo Pockets for Polaroid Photos,Office Supplies,Binders,11,41,143.01,-2.1791999999999967,0.5363636363636364,-0.015238095238095216
OFF-BI-10003007,"Premium Transparent Presentation Covers, No Pattern/Clear, 8 1/2"" x 11""",Office Supplies,Binders,7,29,698.04,90.7452,0.2857142857142857,0.13
OFF-BI-10003091,GBC DocuBind TL200 Manual Binding Machine,Office Supplies,Binders,6,23,4322.814,1592.4978,0.21666666666666667,0.3683937823834197
OFF-BI-10003094,Self-Adhesive Ring Binder Labels,Office Supplies,Binders,4,11,22.88,2.3584000000000005,0.425,0.10307692307692311
OFF-BI-10003166,GBC Plasticlear Binding Covers,Office Supplies,Binders,7,23,68.88,-68.4208,0.7285714285714285,-0.9933333333333334
OFF-BI-10003196,Accohide Poly Flexible Ring Binders,Office Supplies,Binders,8,34,43.758,-19.822000000000003,0.5375,-0.45299145299145305
OFF-BI-10003274,"Avery Durable Slant Ring Binders, No Labels",Office Supplies,Binders,9,36,89.55,13.611600000000001,0.36666666666666664,0.15200000000000002
OFF-BI-10003291,Wilson Jones Leather-Like Binders with DublLock Round Rings,Office Supplies,Binders,12,46,238.329,25.4916,0.35000000000000003,0.10695970695970695
OFF-BI-10003305,Avery Hanging File Binders,Office Supplies,Binders,6,26,105.846,21.8868,0.25,0.20677966101694917
OFF-BI-10003314,Tuff Stuff Recycled Round Ring Binders,Office Supplies,Binders,9,23,80.494,23.955399999999997,0.2777777777777778,0.29760479041916166
OFF-BI-10003350,Acco Expandable Hanging Binders,Office Supplies,Binders,4,11,38.918,1.0208000000000004,0.35,0.026229508196721322
OFF-BI-10003355,Cardinal Holdit Business Card Pockets,Office Supplies,Binders,8,25,87.648,22.908,0.2375,0.2613636363636364
OFF-BI-10003364,Binding Machine Supplies,Office Supplies,Binders,9,32,667.9929999999999,182.6042,0.18888888888888888,0.27336244541484717
OFF-BI-10003429,"Cardinal HOLDit! Binder Insert Strips,Extra Strips",Office Supplies,Binders,9,41,136.728,4.367700000000001,0.4555555555555555,0.03194444444444445
OFF-BI-10003460,Acco 3-Hole Punch,Office Supplies,Binders,9,36,137.53199999999998,55.538399999999996,0.23333333333333334,0.40382165605095544
OFF-BI-10003476,Avery Metallic Poly Binders,Office Supplies,Binders,6,31,135.80100000000002,43.4334,0.3,0.31983122362869193
OFF-BI-10003527,Fellowes PB500 Electric Punch Plastic Comb Binding Machine with Manual Bind,Office Supplies,Binders,10,31,27453.384000000002,7753.039,0.24,0.2824074074074074
OFF-BI-10003529,Avery Round Ring Poly Binders,Office Supplies,Binders,6,17,36.919999999999995,12.2972,0.3,0.3330769230769231
OFF-BI-10003638,GBC Durable Plastic Covers,Office Supplies,Binders,8,34,369.585,14.318999999999997,0.35,0.038743455497382194
OFF-BI-10003650,GBC DocuBind 300 Electric Binding Machine,Office Supplies,Binders,8,23,6785.142,494.4212000000001,0.4125,0.07286821705426358
OFF-BI-10003655,Durable Pressboard Binders,Office Supplies,Binders,2,11,37.239999999999995,15.085999999999999,0.1,0.40510204081632656
OFF-BI-10003656,Fellowes PB200 Plastic Comb Binding Machine,Office Supplies,Binders,9,38,4181.754,693.5591999999999,0.3222222222222222,0.16585365853658535
OFF-BI-10003669,3M Organizer Strips,Office Supplies,Binders,7,26,83.16,10.151999999999997,0.3857142857142857,0.12207792207792205
OFF-BI-10003676,"GBC Standard Recycled Report Covers, Clear Plastic Sheets",Office Supplies,Binders,12,51,258.72,-27.1656,0.4916666666666667,-0.105
OFF-BI-10003684,Wilson Jones Legal Size Ring Binders,Office Supplies,Binders,9,44,532.158,48.37800000000001,0.4222222222222222,0.09090909090909093
OFF-BI-10003694,"Avery 3 1/2"" Diskette Storage Pages, 10/Pack",Office Supplies,Binders,6,27,137.808,-14.4072,0.3833333333333333,-0.10454545454545455
OFF-BI-10003707,Aluminum Screw Posts,Office Supplies,Binders,11,41,354.032,41.202,0.43636363636363634,0.11637931034482758
OFF-BI-10003708,"Acco Four Pocket Poly Ring Binder with Label Holder, Smoke, 1""",Office Supplies,Binders,6,28,122.18,7.449999999999999,0.4000000000000001,0.06097560975609755
OFF-BI-10003712,"Acco Pressboard Covers with Storage Hooks, 14 7/8"" x 11"", Light Blue",Office Supplies,Binders,11,45,131.097,18.412499999999998,0.4636363636363636,0.14044943820224717
OFF-BI-10003718,GBC Therma-A-Bind 250T Electric Binding System,Office Supplies,Binders,2,12,1180.704,413.2464,0.2,0.35000000000000003
OFF-BI-10003719,Large Capacity Hanging Post Binders,Office Supplies,Binders,5,22,276.945,-19.461000000000006,0.45999999999999996,-0.07027027027027029
OFF-BI-10003727,Avery Durable Slant Ring Binders With Label Holder,Office Supplies,Binders,9,36,90.706,12.456400000000002,0.4888888888888888,0.1373271889400922
OFF-BI-10003784,Computer Printout Index Tabs,Office Supplies,Binders,4,15,11.088000000000001,-2.016,0.5,-0.1818181818181818
OFF-BI-10003876,"Green Canvas Binder for 8-1/2"" x 14"" Sheets",Office Supplies,Binders,5,19,569.24,162.64000000000001,0.25999999999999995,0.28571428571428575
OFF-BI-10003910,DXL Angle-View Binders with Locking Rings by Samsill,Office Supplies,Binders,10,35,215.109,66.6915,0.24,0.3100358422939068
OFF-BI-10003925,Fellowes PB300 Plastic Comb Binding Machine,Office Supplies,Binders,6,27,8070.192,2518.0551,0.2333333333333333,0.31201923076923077
OFF-BI-10003963,Cardinal Holdit Data Disk Pockets,Office Supplies,Binders,3,16,100.464,38.7296,0.13333333333333333,0.38550724637681155
OFF-BI-10003981,"Avery Durable Plastic 1"" Binders",Office Supplies,Binders,7,34,116.224,37.5004,0.32857142857142857,0.32265625
OFF-BI-10003982,Wilson Jones Century Plastic Molded Ring Binders,Office Supplies,Binders,10,48,583.6370000000001,55.2482,0.37,0.09466192170818503
OFF-BI-10003984,Lock-Up Easel 'Spel-Binder',Office Supplies,Binders,7,44,704.691,39.3714,0.4857142857142857,0.055870445344129556
OFF-BI-10004001,GBC Recycled VeloBinder Covers,Office Supplies,Binders,8,42,487.34400000000005,100.8768,0.35,0.206993006993007
OFF-BI-10004002,Wilson Jones International Size A4 Ring Binders,Office Supplies,Binders,7,18,174.73000000000002,12.802000000000005,0.37142857142857144,0.07326732673267329
OFF-BI-10004022,Acco Suede Grain Vinyl Round Ring Binder,Office Supplies,Binders,8,29,38.641999999999996,-4.892799999999999,0.5375,-0.12661870503597122
OFF-BI-10004040,Wilson Jones Impact Binders,Office Supplies,Binders,9,42,134.68,23.724400000000003,0.3888888888888889,0.17615384615384616
OFF-BI-10004094,GBC Standard Plastic Binding Systems Combs,Office Supplies,Binders,5,13,55.755,-2.9205000000000014,0.5,-0.0523809523809524
OFF-BI-10004099,GBC VeloBinder Strips,Office Supplies,Binders,4,20,52.992,-23.808,0.55,-0.4492753623188406
OFF-BI-10004139,Fellowes Presentation Covers for Comb Binding Machines,Office Supplies,Binders,2,14,133.86,21.825000000000003,0.4,0.16304347826086957
OFF-BI-10004140,Avery Non-Stick Binders,Office Supplies,Binders,13,36,75.432,-13.47,0.46153846153846156,-0.17857142857142858
OFF-BI-10004141,Insertable Tab Indexes For Data Binders,Office Supplies,Binders,5,13,17.49,-4.8336,0.6,-0.27636363636363637
OFF-BI-10004182,Economy Binders,Office Supplies,Binders,4,19,29.952,9.7968,0.30000000000000004,0.3270833333333333
OFF-BI-10004187,3-ring staple pack,Office Supplies,Binders,6,26,42.111999999999995,16.6944,0.10000000000000002,0.3964285714285715
OFF-BI-10004209,"Fellowes Twister Kit, Gray/Clear, 3/pkg",Office Supplies,Binders,10,42,182.508,-3.2159999999999975,0.43,-0.017621145374449323
OFF-BI-10004224,Catalog Binders with Expanding Posts,Office Supplies,Binders,8,36,1089.936,-242.20800000000003,0.5125,-0.22222222222222227
OFF-BI-10004230,GBC Recycled Grain Textured Covers,Office Supplies,Binders,5,20,466.29,107.07400000000001,0.4,0.22962962962962966
OFF-BI-10004233,"GBC Pre-Punched Binding Paper, Plastic, White, 8-1/2"" x 11""",Office Supplies,Binders,8,31,310.206,52.447199999999995,0.2875,0.1690721649484536
OFF-BI-10004236,"XtraLife ClearVue Slant-D Ring Binder, White, 3""",Office Supplies,Binders,10,39,386.084,76.92320000000001,0.3,0.19923954372623576
OFF-BI-10004308,Avery Legal 4-Ring Binder,Office Supplies,Binders,4,16,258.054,90.214,0.325,0.34959349593495936
OFF-BI-10004318,Ibico EB-19 Dual Function Manual Binding System,Office Supplies,Binders,8,23,3234.913,1086.3772,0.2375,0.3358288770053476
OFF-BI-10004330,"GBC Velobind Prepunched Cover Sets, Regency Series",Office Supplies,Binders,7,33,661.942,-9.24499999999999,0.41428571428571426,-0.01396648044692736
OFF-BI-10004352,Wilson Jones DublLock D-Ring Binders,Office Supplies,Binders,2,6,35.775,15.525,0.35,0.4339622641509434
OFF-BI-10004364,Storex Dura Pro Binders,Office Supplies,Binders,12,38,125.334,1.1879999999999988,0.4666666666666666,0.00947867298578198
OFF-BI-10004390,GBC DocuBind 200 Manual Binding Machine,Office Supplies,Binders,4,15,4209.799999999999,1052.45,0.325,0.25000000000000006
OFF-BI-10004410,"C-Line Peel & Stick Add-On Filing Pockets, 8-3/4 x 5-1/8, 10/Pack",Office Supplies,Binders,4,21,85.995,15.0969,0.39999999999999997,0.17555555555555555
OFF-BI-10004465,Avery Durable Slant Ring Binders,Office Supplies,Binders,5,19,51.480000000000004,-23.76,0.6199999999999999,-0.4615384615384615
OFF-BI-10004492,Tuf-Vin Binders,Office Supplies,Binders,7,26,669.496,234.3236,0.2714285714285714,0.35000000000000003
OFF-BI-10004506,Wilson Jones data.warehouse D-Ring Binders with DublLock,Office Supplies,Binders,5,12,66.663,15.307799999999999,0.4,0.22962962962962963
OFF-BI-10004519,GBC DocuBind P100 Manual Binding Machine,Office Supplies,Binders,8,27,2954.444,489.6410000000001,0.25,0.1657303370786517
OFF-BI-10004528,Cardinal Poly Pocket Divider Pockets for Ring Binders,Office Supplies,Binders,4,15,40.32,12.6,0.2,0.3125
OFF-BI-10004584,GBC ProClick 150 Presentation Binding System,Office Supplies,Binders,5,22,3222.996,-461.33079999999995,0.5,-0.14313725490196078
OFF-BI-10004593,Ibico Laser Imprintable Binding System Covers,Office Supplies,Binders,8,34,1100.4,138.336,0.3625,0.12571428571428572
OFF-BI-10004600,Ibico Ibimaster 300 Manual Binding System,Office Supplies,Binders,8,28,7985.383,2318.337,0.16249999999999998,0.2903225806451613
OFF-BI-10004632,GBC Binding covers,Office Supplies,Binders,3,11,137.26999999999998,58.9225,0.06666666666666667,0.429245283018868
OFF-BI-10004632,Ibico Hi-Tech Manual Binding System,Office Supplies,Binders,11,34,5398.323,-304.99,0.4272727272727273,-0.05649717514124294
OFF-BI-10004654,Avery Binding System Hidden Tab Executive Style Index Sets,Office Supplies,Binders,8,26,91.743,16.733,0.3625,0.18238993710691825
OFF-BI-10004654,VariCap6 Expandable Binder,Office Supplies,Binders,3,10,122.83,31.14,0.3,0.2535211267605634
OFF-BI-10004656,Peel & Stick Add-On Corner Pockets,Office Supplies,Binders,7,30,38.016,4.32,0.39999999999999997,0.11363636363636365
OFF-BI-10004716,Wilson Jones Hanging Recycled Pressboard Data Binders,Office Supplies,Binders,2,4,32.647999999999996,1.7807999999999993,0.44999999999999996,0.05454545454545453
OFF-BI-10004728,Wilson Jones Turn Tabs Binder Tool for Ring Binders,Office Supplies,Binders,13,59,212.08,58.5148,0.2692307692307692,0.2759090909090909
OFF-BI-10004738,Flexible Leather- Look Classic Collection Ring Binder,Office Supplies,Binders,6,13,142.05,18.940000000000005,0.3833333333333333,0.13333333333333336
OFF-BI-10004781,GBC Wire Binding Strips,Office Supplies,Binders,5,14,212.65800000000002,-18.409200000000002,0.5,-0.08656716417910448
OFF-BI-10004817,GBC Personal VeloBind Strips,Office Supplies,Binders,7,27,156.938,-11.2612,0.42857142857142855,-0.0717557251908397
OFF-BI-10004826,JM Magazine Binder,Office Supplies,Binders,6,18,204.72400000000002,50.1904,0.21666666666666667,0.2451612903225806
OFF-BI-10004828,GBC Poly Designer Binding Covers,Office Supplies,Binders,6,18,256.122,102.4488,0.21666666666666665,0.4
OFF-BI-10004876,Wilson Jones Suede Grain Vinyl Binders,Office Supplies,Binders,3,8,16.402,5.0596000000000005,0.2333333333333333,0.30847457627118646
OFF-BI-10004965,Ibico Covers for Plastic or Wire Binding Elements,Office Supplies,Binders,7,20,184.0,57.5,0.2285714285714286,0.3125
OFF-BI-10004967,Round Ring Binders,Office Supplies,Binders,6,28,29.952,-0.9152000000000005,0.4666666666666666,-0.03055555555555557
OFF-BI-10004970,"ACCOHIDE 3-Ring Binder, Blue, 1""",Office Supplies,Binders,13,44,147.028,50.7164,0.16153846153846155,0.34494382022471914
OFF-BI-10004995,GBC DocuBind P400 Electric Binding System,Office Supplies,Binders,6,27,17965.068,-1878.1662000000003,0.45,-0.10454545454545457
OFF-EN-10000056,Cameo Buff Policy Envelopes,Office Supplies,Envelopes,8,28,1555.75,632.2568,0.1,0.4064
OFF-EN-10000461,"#10- 4 1/8"" x 9 1/2"" Recycled Envelopes",Office Supplies,Envelopes,8,27,211.508,86.43860000000001,0.07500000000000001,0.40867768595041326
OFF-EN-10000483,"White Envelopes, White Envelopes with Clear Poly Window",Office Supplies,Envelopes,5,22,320.25,139.07999999999998,0.08,0.4342857142857142
OFF-EN-10000781,"#10- 4 1/8"" x 9 1/2"" Recycled Envelopes",Office Supplies,Envelopes,2,10,75.164,28.842,0.1,0.3837209302325581
OFF-EN-10000927,Jet-Pak Recycled Peel 'N' Seal Padded Mailers,Office Supplies,Envelopes,4,19,552.706,177.6555,0.15000000000000002,0.3214285714285714
OFF-EN-10001028,Staple envelope,Office Supplies,Envelopes,2,9,100.63199999999999,42.4092,0.1,0.42142857142857143
OFF-EN-10001099,Staple envelope,Office Supplies,Envelopes,5,18,160.392,65.3304,0.12000000000000002,0.4073170731707317
OFF-EN-10001137,"#10 Gummed Flap White Envelopes, 100/Box",Office Supplies,Envelopes,4,11,41.3,16.7678,0.1,0.4060000000000001
OFF-EN-10001141,"Manila Recycled Extra-Heavyweight Clasp Envelopes, 6"" x 9""",Office Supplies,Envelopes,4,13,125.172,52.3746,0.15000000000000002,0.41842105263157897
OFF-EN-10001219,"#10- 4 1/8"" x 9 1/2"" Security-Tint Envelopes",Office Supplies,Envelopes,8,21,146.688,64.86359999999999,0.07500000000000001,0.44218749999999996
OFF-EN-10001335,"White Business Envelopes with Contemporary Seam, Recycled White Business Envelopes",Office Supplies,Envelopes,6,34,336.952,150.97199999999998,0.10000000000000002,0.448051948051948
OFF-EN-10001415,Staple envelope,Office Supplies,Envelopes,5,11,54.684,23.994,0.12000000000000002,0.4387755102040817
OFF-EN-10001434,"Strathmore #10 Envelopes, Ultimate White",Office Supplies,Envelopes,4,12,632.52,309.9348,0.0,0.49
OFF-EN-10001453,"Tyvek Interoffice Envelopes, 9 1/2"" x 12 1/2"", 100/Box",Office Supplies,Envelopes,5,16,939.092,421.9816,0.04,0.4493506493506494
OFF-EN-10001509,Poly String Tie Envelopes,Office Supplies,Envelopes,11,35,68.136,30.293999999999997,0.07272727272727274,0.44461077844311375
OFF-EN-10001532,Brown Kraft Recycled Envelopes,Office Supplies,Envelopes,5,15,244.512,117.16199999999999,0.04,0.47916666666666663
OFF-EN-10001535,Grip Seal Envelopes,Office Supplies,Envelopes,1,2,7.072,2.3868,0.2,0.3375
OFF-EN-10001539,Staple envelope,Office Supplies,Envelopes,7,26,196.056,88.8476,0.028571428571428574,0.4531746031746032
OFF-EN-10001749,Jiffy Padded Mailers with Self-Seal Closure,Office Supplies,Envelopes,1,2,29.808,10.8054,0.2,0.36250000000000004
OFF-EN-10001990,Staple envelope,Office Supplies,Envelopes,6,23,130.64,61.400800000000004,0.0,0.4700000000000001
OFF-EN-10002230,Airmail Envelopes,Office Supplies,Envelopes,6,19,1359.6660000000002,514.4909,0.13333333333333333,0.37839506172839504
OFF-EN-10002312,#10 Self-Seal White Envelopes,Office Supplies,Envelopes,4,10,108.682,52.123,0.05,0.47959183673469385
OFF-EN-10002500,Globe Weis Peel & Seel First Class Envelopes,Office Supplies,Envelopes,7,30,375.73199999999997,164.862,0.028571428571428574,0.4387755102040817
OFF-EN-10002504,"Tyvek  Top-Opening Peel & Seel Envelopes, Plain White",Office Supplies,Envelopes,7,24,570.78,225.0504,0.1142857142857143,0.3942857142857143
OFF-EN-10002592,"Peel & Seel Recycled Catalog Envelopes, Brown",Office Supplies,Envelopes,4,17,176.01600000000002,77.586,0.1,0.44078947368421045
OFF-EN-10002600,"Redi-Strip #10 Envelopes, 4 1/8 x 9 1/2",Office Supplies,Envelopes,7,35,93.22,39.53,0.1142857142857143,0.42405063291139244
OFF-EN-10002621,Staple envelope,Office Supplies,Envelopes,5,9,78.24,34.23,0.12000000000000002,0.4375
OFF-EN-10002831,"Tyvek  Top-Opening Peel & Seel  Envelopes, Gray",Office Supplies,Envelopes,3,17,610.98,274.941,0.0,0.44999999999999996
OFF-EN-10002973,Ampad #10 Peel & Seel Holiday Envelopes,Office Supplies,Envelopes,3,12,53.760000000000005,25.8048,0.0,0.48
OFF-EN-10002986,"#10-4 1/8"" x 9 1/2"" Premium Diagonal Seam Envelopes",Office Supplies,Envelopes,2,13,176.288,63.747,0.1,0.36160714285714285
OFF-EN-10003001,Ames Color-File Green Diamond Border X-ray Mailers,Office Supplies,Envelopes,4,18,1360.476,559.3068000000001,0.05,0.41111111111111115
OFF-EN-10003040,Quality Park Security Envelopes,Office Supplies,Envelopes,4,11,240.764,88.19290000000001,0.15000000000000002,0.36630434782608695
OFF-EN-10003055,"Blue String-Tie & Button Interoffice Envelopes, 10 x 13",Office Supplies,Envelopes,7,22,783.608,299.85,0.08571428571428573,0.38265306122448983
OFF-EN-10003068,#6 3/4 Gummed Flap White Envelopes,Office Supplies,Envelopes,4,9,71.28,24.948,0.2,0.35
OFF-EN-10003072,Peel & Seel Envelopes,Office Supplies,Envelopes,4,18,62.856,26.5392,0.1,0.4222222222222222
OFF-EN-10003134,Staple envelope,Office Supplies,Envelopes,7,24,247.61599999999999,107.45599999999999,0.1142857142857143,0.43396226415094336
OFF-EN-10003160,Pastel Pink Envelopes,Office Supplies,Envelopes,3,9,65.52,31.4496,0.0,0.48000000000000004
OFF-EN-10003286,Staple envelope,Office Supplies,Envelopes,7,35,284.832,131.238,0.028571428571428574,0.46075581395348836
OFF-EN-10003296,Tyvek Side-Opening Peel & Seel Expanding Envelopes,Office Supplies,Envelopes,5,14,1266.72,570.024,0.0,0.45
OFF-EN-10003448,"Peel & Seel Recycled Catalog Envelopes, Brown",Office Supplies,Envelopes,2,9,88.008,35.898,0.1,0.4078947368421053
OFF-EN-10003567,"Inter-Office Recycled Envelopes, Brown Kraft, Button-String,10"" x 13"" , 100/Box",Office Supplies,Envelopes,3,10,197.82,81.326,0.06666666666666667,0.4111111111111111
OFF-EN-10003798,"Recycled Interoffice Envelopes with Re-Use-A-Seal Closure, 10 x 13",Office Supplies,Envelopes,2,5,68.28,23.0445,0.2,0.33749999999999997
OFF-EN-10003845,Colored Envelopes,Office Supplies,Envelopes,5,16,50.922,19.0404,0.12000000000000002,0.37391304347826093
OFF-EN-10003862,Laser & Ink Jet Business Envelopes,Office Supplies,Envelopes,5,20,198.462,83.226,0.04,0.41935483870967744
OFF-EN-10004007,Park Ridge Embossed Executive Business Envelopes,Office Supplies,Envelopes,1,4,62.28,29.2716,0.0,0.47
OFF-EN-10004030,Convenience Packs of Business Envelopes,Office Supplies,Envelopes,6,18,58.644,24.109199999999998,0.10000000000000002,0.4111111111111111
OFF-EN-10004147,Wausau Papers Astrobrights Colored Envelopes,Office Supplies,Envelopes,3,9,50.232,22.7838,0.06666666666666667,0.45357142857142857
OFF-EN-10004206,Multimedia Mailers,Office Supplies,Envelopes,1,2,325.86,149.8956,0.0,0.45999999999999996
OFF-EN-10004386,"Recycled Interoffice Envelopes with String and Button Closure, 10 x 13",Office Supplies,Envelopes,5,12,259.092,115.152,0.08,0.4444444444444445
OFF-EN-10004459,Security-Tint Envelopes,Office Supplies,Envelopes,9,23,163.496,73.8788,0.06666666666666668,0.45186915887850465
OFF-EN-10004483,"#10 White Business Envelopes,4 1/8 x 9 1/2",Office Supplies,Envelopes,7,32,488.904,223.1408,0.05714285714285715,0.45641025641025645
OFF-EN-10004773,Staple envelope,Office Supplies,Envelopes,4,15,433.72,196.72299999999998,0.1,0.4535714285714285
OFF-EN-10004846,Letter or Legal Size Expandable Poly String Tie Envelopes,Office Supplies,Envelopes,4,16,36.708,15.0024,0.1,0.40869565217391307
OFF-EN-10004955,Fashion Color Clasp Envelopes,Office Supplies,Envelopes,3,15,77.904,36.5175,0.06666666666666667,0.46875
OFF-FA-10000053,Revere Boxed Rubber Bands by Revere,Office Supplies,Fasteners,6,29,48.006,-5.707800000000001,0.10000000000000002,-0.11889763779527561
OFF-FA-10000089,Acco Glide Clips,Office Supplies,Fasteners,1,5,19.6,9.604,0.0,0.48999999999999994
OFF-FA-10000134,"Advantus Push Pins, Aluminum Head",Office Supplies,Fasteners,5,24,139.44,43.2264,0.0,0.31
OFF-FA-10000254,Sterling Rubber Bands by Alliance,Office Supplies,Fasteners,2,5,19.782,-3.768,0.1,-0.19047619047619047
OFF-FA-10000304,Advantus Push Pins,Office Supplies,Fasteners,7,27,54.936,20.2086,0.05714285714285715,0.3678571428571429
OFF-FA-10000490,"OIC Binder Clips, Mini, 1/4"" Capacity, Black",Office Supplies,Fasteners,5,13,15.623999999999999,7.0804,0.04,0.45317460317460323
OFF-FA-10000585,OIC Bulk Pack Metal Binder Clips,Office Supplies,Fasteners,8,30,92.136,35.598,0.125,0.38636363636363635
OFF-FA-10000611,Binder Clips by OIC,Office Supplies,Fasteners,7,27,36.112,15.3328,0.1142857142857143,0.4245901639344262
OFF-FA-10000621,"OIC Colored Binder Clips, Assorted Sizes",Office Supplies,Fasteners,7,44,139.62,59.284800000000004,0.08571428571428573,0.4246153846153846
OFF-FA-10000624,OIC Binder Clips,Office Supplies,Fasteners,7,38,128.164,60.144,0.028571428571428574,0.46927374301675984
OFF-FA-10000735,Staples,Office Supplies,Fasteners,5,19,54.312,23.798000000000002,0.04,0.43817204301075274
OFF-FA-10000840,OIC Thumb-Tacks,Office Supplies,Fasteners,3,13,12.996,5.1414,0.13333333333333333,0.3956140350877193
OFF-FA-10000936,Acco Hot Clips Clips to Go,Office Supplies,Fasteners,6,23,67.116,25.497500000000002,0.13333333333333333,0.37990196078431376
OFF-FA-10000992,"Acco Clips to Go Binder Clips, 24 Clips in Two Sizes",Office Supplies,Fasteners,5,19,66.03,30.2815,0.04,0.4586021505376344
OFF-FA-10001135,"Brites Rubber Bands, 1 1/2 oz. Box",Office Supplies,Fasteners,3,7,13.068000000000001,-0.5147999999999999,0.06666666666666667,-0.039393939393939384
OFF-FA-10001229,Staples,Office Supplies,Fasteners,3,9,29.868000000000002,10.7682,0.13333333333333333,0.36052631578947364
OFF-FA-10001332,"Acco Banker's Clasps, 5 3/4""-Long",Office Supplies,Fasteners,5,15,40.896,18.0,0.08,0.4401408450704225
OFF-FA-10001561,Stockwell Push Pins,Office Supplies,Fasteners,8,34,69.76,20.0996,0.07500000000000001,0.28812499999999996
OFF-FA-10001754,Stockwell Gold Paper Clips,Office Supplies,Fasteners,2,5,8.096,3.404,0.1,0.4204545454545454
OFF-FA-10001843,Staples,Office Supplies,Fasteners,4,22,50.388,21.5878,0.05,0.42843137254901964
OFF-FA-10001883,"Alliance Super-Size Bands, Assorted Sizes",Office Supplies,Fasteners,4,27,197.61200000000002,-10.3474,0.05,-0.052362204724409445
OFF-FA-10002280,Advantus Plastic Paper Clips,Office Supplies,Fasteners,10,47,225.0,102.8,0.06000000000000001,0.4568888888888889
OFF-FA-10002676,Colored Push Pins,Office Supplies,Fasteners,5,15,24.978,7.602,0.08,0.30434782608695654
OFF-FA-10002701,Alliance Rubber Bands,Office Supplies,Fasteners,2,8,13.440000000000001,0.5376000000000001,0.0,0.04
OFF-FA-10002763,Advantus Map Pennant Flags and Round Head Tacks,Office Supplies,Fasteners,6,25,87.69,20.54,0.06666666666666667,0.23423423423423423
OFF-FA-10002780,Staples,Office Supplies,Fasteners,5,37,92.976,33.4356,0.12000000000000002,0.3596153846153846
OFF-FA-10002815,Staples,Office Supplies,Fasteners,3,13,50.616,20.0244,0.13333333333333333,0.3956140350877193
OFF-FA-10002975,Staples,Office Supplies,Fasteners,4,24,77.112,28.1232,0.1,0.3647058823529412
OFF-FA-10002983,Advantus SlideClip Paper Clips,Office Supplies,Fasteners,3,15,46.376000000000005,19.778,0.06666666666666667,0.42647058823529405
OFF-FA-10002988,Ideal Clamps,Office Supplies,Fasteners,8,33,58.69199999999999,24.8637,0.1,0.4236301369863014
OFF-FA-10003021,Staples,Office Supplies,Fasteners,6,22,34.592,7.707999999999999,0.13333333333333333,0.22282608695652173
OFF-FA-10003059,Assorted Color Push Pins,Office Supplies,Fasteners,8,21,34.39,8.923300000000001,0.1,0.25947368421052636
OFF-FA-10003112,Staples,Office Supplies,Fasteners,7,22,146.754,51.285000000000004,0.14285714285714285,0.34946236559139787
OFF-FA-10003467,"Alliance Big Bands Rubber Bands, 12/Pack",Office Supplies,Fasteners,4,15,29.7,0.0,0.0,0.0
OFF-FA-10003472,Bagged Rubber Bands,Office Supplies,Fasteners,5,21,25.704,0.3024,0.04,0.011764705882352941
OFF-FA-10003485,Staples,Office Supplies,Fasteners,2,12,26.724,9.7464,0.1,0.36470588235294116
OFF-FA-10003495,Staples,Office Supplies,Fasteners,7,35,192.128,85.728,0.05714285714285715,0.4462025316455696
OFF-FA-10004076,Translucent Push Pins by OIC,Office Supplies,Fasteners,3,15,24.552,5.841,0.13333333333333333,0.23790322580645162
OFF-FA-10004248,Advantus T-Pin Paper Clips,Office Supplies,Fasteners,5,16,64.042,20.0244,0.12000000000000002,0.31267605633802814
OFF-FA-10004395,Plymouth Boxed Rubber Bands by Plymouth,Office Supplies,Fasteners,5,18,77.244,-3.297,0.08,-0.042682926829268296
OFF-FA-10004838,"Super Bands, 12/Pack",Office Supplies,Fasteners,4,20,33.480000000000004,-2.604,0.1,-0.07777777777777777
OFF-FA-10004854,"Vinyl Coated Wire Paper Clips in Organizer Box, 800/Box",Office Supplies,Fasteners,8,29,296.184,119.7364,0.1,0.40426356589147283
OFF-FA-10004968,Rubber Band Ball,Office Supplies,Fasteners,4,16,58.344,-0.29920000000000013,0.05,-0.005128205128205131
OFF-LA-10000081,Avery 496,Office Supplies,Labels,4,14,50.25,22.950000000000003,0.1,0.4567164179104478
OFF-LA-10000121,Avery 48,Office Supplies,Labels,3,15,90.72,39.69,0.06666666666666667,0.4375
OFF-LA-10000134,Avery 511,Office Supplies,Labels,6,20,56.672,24.64,0.10000000000000002,0.4347826086956522
OFF-LA-10000240,Self-Adhesive Address Labels for Typewriters by Universal,Office Supplies,Labels,7,23,153.51,64.4011,0.08571428571428573,0.4195238095238095
OFF-LA-10000248,Avery 52,Office Supplies,Labels,6,19,68.634,31.475699999999996,0.03333333333333333,0.45860215053763437
OFF-LA-10000262,Avery 494,Office Supplies,Labels,6,23,56.376,23.959799999999998,0.10000000000000002,0.425
OFF-LA-10000305,Avery 495,Office Supplies,Labels,4,16,97.02,42.588,0.05,0.438961038961039
OFF-LA-10000407,Avery White Multi-Purpose Labels,Office Supplies,Labels,4,20,95.616,41.832,0.05,0.4375
OFF-LA-10000414,Avery 503,Office Supplies,Labels,4,15,155.25,74.52,0.0,0.48
OFF-LA-10000443,Avery 501,Office Supplies,Labels,8,22,66.42,23.3946,0.17500000000000002,0.3522222222222222
OFF-LA-10000452,Avery 488,Office Supplies,Labels,6,17,51.03,23.183999999999997,0.06666666666666667,0.45432098765432094
OFF-LA-10000476,"Avery 05222 Permanent Self-Adhesive File Folder Labels for Typewriters, on Rolls, White, 250/Roll",Office Supplies,Labels,2,5,20.65,9.498999999999999,0.0,0.45999999999999996
OFF-LA-10000634,Avery 509,Office Supplies,Labels,4,13,32.364000000000004,14.041799999999999,0.05,0.4338709677419354
OFF-LA-10000973,Avery 502,Office Supplies,Labels,3,7,17.64,6.1739999999999995,0.20000000000000004,0.35
OFF-LA-10001045,Permanent Self-Adhesive File Folder Labels for Typewriters by Universal,Office Supplies,Labels,6,18,44.37,19.000799999999998,0.03333333333333333,0.42823529411764705
OFF-LA-10001074,Round Specialty Laser Printer Labels,Office Supplies,Labels,6,39,421.008,162.0129,0.13333333333333333,0.3848214285714286
OFF-LA-10001158,"Avery Address/Shipping Labels for Typewriters, 4"" x 2""",Office Supplies,Labels,7,28,277.38,126.684,0.05714285714285715,0.45671641791044776
OFF-LA-10001175,Avery 514,Office Supplies,Labels,4,17,47.808,22.8384,0.05,0.47771084337349395
OFF-LA-10001297,Avery 473,Office Supplies,Labels,6,24,248.4,119.232,0.0,0.48
OFF-LA-10001317,Avery 520,Office Supplies,Labels,5,15,46.620000000000005,22.05,0.04,0.4729729729729729
OFF-LA-10001404,Avery 517,Office Supplies,Labels,4,13,44.28,18.8559,0.05,0.4258333333333333
OFF-LA-10001474,Avery 477,Office Supplies,Labels,4,20,573.9639999999999,244.23999999999998,0.05,0.425531914893617
OFF-LA-10001569,Avery 499,Office Supplies,Labels,11,40,176.292,68.724,0.10909090909090911,0.3898305084745763
OFF-LA-10001613,Avery File Folder Labels,Office Supplies,Labels,13,44,113.472,48.8448,0.1076923076923077,0.4304568527918782
OFF-LA-10001641,Avery 518,Office Supplies,Labels,8,35,106.47,49.14,0.05,0.46153846153846156
OFF-LA-10001771,Avery 513,Office Supplies,Labels,5,22,93.624,34.4616,0.08,0.3680851063829787
OFF-LA-10001934,Avery 516,Office Supplies,Labels,4,15,109.64999999999999,51.535500000000006,0.0,0.4700000000000001
OFF-LA-10001982,Smead Alpha-Z Color-Coded Name Labels First Letter Starter Set,Office Supplies,Labels,5,20,71.25,32.25,0.08,0.45263157894736844
OFF-LA-10002034,Avery 478,Office Supplies,Labels,4,18,88.38,43.3062,0.0,0.49
OFF-LA-10002043,Avery 489,Office Supplies,Labels,5,16,159.39,73.278,0.04,0.45974025974025984
OFF-LA-10002195,Avery 481,Office Supplies,Labels,5,30,91.168,43.120000000000005,0.04,0.47297297297297297
OFF-LA-10002271,Smead Alpha-Z Color-Coded Second Alphabetical Labels and Starter Set,Office Supplies,Labels,5,16,48.048,22.4224,0.04,0.4666666666666666
OFF-LA-10002312,Avery 490,Office Supplies,Labels,5,13,177.6,81.4,0.08,0.45833333333333337
OFF-LA-10002368,Avery 479,Office Supplies,Labels,3,7,16.704,6.8382,0.06666666666666667,0.409375
OFF-LA-10002381,Avery 497,Office Supplies,Labels,2,8,24.023999999999997,11.211200000000002,0.1,0.4666666666666668
OFF-LA-10002473,Avery 484,Office Supplies,Labels,1,4,9.216,3.3408,0.2,0.36250000000000004
OFF-LA-10002475,Avery 519,Office Supplies,Labels,6,18,121.34599999999999,51.6086,0.06666666666666667,0.4253012048192772
OFF-LA-10002762,Avery 485,Office Supplies,Labels,8,51,639.03,300.3441,0.0,0.4700000000000001
OFF-LA-10002787,Avery 480,Office Supplies,Labels,6,24,89.25,42.45,0.03333333333333333,0.47563025210084037
OFF-LA-10002945,"Permanent Self-Adhesive File Folder Labels for Typewriters, 1 1/8 x 3 1/2, White",Office Supplies,Labels,6,29,153.72,55.062000000000005,0.13333333333333333,0.35819672131147545
OFF-LA-10003077,Avery 500,Office Supplies,Labels,2,8,58.48,27.4856,0.0,0.47000000000000003
OFF-LA-10003121,Avery 506,Office Supplies,Labels,3,17,66.08,28.166600000000003,0.06666666666666667,0.4262500000000001
OFF-LA-10003148,Avery 51,Office Supplies,Labels,5,16,95.75999999999999,41.328,0.04,0.4315789473684211
OFF-LA-10003190,Avery 474,Office Supplies,Labels,9,30,78.336,34.272,0.1111111111111111,0.4375
OFF-LA-10003223,Avery 508,Office Supplies,Labels,6,19,87.398,39.8201,0.06666666666666667,0.45561797752808986
OFF-LA-10003388,Avery 5,Office Supplies,Labels,1,2,5.76,2.8224,0.0,0.49000000000000005
OFF-LA-10003498,Avery 475,Office Supplies,Labels,4,18,266.4,133.2,0.0,0.5
OFF-LA-10003510,"Avery 4027 File Folder Labels for Dot Matrix Printers, 5000 Labels per Box, White",Office Supplies,Labels,11,43,1233.412,524.5054,0.09090909090909091,0.42524752475247524
OFF-LA-10003537,Avery 515,Office Supplies,Labels,2,5,62.650000000000006,29.445500000000003,0.0,0.47
OFF-LA-10003663,Avery 498,Office Supplies,Labels,3,13,35.258,15.3459,0.06666666666666667,0.43524590163934423
OFF-LA-10003714,Avery 510,Office Supplies,Labels,3,7,21.75,8.100000000000001,0.13333333333333333,0.37241379310344835
OFF-LA-10003720,Avery 487,Office Supplies,Labels,7,25,84.87,35.9775,0.05714285714285715,0.4239130434782608
OFF-LA-10003766,Self-Adhesive Removable Labels,Office Supplies,Labels,7,35,110.25,52.92,0.0,0.48000000000000004
OFF-LA-10003923,Alphabetical Labels for Top Tab Filing,Office Supplies,Labels,9,37,518.0,244.2,0.06666666666666668,0.4714285714285714
OFF-LA-10003930,"Dot Matrix Printer Tape Reel Labels, White, 5000/Box",Office Supplies,Labels,8,36,3322.878,1517.9064,0.05,0.45680473372781066
OFF-LA-10004008,Avery 507,Office Supplies,Labels,2,10,24.192,8.64,0.1,0.35714285714285715
OFF-LA-10004055,Color-Coded Legal Exhibit Labels,Office Supplies,Labels,2,3,14.73,7.2177,0.0,0.49
OFF-LA-10004093,Avery 486,Office Supplies,Labels,9,24,168.13,75.1468,0.044444444444444446,0.4469565217391304
OFF-LA-10004178,Avery 491,Office Supplies,Labels,3,12,45.43,18.6676,0.13333333333333333,0.4109090909090909
OFF-LA-10004272,Avery 482,Office Supplies,Labels,2,4,11.56,5.4332,0.0,0.47000000000000003
OFF-LA-10004345,Avery 493,Office Supplies,Labels,4,13,55.974000000000004,23.4207,0.1,0.4184210526315789
OFF-LA-10004409,Avery 492,Office Supplies,Labels,5,20,53.568,22.464,0.08,0.41935483870967744
OFF-LA-10004425,Staple-on labels,Office Supplies,Labels,5,21,53.754000000000005,21.5883,0.08,0.4016129032258064
OFF-LA-10004484,Avery 476,Office Supplies,Labels,10,37,137.11599999999999,54.5986,0.08,0.39819277108433737
OFF-LA-10004544,Avery 505,Office Supplies,Labels,7,28,372.96000000000004,165.76000000000002,0.1142857142857143,0.4444444444444445
OFF-LA-10004545,Avery 50,Office Supplies,Labels,5,20,235.564,102.74600000000001,0.04,0.4361702127659575
OFF-LA-10004559,Avery 49,Office Supplies,Labels,6,24,66.816,31.564799999999998,0.03333333333333333,0.4724137931034482
OFF-LA-10004677,Self-Adhesive Address Labels for Typewriters with Dispenser Box,Office Supplies,Labels,2,9,26.568,8.9667,0.2,0.33749999999999997
OFF-LA-10004689,Avery 512,Office Supplies,Labels,5,32,84.388,35.373599999999996,0.08,0.41917808219178077
OFF-LA-10004853,Avery 483,Office Supplies,Labels,6,19,83.664,32.569199999999995,0.10000000000000002,0.38928571428571423
OFF-PA-10000007,"Telephone Message Books with Fax/Mobile Section, 4 1/4"" x 6""",Office Supplies,Paper,3,15,51.120000000000005,21.96,0.06666666666666667,0.4295774647887324
OFF-PA-10000019,Xerox 1931,Office Supplies,Paper,8,36,209.952,88.6464,0.07500000000000001,0.4222222222222222
OFF-PA-10000029,Xerox 224,Office Supplies,Paper,6,17,95.904,38.6208,0.10000000000000002,0.40270270270270275
OFF-PA-10000048,Xerox 20,Office Supplies,Paper,1,1,6.48,3.1104,0.0,0.4799999999999999
OFF-PA-10000061,Xerox 205,Office Supplies,Paper,4,24,150.336,69.4656,0.05,0.4620689655172413
OFF-PA-10000062,Green Bar Computer Printout Paper,Office Supplies,Paper,5,17,857.376,380.8728,0.04,0.4442307692307692
OFF-PA-10000069,"TOPS 4 x 6 Fluorescent Color Memo Sheets, 500 Sheets per Pack",Office Supplies,Paper,3,13,102.49199999999999,37.1059,0.13333333333333333,0.36203703703703705
OFF-PA-10000100,Xerox 1945,Office Supplies,Paper,8,45,1696.986,756.2655,0.05,0.44565217391304346
OFF-PA-10000130,Xerox 199,Office Supplies,Paper,4,16,57.352,19.688000000000002,0.15000000000000002,0.3432835820895523
OFF-PA-10000141,"Ampad Evidence Wirebond Steno Books, 6"" x 9""",Office Supplies,Paper,4,14,27.468,11.2924,0.1,0.41111111111111115
OFF-PA-10000143,Astroparche Fine Business Paper,Office Supplies,Paper,6,29,144.672,65.0496,0.06666666666666667,0.44963503649635034
OFF-PA-10000157,Xerox 191,Office Supplies,Paper,10,39,767.232,354.2454,0.02,0.46171875000000007
OFF-PA-10000167,Xerox 1925,Office Supplies,Paper,6,18,489.48400000000004,182.782,0.10000000000000002,0.37341772151898733
OFF-PA-10000174,"Message Book, Wirebound, Four 5 1/2"" X 4"" Forms/Pg., 200 Dupl. Sets/Book",Office Supplies,Paper,6,18,152.144,54.0728,0.16666666666666666,0.3554054054054054
OFF-PA-10000176,Xerox 1887,Office Supplies,Paper,8,30,512.1899999999999,216.25799999999998,0.1,0.4222222222222222
OFF-PA-10000210,Xerox Blank Computer Paper,Office Supplies,Paper,1,5,99.9,46.953,0.0,0.47000000000000003
OFF-PA-10000213,Xerox 198,Office Supplies,Paper,3,16,75.696,33.4656,0.06666666666666667,0.4421052631578948
OFF-PA-10000223,Xerox 2000,Office Supplies,Paper,5,14,84.24000000000001,37.0656,0.08,0.44
OFF-PA-10000232,Xerox 1975,Office Supplies,Paper,5,12,69.98400000000001,30.3264,0.08,0.4333333333333333
OFF-PA-10000241,"IBM Multi-Purpose Copy Paper, 8 1/2 x 11"", Case",Office Supplies,Paper,6,16,458.504,185.88,0.10000000000000002,0.4054054054054054
OFF-PA-10000246,Riverleaf Stik-Withit Designer Note Cubes,Office Supplies,Paper,5,15,136.816,55.33,0.08,0.40441176470588236
OFF-PA-10000249,Easy-staple paper,Office Supplies,Paper,6,17,196.48,85.8372,0.06666666666666667,0.436875
OFF-PA-10000289,Xerox 213,Office Supplies,Paper,6,18,111.456,50.803200000000004,0.06666666666666667,0.4558139534883721
OFF-PA-10000295,Xerox 229,Office Supplies,Paper,3,15,85.536,34.992000000000004,0.13333333333333333,0.4090909090909091
OFF-PA-10000300,Xerox 1936,Office Supplies,Paper,3,9,155.844,60.5394,0.13333333333333333,0.38846153846153847
OFF-PA-10000304,Xerox 1995,Office Supplies,Paper,6,22,121.82400000000001,47.6928,0.10000000000000002,0.3914893617021276
OFF-PA-10000308,Xerox 1901,Office Supplies,Paper,1,4,16.896,5.28,0.2,0.3125
OFF-PA-10000312,Xerox 1955,Office Supplies,Paper,2,10,182.72,59.384,0.2,0.325
OFF-PA-10000327,Xerox 1971,Office Supplies,Paper,6,28,113.84800000000001,47.936,0.10000000000000002,0.42105263157894735
OFF-PA-10000349,Easy-staple paper,Office Supplies,Paper,9,25,118.524,52.539,0.044444444444444446,0.4432773109243698
OFF-PA-10000350,"Message Book, Standard Line ""While You Were Out"", 5 1/2"" X 4"", 200 Sets/Book",Office Supplies,Paper,2,6,51.36,24.139200000000002,0.0,0.47000000000000003
OFF-PA-10000357,"White Dual Perf Computer Printout Paper, 2700 Sheets, 1 Part, Heavyweight, 20 lbs., 14 7/8 x 11",Office Supplies,Paper,6,24,909.9780000000001,408.2604,0.10000000000000002,0.4486486486486486
OFF-PA-10000357,Xerox 1888,Office Supplies,Paper,6,24,1231.656,539.2656,0.06666666666666667,0.4378378378378378
OFF-PA-10000380,"REDIFORM Incoming/Outgoing Call Register, 11"" X 8 1/2"", 100 Messages",Office Supplies,Paper,8,37,281.892,127.602,0.07500000000000001,0.45266272189349116
OFF-PA-10000418,Xerox 189,Office Supplies,Paper,6,19,1782.4499999999998,746.532,0.06666666666666667,0.41882352941176476
OFF-PA-10000466,"Memo Book, 100 Message Capacity, 5 3/8” x 11”",Office Supplies,Paper,3,12,76.836,36.396,0.06666666666666667,0.4736842105263158
OFF-PA-10000474,Easy-staple paper,Office Supplies,Paper,12,34,1105.7279999999998,467.0992,0.08333333333333333,0.4224358974358975
OFF-PA-10000477,Xerox 1952,Office Supplies,Paper,4,20,97.60799999999999,44.82,0.05,0.4591836734693878
OFF-PA-10000477,Xerox 22,Office Supplies,Paper,3,13,75.168,31.3632,0.06666666666666667,0.4172413793103448
OFF-PA-10000482,"Snap-A-Way Black Print Carbonless Ruled Speed Letter, Triplicate",Office Supplies,Paper,6,28,1016.7919999999999,453.7624,0.03333333333333333,0.44626865671641797
OFF-PA-10000483,Xerox 19,Office Supplies,Paper,4,15,415.132,159.54700000000003,0.1,0.3843283582089553
OFF-PA-10000501,Petty Cash Envelope,Office Supplies,Paper,3,10,231.856,94.36,0.13333333333333333,0.4069767441860465
OFF-PA-10000520,Xerox 201,Office Supplies,Paper,5,19,110.16,46.1376,0.08,0.4188235294117647
OFF-PA-10000528,Xerox 1981,Office Supplies,Paper,4,14,70.752,30.096,0.05,0.4253731343283582
OFF-PA-10000533,Southworth Parchment Paper & Envelopes,Office Supplies,Paper,6,15,83.712,30.738,0.13333333333333333,0.3671875
OFF-PA-10000551,Array Memo Cubes,Office Supplies,Paper,3,11,54.908,25.848200000000002,0.06666666666666667,0.4707547169811321
OFF-PA-10000552,Xerox 200,Office Supplies,Paper,5,15,84.24000000000001,33.696,0.12000000000000002,0.3999999999999999
OFF-PA-10000556,Xerox 208,Office Supplies,Paper,2,9,54.432,24.105600000000003,0.1,0.4428571428571429
OFF-PA-10000565,Easy-staple paper,Office Supplies,Paper,2,5,279.9,137.151,0.0,0.4900000000000001
OFF-PA-10000575,"Wirebound Message Books, Four 2 3/4 x 5 White Forms per Page",Office Supplies,Paper,7,34,218.094,95.2656,0.028571428571428574,0.4368098159509203
OFF-PA-10000587,"Array Parchment Paper, Assorted Colors",Office Supplies,Paper,4,15,106.288,49.504000000000005,0.05,0.46575342465753433
OFF-PA-10000595,Xerox 1929,Office Supplies,Paper,4,16,351.736,154.3984,0.05,0.438961038961039
OFF-PA-10000605,Xerox 1950,Office Supplies,Paper,3,9,49.708,23.177799999999998,0.06666666666666667,0.4662790697674418
OFF-PA-10000659,"Adams Phone Message Book, Professional, 400 Message Capacity, 5 3/6” x 11”",Office Supplies,Paper,3,14,94.928,43.1364,0.06666666666666667,0.4544117647058824
OFF-PA-10000659,"TOPS Carbonless Receipt Book, Four 2-3/4 x 7-1/4 Money Receipts per Page",Office Supplies,Paper,4,25,406.464,178.704,0.1,0.43965517241379315
OFF-PA-10000673,"Post-it “Important Message” Note Pad, Neon Colors, 50 Sheets/Pad",Office Supplies,Paper,2,9,62.608000000000004,28.537599999999998,0.1,0.455813953488372
OFF-PA-10000675,Xerox 1919,Office Supplies,Paper,9,40,1565.818,729.622,0.044444444444444446,0.46596858638743455
OFF-PA-10000682,Xerox 1924,Office Supplies,Paper,4,12,60.112,24.7384,0.15000000000000002,0.4115384615384615
OFF-PA-10000697,"TOPS Voice Message Log Book, Flash Format",Office Supplies,Paper,3,12,49.504,20.372799999999998,0.13333333333333333,0.4115384615384615
OFF-PA-10000726,"Black Print Carbonless Snap-Off Rapid Letter, 8 1/2"" x 7""",Office Supplies,Paper,4,19,160.336,65.1365,0.05,0.40624999999999994
OFF-PA-10000740,Xerox 1982,Office Supplies,Paper,3,12,237.536,89.5328,0.06666666666666667,0.3769230769230769
OFF-PA-10000743,Xerox 1977,Office Supplies,Paper,6,20,130.928,61.455999999999996,0.03333333333333333,0.4693877551020408
OFF-PA-10000788,Xerox 210,Office Supplies,Paper,6,18,95.904,35.2512,0.16666666666666666,0.36756756756756753
OFF-PA-10000791,"Wirebound Message Books, Four 2 3/4 x 5 Forms per Page, 200 Sets per Book",Office Supplies,Paper,6,26,115.434,47.223,0.06666666666666667,0.4090909090909091
OFF-PA-10000806,Xerox 1934,Office Supplies,Paper,5,20,1097.2079999999999,526.212,0.04,0.4795918367346939
OFF-PA-10000807,"TOPS ""Important Message"" Pads, Canary, 4-1/4 x 5-1/2, 50 Sheets per Pad",Office Supplies,Paper,3,17,70.19200000000001,31.629199999999997,0.06666666666666667,0.4506097560975609
OFF-PA-10000809,Xerox 206,Office Supplies,Paper,5,11,60.912000000000006,23.846400000000003,0.16,0.39148936170212767
OFF-PA-10000859,Unpadded Memo Slips,Office Supplies,Paper,2,5,18.308,8.358,0.1,0.4565217391304348
OFF-PA-10000919,Xerox 1918,Office Supplies,Paper,1,4,155.04,75.9696,0.0,0.49000000000000005
OFF-PA-10000955,Southworth 25% Cotton Granite Paper & Envelopes,Office Supplies,Paper,3,7,37.932,13.2108,0.13333333333333333,0.3482758620689655
OFF-PA-10000994,Xerox 1915,Office Supplies,Paper,9,28,2789.0099999999998,1262.394,0.044444444444444446,0.45263157894736844
OFF-PA-10001001,"Snap-A-Way Black Print Carbonless Speed Message, No Reply Area, Duplicate",Office Supplies,Paper,1,4,93.248,31.4712,0.2,0.33749999999999997
OFF-PA-10001019,Xerox 1884,Office Supplies,Paper,8,32,543.456,204.5952,0.1,0.3764705882352941
OFF-PA-10001033,Xerox 1893,Office Supplies,Paper,11,39,1434.65,619.3589,0.09090909090909091,0.43171428571428566
OFF-PA-10001125,Xerox 1988,Office Supplies,Paper,9,41,1102.888,404.289,0.1111111111111111,0.3665730337078652
OFF-PA-10001144,Xerox 1913,Office Supplies,Paper,5,17,865.4879999999999,375.0448,0.04,0.43333333333333335
OFF-PA-10001166,Xerox 1932,Office Supplies,Paper,1,3,85.056,28.7064,0.2,0.33749999999999997
OFF-PA-10001166,Xerox 2,Office Supplies,Paper,9,25,137.376,53.135999999999996,0.15555555555555556,0.38679245283018865
OFF-PA-10001184,Xerox 1903,Office Supplies,Paper,6,24,138.736,65.54079999999999,0.03333333333333333,0.4724137931034482
OFF-PA-10001204,Xerox 1972,Office Supplies,Paper,5,10,46.464,17.424,0.12000000000000002,0.375
OFF-PA-10001215,Xerox 1963,Office Supplies,Paper,3,17,77.088,27.72,0.13333333333333333,0.3595890410958904
OFF-PA-10001243,Xerox 1983,Office Supplies,Paper,2,5,29.900000000000002,14.651,0.0,0.48999999999999994
OFF-PA-10001246,Xerox 215,Office Supplies,Paper,2,7,45.36,21.7728,0.0,0.48
OFF-PA-10001260,"TOPS Money Receipt Book, Consecutively Numbered in Red,",Office Supplies,Paper,2,11,88.11,39.6495,0.0,0.45000000000000007
OFF-PA-10001274,Loose Memo Sheets,Office Supplies,Paper,2,5,18.25,8.5775,0.0,0.47000000000000003
OFF-PA-10001281,Computer Printout Paper with Letter-Trim Fine Perforations,Office Supplies,Paper,1,4,191.6,91.968,0.0,0.48000000000000004
OFF-PA-10001289,White Computer Printout Paper by Universal,Office Supplies,Paper,8,37,1279.08,547.6788,0.1,0.4281818181818182
OFF-PA-10001293,Xerox 1946,Office Supplies,Paper,3,13,79.056,35.2512,0.06666666666666667,0.4459016393442623
OFF-PA-10001295,Computer Printout Paper with Letter-Trim Perforations,Office Supplies,Paper,7,24,405.95799999999997,169.2124,0.08571428571428573,0.4168224299065421
OFF-PA-10001307,"Important Message Pads, 50 4-1/4 x 5-1/2 Forms per Pad",Office Supplies,Paper,4,15,54.599999999999994,22.47,0.1,0.4115384615384616
OFF-PA-10001357,Xerox 1886,Office Supplies,Paper,5,14,651.4399999999999,302.728,0.04,0.46470588235294125
OFF-PA-10001363,Xerox 1933,Office Supplies,Paper,5,24,294.72,138.5184,0.0,0.47000000000000003
OFF-PA-10001450,Rediform S.O.S. Phone Message Books,Office Supplies,Paper,1,4,19.92,9.7608,0.0,0.48999999999999994
OFF-PA-10001457,White GlueTop Scratch Pads,Office Supplies,Paper,2,14,186.49599999999998,72.7936,0.1,0.39032258064516134
OFF-PA-10001461,HP Office Paper (20Lb. and 87 Bright),Office Supplies,Paper,2,14,86.84,38.2096,0.1,0.44
OFF-PA-10001471,Strathmore Photo Frame Cards,Office Supplies,Paper,4,16,116.96000000000001,53.8016,0.0,0.45999999999999996
OFF-PA-10001497,Xerox 1914,Office Supplies,Paper,5,19,956.3040000000001,423.74159999999995,0.08,0.44310344827586196
OFF-PA-10001509,"Recycled Desk Saver Line ""While You Were Out"" Book, 5 1/2"" X 4""",Office Supplies,Paper,5,30,268.5,123.51,0.0,0.46
OFF-PA-10001526,Xerox 1949,Office Supplies,Paper,8,28,114.54,43.4256,0.15000000000000002,0.3791304347826087
OFF-PA-10001534,Xerox 230,Office Supplies,Paper,5,21,127.008,56.2464,0.08,0.4428571428571429
OFF-PA-10001560,"Adams Telephone Message Books, 5 1/4” x 11”",Office Supplies,Paper,5,15,80.936,32.918,0.16,0.4067164179104477
OFF-PA-10001569,Xerox 232,Office Supplies,Paper,4,19,120.52799999999999,56.5056,0.05,0.4688172043010753
OFF-PA-10001583,"1/4 Fold Party Design Invitations & White Envelopes, 24 8-1/2"" X 11"" Cards, 25 Env./Pack",Office Supplies,Paper,2,7,49.980000000000004,22.7115,0.1,0.45441176470588235
OFF-PA-10001593,Xerox 1947,Office Supplies,Paper,5,25,136.344,54.119,0.08,0.3969298245614035
OFF-PA-10001609,Tops Wirebound Message Log Books,Office Supplies,Paper,6,25,73.696,29.281,0.06666666666666667,0.39732142857142855
OFF-PA-10001622,"Ampad Poly Cover Wirebound Steno Book, 6"" x 9"" Assorted Colors, Gregg Ruled",Office Supplies,Paper,4,9,38.135999999999996,15.663,0.05,0.41071428571428575
OFF-PA-10001639,Xerox 203,Office Supplies,Paper,6,24,143.856,62.985600000000005,0.06666666666666667,0.4378378378378379
OFF-PA-10001661,Xerox 1922,Office Supplies,Paper,1,3,11.952,4.3326,0.2,0.36250000000000004
OFF-PA-10001667,Great White Multi-Use Recycled Paper (20Lb. and 84 Bright),Office Supplies,Paper,8,32,169.832,64.584,0.07500000000000001,0.3802816901408451
OFF-PA-10001685,Easy-staple paper,Office Supplies,Paper,5,29,257.556,107.58539999999999,0.12000000000000002,0.41771653543307086
OFF-PA-10001712,Xerox 1948,Office Supplies,Paper,3,15,149.85000000000002,67.4325,0.0,0.44999999999999996
OFF-PA-10001725,Xerox 1892,Office Supplies,Paper,2,5,178.296,79.458,0.1,0.4456521739130435
OFF-PA-10001736,Xerox 1880,Office Supplies,Paper,5,18,623.744,285.64639999999997,0.04,0.4579545454545454
OFF-PA-10001745,"Wirebound Message Books, 2 7/8"" x 5"", 3 Forms per Page",Office Supplies,Paper,3,17,108.416,44.985600000000005,0.06666666666666667,0.414935064935065
OFF-PA-10001752,Hammermill CopyPlus Copy Paper (20Lb. and 84 Bright),Office Supplies,Paper,3,7,32.868,15.0894,0.06666666666666667,0.45909090909090905
OFF-PA-10001763,Xerox 1896,Office Supplies,Paper,2,5,49.95,22.4775,0.0,0.44999999999999996
OFF-PA-10001776,"Wirebound Message Books, Four 2 3/4"" x 5"" Forms per Page, 600 Sets per Book",Office Supplies,Paper,9,28,246.582,109.01520000000001,0.044444444444444446,0.4421052631578948
OFF-PA-10001790,Xerox 1910,Office Supplies,Paper,5,14,586.088,236.3568,0.12000000000000002,0.4032786885245902
OFF-PA-10001800,Xerox 220,Office Supplies,Paper,8,25,145.15200000000002,60.912,0.1,0.4196428571428571
OFF-PA-10001801,Xerox 193,Office Supplies,Paper,3,13,77.74000000000001,38.0926,0.0,0.48999999999999994
OFF-PA-10001804,Xerox 195,Office Supplies,Paper,8,27,164.328,70.54079999999999,0.125,0.42926829268292677
OFF-PA-10001815,Xerox 1885,Office Supplies,Paper,5,20,960.8,461.184,0.0,0.48000000000000004
OFF-PA-10001826,Xerox 207,Office Supplies,Paper,2,7,40.176,16.5888,0.1,0.41290322580645156
OFF-PA-10001837,Xerox 1976,Office Supplies,Paper,2,7,36.288,12.700800000000001,0.2,0.35000000000000003
OFF-PA-10001838,"Adams Telephone Message Book W/Dividers/Space For Phone Numbers, 5 1/4""X8 1/2"", 300/Messages",Office Supplies,Paper,10,24,132.888,60.9168,0.04,0.4584070796460177
OFF-PA-10001846,Xerox 1899,Office Supplies,Paper,5,14,69.36,28.090799999999998,0.12000000000000002,0.40499999999999997
OFF-PA-10001870,Xerox 202,Office Supplies,Paper,8,28,171.072,76.7232,0.05,0.4484848484848485
OFF-PA-10001878,Xerox 1891,Office Supplies,Paper,7,30,1320.57,542.901,0.05714285714285715,0.4111111111111111
OFF-PA-10001892,"Rediform Wirebound ""Phone Memo"" Message Book, 11 x 5-3/4",Office Supplies,Paper,5,17,110.01599999999999,43.7772,0.12000000000000002,0.3979166666666667
OFF-PA-10001934,Xerox 1993,Office Supplies,Paper,8,24,147.744,68.4288,0.07500000000000001,0.4631578947368421
OFF-PA-10001937,Xerox 21,Office Supplies,Paper,7,24,124.416,43.5456,0.2,0.35000000000000003
OFF-PA-10001947,Xerox 1974,Office Supplies,Paper,4,10,57.408,26.91,0.05,0.46875
OFF-PA-10001950,Southworth 25% Cotton Antique Laid Paper & Envelopes,Office Supplies,Paper,5,26,200.16,80.898,0.12000000000000002,0.4041666666666667
OFF-PA-10001952,Xerox 1902,Office Supplies,Paper,2,4,82.22399999999999,32.8896,0.1,0.4000000000000001
OFF-PA-10001954,Xerox 1964,Office Supplies,Paper,4,33,721.7439999999999,314.73519999999996,0.04,0.4360759493670886
OFF-PA-10001970,Xerox 1881,Office Supplies,Paper,11,38,454.36,207.04080000000002,0.03333333333333333,0.4556756756756757
OFF-PA-10001970,Xerox 1908,Office Supplies,Paper,7,32,1712.988,799.3944,0.028571428571428574,0.4666666666666667
OFF-PA-10001972,Xerox 214,Office Supplies,Paper,9,37,215.136,90.46079999999999,0.06666666666666668,0.42048192771084336
OFF-PA-10001977,Xerox 194,Office Supplies,Paper,4,9,443.84000000000003,184.1936,0.1,0.415
OFF-PA-10001994,"Ink Jet Note and Greeting Cards, 8-1/2"" x 5-1/2"" Card Size",Office Supplies,Paper,3,6,121.392,48.5568,0.06666666666666667,0.4
OFF-PA-10002001,Xerox 1984,Office Supplies,Paper,1,2,12.96,6.3504,0.0,0.48999999999999994
OFF-PA-10002005,Xerox 225,Office Supplies,Paper,9,33,196.99200000000002,85.7952,0.06666666666666668,0.4355263157894736
OFF-PA-10002036,Xerox 1930,Office Supplies,Paper,5,24,138.672,59.3568,0.12000000000000002,0.4280373831775701
OFF-PA-10002105,Xerox 223,Office Supplies,Paper,3,9,58.32,27.9936,0.0,0.48
OFF-PA-10002109,Wirebound Voice Message Log Book,Office Supplies,Paper,2,4,15.232,4.9504,0.2,0.325
OFF-PA-10002120,Xerox 1889,Office Supplies,Paper,3,10,516.624,236.32799999999997,0.06666666666666667,0.45744680851063824
OFF-PA-10002137,"Southworth 100% Résumé Paper, 24lb.",Office Supplies,Paper,7,35,262.964,113.199,0.05714285714285715,0.43047337278106507
OFF-PA-10002160,Xerox 1978,Office Supplies,Paper,8,34,174.556,74.33080000000001,0.1,0.42582781456953644
OFF-PA-10002195,"RSVP Cards & Envelopes, Blank White, 8-1/2"" X 11"", 24 Cards/25 Envelopes/Set",Office Supplies,Paper,6,19,89.408,38.2524,0.10000000000000002,0.4278409090909091
OFF-PA-10002195,Xerox 1966,Office Supplies,Paper,6,14,79.056,32.7888,0.10000000000000002,0.4147540983606558
OFF-PA-10002222,"Xerox Color Copier Paper, 11"" x 17"", Ream",Office Supplies,Paper,6,27,593.84,260.83279999999996,0.03333333333333333,0.43923076923076915
OFF-PA-10002230,Xerox 1897,Office Supplies,Paper,4,16,67.72800000000001,27.0912,0.15000000000000002,0.39999999999999997
OFF-PA-10002245,Xerox 1895,Office Supplies,Paper,7,33,191.36,82.82300000000001,0.05714285714285715,0.4328125
OFF-PA-10002246,"Wirebound Four 2-3/4 x 5 Forms per Page, 400 Sets per Book",Office Supplies,Paper,6,22,119.97,47.601,0.13333333333333333,0.3967741935483871
OFF-PA-10002250,Things To Do Today Pad,Office Supplies,Paper,7,26,138.532,59.1696,0.1142857142857143,0.4271186440677966
OFF-PA-10002254,Xerox 1883,Office Supplies,Paper,7,37,881.092,354.0196,0.05714285714285715,0.40179640718562876
OFF-PA-10002259,"Geographics Note Cards, Blank, White, 8 1/2"" x 11""",Office Supplies,Paper,3,8,76.092,29.5416,0.13333333333333333,0.38823529411764707
OFF-PA-10002262,Xerox 192,Office Supplies,Paper,6,22,142.56,68.4288,0.0,0.48
OFF-PA-10002319,Xerox 1944,Office Supplies,Paper,6,16,573.648,257.3664,0.10000000000000002,0.4486486486486486
OFF-PA-10002333,"Universal Ultra Bright White Copier/Laser Paper, 8 1/2"" x 11"", Ream",Office Supplies,Paper,1,3,15.552,5.6376,0.2,0.3625
OFF-PA-10002365,Xerox 1967,Office Supplies,Paper,5,15,89.424,38.879999999999995,0.08,0.4347826086956521
OFF-PA-10002377,"Adams Telephone Message Book W/Dividers/Space For Phone Numbers, 5 1/4""X8 1/2"", 200/Messages",Office Supplies,Paper,7,32,172.672,72.70400000000001,0.028571428571428574,0.4210526315789474
OFF-PA-10002377,Xerox 1916,Office Supplies,Paper,7,20,831.98,342.58,0.14285714285714285,0.4117647058823529
OFF-PA-10002421,Embossed Ink Jet Note Cards,Office Supplies,Paper,4,15,284.382,108.336,0.15000000000000002,0.38095238095238093
OFF-PA-10002464,HP Office Recycled Paper (20Lb. and 87 Bright),Office Supplies,Paper,4,19,106.352,50.343799999999995,0.05,0.4733695652173912
OFF-PA-10002479,Xerox 4200 Series MultiUse Premium Copy Paper (20Lb. and 84 Bright),Office Supplies,Paper,8,30,139.392,52.272,0.07500000000000001,0.375
OFF-PA-10002499,Xerox 1890,Office Supplies,Paper,2,5,244.7,122.35,0.0,0.5
OFF-PA-10002552,Xerox 1958,Office Supplies,Paper,2,5,32.400000000000006,15.552,0.0,0.4799999999999999
OFF-PA-10002558,Xerox 1938,Office Supplies,Paper,1,7,268.24,93.884,0.2,0.35
OFF-PA-10002581,Xerox 1951,Office Supplies,Paper,6,30,755.912,244.74200000000002,0.16666666666666666,0.3237704918032787
OFF-PA-10002586,Xerox 1970,Office Supplies,Paper,6,22,101.592,43.5252,0.06666666666666667,0.4284313725490196
OFF-PA-10002606,Xerox 1928,Office Supplies,Paper,4,26,124.608,49.104,0.1,0.3940677966101695
OFF-PA-10002615,"Ampad Gold Fibre Wirebound Steno Books, 6"" x 9"", Gregg Ruled",Office Supplies,Paper,8,25,106.72200000000001,47.187,0.05,0.4421487603305784
OFF-PA-10002659,Avoid Verbal Orders Carbonless Minifold Book,Office Supplies,Paper,5,21,68.276,29.9468,0.04,0.4386138613861386
OFF-PA-10002666,Southworth 25% Cotton Linen-Finish Paper & Envelopes,Office Supplies,Paper,4,20,166.704,67.044,0.1,0.4021739130434782
OFF-PA-10002689,Weyerhaeuser First Choice Laser/Copy Paper (20Lb. and 88 Bright),Office Supplies,Paper,5,25,155.51999999999998,71.28,0.04,0.45833333333333337
OFF-PA-10002709,Xerox 1956,Office Supplies,Paper,2,16,89.7,40.9032,0.1,0.45599999999999996
OFF-PA-10002713,"Adams Phone Message Book, 200 Message Capacity, 8 1/16” x 11”",Office Supplies,Paper,8,33,227.04,104.4384,0.0,0.46
OFF-PA-10002741,Xerox 1980,Office Supplies,Paper,2,8,34.24,15.408,0.0,0.44999999999999996
OFF-PA-10002749,"Wirebound Message Books, 5-1/2 x 4 Forms, 2 or 4 Forms per Page",Office Supplies,Paper,3,12,72.25200000000001,31.3092,0.13333333333333333,0.4333333333333333
OFF-PA-10002751,Xerox 1920,Office Supplies,Paper,4,15,89.7,40.365,0.0,0.45
OFF-PA-10002764,Easy-staple paper,Office Supplies,Paper,3,15,170.10000000000002,83.349,0.0,0.48999999999999994
OFF-PA-10002787,Xerox 227,Office Supplies,Paper,8,22,120.528,46.3968,0.125,0.38494623655913973
OFF-PA-10002870,"Ampad Phone Message Book, Recycled, 400 Message Capacity, 5 ¾” x 11”",Office Supplies,Paper,5,20,124.8,56.16,0.0,0.44999999999999996
OFF-PA-10002893,"Wirebound Service Call Books, 5 1/2"" x 4""",Office Supplies,Paper,5,13,125.84,60.4032,0.0,0.48
OFF-PA-10002923,Xerox 1942,Office Supplies,Paper,6,13,597.068,278.95799999999997,0.06666666666666667,0.4672131147540983
OFF-PA-10002947,Xerox 1923,Office Supplies,Paper,5,16,94.856,39.2784,0.08,0.4140845070422535
OFF-PA-10002960,Xerox 1926,Office Supplies,Paper,1,7,34.86,16.3842,0.0,0.47000000000000003
OFF-PA-10002968,Xerox 1973,Office Supplies,Paper,2,8,169.01600000000002,70.3472,0.1,0.4162162162162162
OFF-PA-10002986,Xerox 1898,Office Supplies,Paper,11,46,280.56,120.7744,0.07272727272727274,0.43047619047619046
OFF-PA-10003001,Xerox 1986,Office Supplies,Paper,4,13,85.50399999999999,40.3472,0.05,0.47187500000000004
OFF-PA-10003016,"Adams ""While You Were Out"" Message Pads",Office Supplies,Paper,5,24,72.848,31.400000000000002,0.04,0.4310344827586207
OFF-PA-10003022,Standard Line “While You Were Out” Hardbound Telephone Message Book,Office Supplies,Paper,2,11,211.00799999999998,80.4468,0.1,0.38125000000000003
OFF-PA-10003022,Xerox 1992,Office Supplies,Paper,4,15,86.11200000000001,40.365,0.05,0.46875
OFF-PA-10003036,"Black Print Carbonless 8 1/2"" x 8 1/4"" Rapid Memo Book",Office Supplies,Paper,4,11,64.06400000000001,20.8208,0.2,0.32499999999999996
OFF-PA-10003039,Xerox 1960,Office Supplies,Paper,6,32,879.832,334.584,0.10000000000000002,0.38028169014084506
OFF-PA-10003063,EcoTones Memo Sheets,Office Supplies,Paper,3,15,52.8,21.6,0.06666666666666667,0.4090909090909091
OFF-PA-10003072,"Eureka Recycled Copy Paper 8 1/2"" x 11"", Ream",Office Supplies,Paper,6,19,110.16,46.137600000000006,0.13333333333333333,0.41882352941176476
OFF-PA-10003127,Easy-staple paper,Office Supplies,Paper,6,13,327.11199999999997,141.9244,0.03333333333333333,0.4338709677419355
OFF-PA-10003129,Tops White Computer Printout Paper,Office Supplies,Paper,4,14,684.74,321.8278,0.0,0.47000000000000003
OFF-PA-10003134,Xerox 1937,Office Supplies,Paper,4,12,499.616,199.84640000000002,0.15000000000000002,0.4
OFF-PA-10003172,Xerox 1996,Office Supplies,Paper,8,28,176.256,81.9072,0.025,0.4647058823529412
OFF-PA-10003177,Xerox 1999,Office Supplies,Paper,7,17,98.49600000000001,41.2128,0.08571428571428573,0.4184210526315789
OFF-PA-10003205,"Wirebound Message Forms, Four 2 3/4 x 5 Forms per Page, Pink Paper",Office Supplies,Paper,2,5,35.948,14.2975,0.1,0.3977272727272727
OFF-PA-10003228,Xerox 1917,Office Supplies,Paper,5,25,1222.75,574.6925,0.0,0.47
OFF-PA-10003256,Avery Personal Creations Heavyweight Cards,Office Supplies,Paper,3,11,103.86,37.8512,0.13333333333333333,0.36444444444444446
OFF-PA-10003270,Xerox 1954,Office Supplies,Paper,4,18,84.48,32.208,0.1,0.38125
OFF-PA-10003302,Xerox 1906,Office Supplies,Paper,7,32,1098.6399999999999,497.5776,0.05714285714285715,0.4529032258064517
OFF-PA-10003309,Xerox 211,Office Supplies,Paper,4,19,104.976,40.9536,0.1,0.3901234567901235
OFF-PA-10003349,Xerox 1957,Office Supplies,Paper,6,17,95.904,39.7224,0.10000000000000002,0.41418918918918923
OFF-PA-10003363,Xerox 204,Office Supplies,Paper,4,17,110.16,52.8768,0.0,0.48000000000000004
OFF-PA-10003395,Xerox 1941,Office Supplies,Paper,5,19,1740.51,704.592,0.16,0.40481927710843374
OFF-PA-10003424,"""While you Were Out"" Message Book, One Form per Page",Office Supplies,Paper,3,8,25.228,10.388,0.13333333333333333,0.4117647058823529
OFF-PA-10003441,Xerox 226,Office Supplies,Paper,11,53,334.368,155.7792,0.03636363636363637,0.4658914728682171
OFF-PA-10003465,Xerox 1912,Office Supplies,Paper,4,11,201.082,92.5736,0.05,0.46037735849056605
OFF-PA-10003543,Xerox 1985,Office Supplies,Paper,2,5,25.92,9.072,0.2,0.3499999999999999
OFF-PA-10003591,Southworth 100% Cotton The Best Paper,Office Supplies,Paper,3,15,151.536,65.43599999999999,0.06666666666666667,0.43181818181818177
OFF-PA-10003625,Xerox 1979,Office Supplies,Paper,3,11,328.38800000000003,140.959,0.06666666666666667,0.4292452830188679
OFF-PA-10003641,Xerox 1909,Office Supplies,Paper,9,40,970.784,400.976,0.08888888888888889,0.41304347826086957
OFF-PA-10003651,Xerox 1968,Office Supplies,Paper,5,26,165.664,75.35040000000001,0.08,0.45483870967741946
OFF-PA-10003656,Xerox 1935,Office Supplies,Paper,4,21,538.152,239.0028,0.05,0.4441176470588235
OFF-PA-10003657,Xerox 1927,Office Supplies,Paper,5,18,65.056,22.683999999999997,0.12000000000000002,0.34868421052631576
OFF-PA-10003673,Strathmore Photo Mount Cards,Office Supplies,Paper,9,38,245.436,106.3104,0.06666666666666668,0.4331491712707182
OFF-PA-10003724,"Wirebound Message Book, 4 per Page",Office Supplies,Paper,7,35,184.62,87.69449999999999,0.028571428571428574,0.4749999999999999
OFF-PA-10003729,Xerox 1998,Office Supplies,Paper,2,9,46.656,16.3296,0.2,0.35
OFF-PA-10003739,Xerox 1969,Office Supplies,Paper,1,2,11.56,5.6644,0.0,0.48999999999999994
OFF-PA-10003790,Xerox 1991,Office Supplies,Paper,6,26,575.568,254.8944,0.06666666666666667,0.44285714285714284
OFF-PA-10003797,Xerox 209,Office Supplies,Paper,5,29,187.92000000000002,90.2016,0.0,0.48
OFF-PA-10003823,Xerox 197,Office Supplies,Paper,3,18,501.87600000000003,195.174,0.06666666666666667,0.3888888888888889
OFF-PA-10003845,Xerox 1987,Office Supplies,Paper,4,16,92.48,45.3152,0.0,0.48999999999999994
OFF-PA-10003848,Xerox 1997,Office Supplies,Paper,8,30,178.848,77.76,0.05,0.43478260869565216
OFF-PA-10003883,"Message Book, Phone, Wirebound Standard Line Memo, 2 3/4"" X 5""",Office Supplies,Paper,5,19,119.21,52.007,0.04,0.43626373626373627
OFF-PA-10003892,Xerox 1943,Office Supplies,Paper,4,16,743.432,328.6752,0.05,0.4421052631578948
OFF-PA-10003893,Xerox 1962,Office Supplies,Paper,7,28,109.568,43.656,0.05714285714285715,0.3984375
OFF-PA-10003919,Xerox 1989,Office Supplies,Paper,1,2,7.968,2.6892,0.2,0.3375
OFF-PA-10003936,Xerox 1994,Office Supplies,Paper,4,13,76.464,32.6592,0.1,0.4271186440677966
OFF-PA-10003953,Xerox 218,Office Supplies,Paper,5,8,49.248000000000005,22.2912,0.08,0.4526315789473684
OFF-PA-10003971,Xerox 1965,Office Supplies,Paper,4,10,56.212,25.714,0.05,0.45744680851063824
OFF-PA-10004000,"While You Were Out Pads, 50 per Pad, 4 x 5 1/4, Green Cycle",Office Supplies,Paper,4,13,50.138000000000005,18.778100000000002,0.15000000000000002,0.3745283018867925
OFF-PA-10004022,Hammermill Color Copier Paper (28Lb. and 96 Bright),Office Supplies,Paper,2,3,29.97,13.4865,0.0,0.45
OFF-PA-10004039,Xerox 1882,Office Supplies,Paper,5,12,615.78,273.18240000000003,0.12000000000000002,0.4436363636363637
OFF-PA-10004040,Universal Premium White Copier/Laser Paper (20Lb. and 87 Bright),Office Supplies,Paper,5,24,129.168,55.9728,0.08,0.4333333333333333
OFF-PA-10004041,"It's Hot Message Books with Stickers, 2 3/4"" x 5""",Office Supplies,Paper,6,25,161.32,59.56999999999999,0.13333333333333333,0.3692660550458715
OFF-PA-10004071,"Eaton Premium Continuous-Feed Paper, 25% Cotton, Letter Size, White, 1000 Shts/Box",Office Supplies,Paper,10,21,1098.504,492.6624,0.06000000000000001,0.44848484848484854
OFF-PA-10004082,"Adams Telephone Message Book w/Frequently-Called Numbers Space, 400 Messages per Book",Office Supplies,Paper,7,28,223.44,111.72,0.0,0.5
OFF-PA-10004092,Tops Green Bar Computer Printout Paper,Office Supplies,Paper,3,7,342.58,171.29,0.0,0.5
OFF-PA-10004100,Xerox 216,Office Supplies,Paper,8,42,238.464,96.9408,0.125,0.40652173913043477
OFF-PA-10004101,Xerox 1894,Office Supplies,Paper,5,27,169.776,78.79679999999999,0.08,0.4641221374045801
OFF-PA-10004156,Xerox 188,Office Supplies,Paper,8,20,213.192,97.524,0.05,0.4574468085106383
OFF-PA-10004239,Xerox 1953,Office Supplies,Paper,4,12,47.08,18.832,0.1,0.4
OFF-PA-10004243,Xerox 1939,Office Supplies,Paper,5,22,417.34,200.32319999999999,0.0,0.48
OFF-PA-10004248,Xerox 1990,Office Supplies,Paper,2,8,36.96,13.728,0.1,0.3714285714285714
OFF-PA-10004255,Xerox 219,Office Supplies,Paper,4,15,97.2,46.656,0.0,0.48
OFF-PA-10004285,Xerox 1959,Office Supplies,Paper,6,21,133.6,60.6544,0.06666666666666667,0.454
OFF-PA-10004327,Xerox 1911,Office Supplies,Paper,5,13,603.54,279.736,0.04,0.4634920634920635
OFF-PA-10004353,Southworth 25% Cotton Premium Laser Paper and Envelopes,Office Supplies,Paper,5,28,527.472,236.5632,0.08,0.4484848484848485
OFF-PA-10004355,Xerox 231,Office Supplies,Paper,5,14,79.05600000000001,31.8816,0.12000000000000002,0.4032786885245901
OFF-PA-10004359,Multicolor Computer Printout Paper,Office Supplies,Paper,5,19,1887.3,851.3820000000001,0.04,0.45111111111111113
OFF-PA-10004381,14-7/8 x 11 Blue Bar Computer Printout Paper,Office Supplies,Paper,4,10,422.752,172.94400000000002,0.1,0.4090909090909091
OFF-PA-10004405,Rediform Voice Mail Log Books,Office Supplies,Paper,2,11,29.204,12.1584,0.1,0.4163265306122449
OFF-PA-10004438,Xerox 1907,Office Supplies,Paper,3,10,122.8,57.716,0.0,0.47000000000000003
OFF-PA-10004451,Xerox 222,Office Supplies,Paper,7,22,134.784,60.6528,0.08571428571428573,0.45
OFF-PA-10004470,"Adams Write n' Stick Phone Message Book, 11"" X 5 1/4"", 200 Messages",Office Supplies,Paper,3,8,40.896,16.3584,0.06666666666666667,0.39999999999999997
OFF-PA-10004475,Xerox 1940,Office Supplies,Paper,4,12,615.552,279.1968,0.05,0.45357142857142857
OFF-PA-10004519,Spiral Phone Message Books with Labels by Adams,Office Supplies,Paper,4,15,60.032,25.759999999999998,0.05,0.4291044776119403
OFF-PA-10004530,Personal Creations Ink Jet Cards and Labels,Office Supplies,Paper,4,28,321.44,157.5056,0.0,0.48999999999999994
OFF-PA-10004569,"Wirebound Message Books, Two 4 1/4"" x 5"" Forms per Page",Office Supplies,Paper,6,15,109.584,49.084500000000006,0.03333333333333333,0.4479166666666667
OFF-PA-10004609,Xerox 221,Office Supplies,Paper,4,14,80.352,33.1776,0.1,0.41290322580645156
OFF-PA-10004610,Xerox 1900,Office Supplies,Paper,7,26,105.288,44.084,0.08571428571428573,0.41869918699187
OFF-PA-10004621,Xerox 212,Office Supplies,Paper,7,25,141.264,57.024,0.1142857142857143,0.40366972477064217
OFF-PA-10004665,Advantus Motivational Note Cards,Office Supplies,Paper,5,20,227.94,94.32000000000001,0.12000000000000002,0.4137931034482759
OFF-PA-10004675,"Telephone Message Books with Fax/Mobile Section, 5 1/2"" x 3 3/16""",Office Supplies,Paper,6,17,99.06,40.766999999999996,0.06666666666666667,0.41153846153846146
OFF-PA-10004733,Things To Do Today Spiral Book,Office Supplies,Paper,3,13,82.368,29.8584,0.20000000000000004,0.36250000000000004
OFF-PA-10004734,Southworth Structures Collection,Office Supplies,Paper,2,10,72.8,36.4,0.0,0.5
OFF-PA-10004735,Xerox 1905,Office Supplies,Paper,5,23,146.448,68.94720000000001,0.04,0.47079646017699117
OFF-PA-10004782,Xerox 228,Office Supplies,Paper,4,15,97.2,46.656,0.0,0.48
OFF-PA-10004888,Xerox 217,Office Supplies,Paper,8,25,151.632,67.392,0.07500000000000001,0.4444444444444444
OFF-PA-10004911,"Rediform S.O.S. 1-Up Phone Message Bk, 4-1/4x3-1/16 Bk, 1 Form/Pg, 40 Messages/Bk, 3/Pk",Office Supplies,Paper,5,21,196.98000000000002,94.5504,0.0,0.4799999999999999
OFF-PA-10004947,Easy-staple paper,Office Supplies,Paper,3,12,48.792,20.544,0.06666666666666667,0.42105263157894735
OFF-PA-10004948,Xerox 190,Office Supplies,Paper,2,6,29.88,14.0436,0.0,0.47000000000000003
OFF-PA-10004965,Xerox 1921,Office Supplies,Paper,3,7,55.944,17.4825,0.20000000000000004,0.3125
OFF-PA-10004971,Xerox 196,Office Supplies,Paper,8,18,92.47999999999999,39.4196,0.1,0.4262500000000001
OFF-PA-10004983,Xerox 23,Office Supplies,Paper,6,23,141.264,63.7632,0.03333333333333333,0.4513761467889908
OFF-PA-10004996,"Speediset Carbonless Redi-Letter 7"" x 8 1/2""",Office Supplies,Paper,5,19,181.456,77.6343,0.08,0.4278409090909091
OFF-ST-10000025,Fellowes Stor/Drawer Steel Plus Storage Drawers,Office Supplies,Storage,8,37,3397.308,78.25259999999999,0.05,0.023033707865168535
OFF-ST-10000036,"Recycled Data-Pak for Archival Bound Computer Printouts, 12-1/2 x 12-1/2 x 16",Office Supplies,Storage,6,20,1857.252,414.918,0.06666666666666667,0.22340425531914895
OFF-ST-10000046,Fellowes Super Stor/Drawer Files,Office Supplies,Storage,9,27,4006.44,473.3415,0.06666666666666668,0.11814516129032258
OFF-ST-10000060,Fellowes Bankers Box Staxonsteel Drawer File/Stacking System,Office Supplies,Storage,8,43,2612.196,153.35279999999997,0.07500000000000001,0.05870646766169153
OFF-ST-10000078,Tennsco 6- and 18-Compartment Lockers,Office Supplies,Storage,11,43,10925.003999999999,1575.1098,0.05454545454545456,0.1441747572815534
OFF-ST-10000107,Fellowes Super Stor/Drawer,Office Supplies,Storage,4,18,477.3,67.71,0.05,0.14186046511627906
OFF-ST-10000129,Fellowes Recycled Storage Drawers,Office Supplies,Storage,3,12,1287.9479999999999,48.8532,0.06666666666666667,0.03793103448275863
OFF-ST-10000136,Letter Size File,Office Supplies,Storage,2,10,341.41999999999996,59.55,0.1,0.1744186046511628
OFF-ST-10000142,Deluxe Rollaway Locking File with Drawer,Office Supplies,Storage,5,14,5572.792,1380.7215999999999,0.08,0.2477611940298507
OFF-ST-10000321,Akro Stacking Bins,Office Supplies,Storage,6,13,91.524,-6.9432,0.10000000000000002,-0.07586206896551724
OFF-ST-10000344,"Neat Ideas Personal Hanging Folder Files, Black",Office Supplies,Storage,7,22,276.658,58.0176,0.1142857142857143,0.20970873786407768
OFF-ST-10000352,Acco Perma 2700 Stacking Storage Drawers,Office Supplies,Storage,4,8,208.18,5.948,0.1,0.028571428571428574
OFF-ST-10000419,"Rogers Jumbo File, Granite",Office Supplies,Storage,7,24,317.77200000000005,-4.8888,0.028571428571428574,-0.015384615384615382
OFF-ST-10000464,"Multi-Use Personal File Cart and Caster Set, Three Stacking Bins",Office Supplies,Storage,5,11,368.45599999999996,93.15679999999999,0.04,0.2528301886792453
OFF-ST-10000532,Advantus Rolling Drawer Organizers,Office Supplies,Storage,6,31,1115.92,233.18880000000001,0.10000000000000002,0.20896551724137932
OFF-ST-10000563,Fellowes Bankers Box Stor/Drawer Steel Plus,Office Supplies,Storage,12,50,1426.308,-12.792000000000003,0.10000000000000002,-0.008968609865470854
OFF-ST-10000585,Economy Rollaway Files,Office Supplies,Storage,7,20,3138.8,693.8399999999999,0.08571428571428573,0.22105263157894733
OFF-ST-10000604,Home/Office Personal File Carts,Office Supplies,Storage,7,30,980.232,198.132,0.028571428571428574,0.2021276595744681
OFF-ST-10000615,"SimpliFile Personal File, Black Granite, 15w x 6-15/16d x 11-1/4h",Office Supplies,Storage,8,32,347.31,85.806,0.07500000000000001,0.24705882352941175
OFF-ST-10000617,Woodgrain Magazine Files by Perma,Office Supplies,Storage,6,24,69.136,2.6224,0.06666666666666667,0.03793103448275862
OFF-ST-10000636,Rogers Profile Extra Capacity Storage Tub,Office Supplies,Storage,7,32,518.9399999999999,4.687199999999999,0.028571428571428574,0.009032258064516128
OFF-ST-10000642,"Tennsco Lockers, Gray",Office Supplies,Storage,6,22,402.816,-26.434800000000003,0.10000000000000002,-0.06562500000000002
OFF-ST-10000649,Hanging Personal Folder File,Office Supplies,Storage,5,17,251.2,51.025,0.08,0.203125
OFF-ST-10000675,"File Shuttle II and Handi-File, Black",Office Supplies,Storage,7,34,1125.148,260.953,0.05714285714285715,0.2319277108433735
OFF-ST-10000676,Fellowes Econo/Stor Drawers,Office Supplies,Storage,2,7,581.58,-56.2194,0.1,-0.09666666666666666
OFF-ST-10000689,"Fellowes Strictly Business Drawer File, Letter/Legal Size",Office Supplies,Storage,7,33,4479.03,388.746,0.05714285714285715,0.08679245283018867
OFF-ST-10000736,Carina Double Wide Media Storage Towers in Natural & Black,Office Supplies,Storage,12,39,3028.652,-3.2392000000000003,0.06666666666666667,-0.0010695187165775401
OFF-ST-10000760,Eldon Fold 'N Roll Cart System,Office Supplies,Storage,5,24,301.96799999999996,63.7488,0.12000000000000002,0.21111111111111114
OFF-ST-10000777,"Companion Letter/Legal File, Black",Office Supplies,Storage,5,17,611.712,149.5296,0.08,0.24444444444444444
OFF-ST-10000798,2300 Heavy-Duty Transfer File Systems by Perma,Office Supplies,Storage,4,16,344.724,20.9832,0.1,0.06086956521739131
OFF-ST-10000876,Eldon Simplefile Box Office,Office Supplies,Storage,8,30,345.832,77.128,0.07500000000000001,0.22302158273381295
OFF-ST-10000877,Recycled Steel Personal File for Standard File Folders,Office Supplies,Storage,4,20,1072.626,254.334,0.05,0.2371134020618557
OFF-ST-10000885,Fellowes Desktop Hanging File Manager,Office Supplies,Storage,4,15,201.45000000000002,50.362500000000004,0.0,0.25
OFF-ST-10000918,Crate-A-Files,Office Supplies,Storage,7,18,176.58,31.392,0.1142857142857143,0.17777777777777776
OFF-ST-10000934,"Contico 72""H Heavy-Duty Storage System",Office Supplies,Storage,5,16,598.308,-57.372,0.08,-0.0958904109589041
OFF-ST-10000943,Eldon ProFile File 'N Store Portable File Tub Letter/Legal Size Black,Office Supplies,Storage,7,35,614.0579999999999,127.44600000000001,0.1142857142857143,0.20754716981132082
OFF-ST-10000991,Space Solutions HD Industrial Steel Shelving.,Office Supplies,Storage,8,27,3035.208,24.143700000000003,0.025,0.007954545454545455
OFF-ST-10001031,Adjustable Personal File Tote,Office Supplies,Storage,5,18,270.24800000000005,53.3984,0.08,0.1975903614457831
OFF-ST-10001034,Eldon File Chest Portable File,Office Supplies,Storage,1,5,79.4,5.955,0.2,0.075
OFF-ST-10001097,Office Impressions Heavy Duty Welded Shelving & Multimedia Storage Drawers,Office Supplies,Storage,5,20,3178.13,-167.27,0.04,-0.052631578947368425
OFF-ST-10001128,"Carina Mini System Audio Rack, Model AR050B",Office Supplies,Storage,6,26,2730.108,-68.8076,0.06666666666666667,-0.025203252032520322
OFF-ST-10001172,"Tennsco Lockers, Sand",Office Supplies,Storage,5,22,407.012,56.2264,0.12000000000000002,0.13814432989690723
OFF-ST-10001228,"Fellowes Personal Hanging Folder Files, Navy",Office Supplies,Storage,4,24,284.716,52.6456,0.1,0.1849056603773585
OFF-ST-10001228,Personal File Boxes with Fold-Down Carry Handle,Office Supplies,Storage,5,12,177.612,37.392,0.04,0.2105263157894737
OFF-ST-10001272,"Mini 13-1/2 Capacity Data Binder Rack, Pearl",Office Supplies,Storage,5,12,1465.7440000000001,287.914,0.08,0.1964285714285714
OFF-ST-10001291,"Tenex Personal Self-Stacking Standard File Box, Black/Gray",Office Supplies,Storage,5,15,229.976,44.811499999999995,0.08,0.19485294117647056
OFF-ST-10001321,"Decoflex Hanging Personal Folder File, Blue",Office Supplies,Storage,9,35,518.112,124.131,0.044444444444444446,0.23958333333333334
OFF-ST-10001325,Sterilite Officeware Hinged File Box,Office Supplies,Storage,11,35,345.84000000000003,78.076,0.07272727272727274,0.2257575757575757
OFF-ST-10001328,"Personal Filing Tote with Lid, Black/Gray",Office Supplies,Storage,8,31,459.096,112.9128,0.05,0.24594594594594596
OFF-ST-10001370,Sensible Storage WireTech Storage Systems,Office Supplies,Storage,8,38,2484.2999999999997,-78.07799999999999,0.07500000000000001,-0.03142857142857143
OFF-ST-10001414,Decoflex Hanging Personal Folder File,Office Supplies,Storage,1,3,46.26,12.0276,0.0,0.26
OFF-ST-10001418,Carina Media Storage Towers in Natural & Black,Office Supplies,Storage,5,20,1073.248,-121.96000000000001,0.12000000000000002,-0.11363636363636363
OFF-ST-10001469,Fellowes Bankers Box Recycled Super Stor/Drawer,Office Supplies,Storage,7,24,1187.56,-30.228800000000003,0.08571428571428573,-0.02545454545454546
OFF-ST-10001476,Steel Personal Filing/Posting Tote,Office Supplies,Storage,5,29,937.4639999999999,185.7173,0.08,0.19810606060606062
OFF-ST-10001490,"Hot File 7-Pocket, Floor Stand",Office Supplies,Storage,13,49,8138.232,2016.711,0.07692307692307693,0.24780701754385964
OFF-ST-10001496,Standard Rollaway File with Lock,Office Supplies,Storage,10,40,6594.954,1261.3300000000002,0.06000000000000001,0.19125683060109291
OFF-ST-10001505,"Perma STOR-ALL Hanging File Box, 13 1/8""W x 12 1/4""D x 10 1/2""H",Office Supplies,Storage,8,33,180.596,16.8038,0.05,0.09304635761589403
OFF-ST-10001511,Space Solutions Commercial Steel Shelving,Office Supplies,Storage,7,33,1952.43,-74.34749999999998,0.028571428571428574,-0.03807947019867548
OFF-ST-10001522,"Gould Plastics 18-Pocket Panel Bin, 34w x 5-1/4d x 20-1/2h",Office Supplies,Storage,10,28,2299.75,-172.9412,0.12000000000000002,-0.0752
OFF-ST-10001526,Iceberg Mobile Mega Data/Printer Cart ,Office Supplies,Storage,8,49,5751.774,1388.6082,0.025,0.2414225941422594
OFF-ST-10001558,Acco Perma 4000 Stacking Storage Drawers,Office Supplies,Storage,11,31,457.96799999999996,30.044,0.09090909090909091,0.06560283687943264
OFF-ST-10001580,Super Decoflex Portable Personal File,Office Supplies,Storage,5,13,179.76,39.5472,0.08,0.22
OFF-ST-10001590,"Tenex Personal Project File with Scoop Front Design, Black",Office Supplies,Storage,10,40,517.6320000000001,118.62400000000001,0.06000000000000001,0.22916666666666666
OFF-ST-10001627,Eldon Jumbo ProFile Portable File Boxes Graphite/Black,Office Supplies,Storage,1,3,36.744,3.6744,0.2,0.09999999999999999
OFF-ST-10001713,"Gould Plastics 9-Pocket Panel Bin, 18-3/8w x 5-1/4d x 20-1/2h, Black",Office Supplies,Storage,6,20,953.82,-63.587999999999994,0.10000000000000002,-0.06666666666666665
OFF-ST-10001780,Tennsco 16-Compartment Lockers with Coat Rack,Office Supplies,Storage,5,13,7515.523999999999,1114.3708,0.12000000000000002,0.1482758620689655
OFF-ST-10001809,Fellowes Officeware Wire Shelving,Office Supplies,Storage,11,55,4509.466,-332.371,0.07272727272727274,-0.07370517928286852
OFF-ST-10001837,"SAFCO Mobile Desk Side File, Wire Frame",Office Supplies,Storage,8,31,1240.04,259.12559999999996,0.05,0.2089655172413793
OFF-ST-10001932,Fellowes Staxonsteel Drawer Files,Office Supplies,Storage,7,26,4829.25,509.9688,0.028571428571428574,0.1056
OFF-ST-10001963,Tennsco Regal Shelving Units,Office Supplies,Storage,4,18,1764.534,-6.084599999999998,0.05,-0.003448275862068964
OFF-ST-10002011,Smead Adjustable Mobile File Trolley with Lockable Top,Office Supplies,Storage,3,12,4778.766,1106.6616,0.06666666666666667,0.23157894736842105
OFF-ST-10002182,"Iris 3-Drawer Stacking Bin, Black",Office Supplies,Storage,3,16,284.104,-43.4512,0.13333333333333333,-0.15294117647058825
OFF-ST-10002205,File Shuttle I and Handi-File,Office Supplies,Storage,3,13,262.668,51.42059999999999,0.13333333333333333,0.19576271186440675
OFF-ST-10002214,X-Rack File for Hanging Folders,Office Supplies,Storage,9,30,318.378,67.74,0.044444444444444446,0.2127659574468085
OFF-ST-10002276,Safco Steel Mobile File Cart,Office Supplies,Storage,5,9,683.552,120.872,0.08,0.17682926829268292
OFF-ST-10002289,"Safco Wire Cube Shelving System, For Use as 4 or 5 14"" Cubes, Black",Office Supplies,Storage,4,13,406.784,14.301,0.05,0.03515625
OFF-ST-10002292,"Sauder Facets Collection Locker/File Cabinet, Sky Alder Finish",Office Supplies,Storage,2,5,1706.508,222.588,0.1,0.13043478260869565
OFF-ST-10002301,Tennsco Commercial Shelving,Office Supplies,Storage,9,21,374.256,-48.6126,0.1111111111111111,-0.1298913043478261
OFF-ST-10002344,"Carina 42""Hx23 3/4""W Media Storage Unit",Office Supplies,Storage,8,22,1635.796,-110.1328,0.1,-0.06732673267326733
OFF-ST-10002352,Iris Project Case,Office Supplies,Storage,6,30,225.036,47.88,0.06666666666666667,0.2127659574468085
OFF-ST-10002370,"Sortfiler Multipurpose Personal File Organizer, Black",Office Supplies,Storage,6,24,483.414,118.92840000000001,0.06666666666666667,0.24601769911504429
OFF-ST-10002406,Pizazz Global Quick File,Office Supplies,Storage,6,24,353.29200000000003,94.6104,0.03333333333333333,0.2677966101694915
OFF-ST-10002444,Recycled Eldon Regeneration Jumbo File,Office Supplies,Storage,6,20,235.77599999999998,58.944,0.03333333333333333,0.25000000000000006
OFF-ST-10002485,Rogers Deluxe File Chest,Office Supplies,Storage,8,22,443.99600000000004,-34.7284,0.1,-0.07821782178217822
OFF-ST-10002486,Eldon Shelf Savers Cubes and Bins,Office Supplies,Storage,8,45,300.14,-7.677999999999999,0.05,-0.02558139534883721
OFF-ST-10002554,Tennsco Industrial Shelving,Office Supplies,Storage,9,29,1281.442,-108.5802,0.1111111111111111,-0.08473282442748092
OFF-ST-10002562,Staple magnet,Office Supplies,Storage,7,28,219.492,30.391199999999998,0.14285714285714285,0.13846153846153847
OFF-ST-10002574,"SAFCO Commercial Wire Shelving, Black",Office Supplies,Storage,10,35,4199.456,-635.444,0.14,-0.1513157894736842
OFF-ST-10002583,Fellowes Neat Ideas Storage Cubes,Office Supplies,Storage,7,16,480.70399999999995,-18.1888,0.08571428571428573,-0.03783783783783784
OFF-ST-10002615,"Dual Level, Single-Width Filing Carts",Office Supplies,Storage,9,43,6574.544,1640.5348,0.022222222222222223,0.24952830188679245
OFF-ST-10002743,SAFCO Boltless Steel Shelving,Office Supplies,Storage,10,46,4704.696,-470.4696,0.1,-0.1
OFF-ST-10002756,"Tennsco Stur-D-Stor Boltless Shelving, 5 Shelves, 24"" Deep, Sand",Office Supplies,Storage,7,33,4384.044,-36.533699999999996,0.028571428571428574,-0.008333333333333333
OFF-ST-10002790,Safco Industrial Shelving,Office Supplies,Storage,5,13,827.12,-104.1285,0.12000000000000002,-0.12589285714285714
OFF-ST-10002957,Sterilite Show Offs Storage Containers,Office Supplies,Storage,5,16,78.144,-6.336,0.08,-0.08108108108108109
OFF-ST-10002974,"Trav-L-File Heavy-Duty Shuttle II, Black",Office Supplies,Storage,7,30,1193.818,278.848,0.08571428571428573,0.23357664233576644
OFF-ST-10003058,Eldon Mobile Mega Data Cart  Mega Stackable  Add-On Trays,Office Supplies,Storage,6,30,709.5,205.755,0.0,0.29
OFF-ST-10003123,Fellowes Bases and Tops For Staxonsteel/High-Stak Systems,Office Supplies,Storage,10,26,858.8820000000001,201.07160000000002,0.02,0.23410852713178296
OFF-ST-10003208,Adjustable Depth Letter/Legal Cart,Office Supplies,Storage,11,45,7730.196,1932.549,0.06666666666666667,0.25
OFF-ST-10003221,Staple magnet,Office Supplies,Storage,3,5,53.4,14.418,0.0,0.27
OFF-ST-10003282,"Advantus 10-Drawer Portable Organizer, Chrome Metal Frame, Smoke Drawers",Office Supplies,Storage,4,18,1051.7759999999998,277.2864,0.05,0.26363636363636367
OFF-ST-10003306,Letter Size Cart,Office Supplies,Storage,8,33,4600.092,1252.8822,0.05,0.27236024844720497
OFF-ST-10003324,Belkin OmniView SE Rackmount Kit,Office Supplies,Storage,2,7,248.35999999999999,0.0,0.0,0.0
OFF-ST-10003327,Akro-Mils 12-Gallon Tote,Office Supplies,Storage,4,13,113.202,21.548099999999998,0.1,0.19035087719298244
OFF-ST-10003442,Eldon Portable Mobile Manager,Office Supplies,Storage,9,34,899.304,197.3944,0.06666666666666668,0.21949685534591196
OFF-ST-10003455,"Tenex File Box, Personal Filing Tote with Lid, Black",Office Supplies,Storage,7,24,338.118,62.660399999999996,0.08571428571428573,0.18532110091743118
OFF-ST-10003470,"Tennsco Snap-Together Open Shelving Units, Starter Sets and Add-On Units",Office Supplies,Storage,6,25,6819.312,181.66199999999998,0.03333333333333333,0.02663934426229508
OFF-ST-10003479,"Eldon Base for stackable storage shelf, platinum",Office Supplies,Storage,7,25,872.256,-52.569,0.08571428571428573,-0.06026785714285715
OFF-ST-10003572,Portfile Personal File Boxes,Office Supplies,Storage,2,7,99.11999999999999,7.434,0.2,0.07500000000000001
OFF-ST-10003638,Mobile Personal File Cube,Office Supplies,Storage,5,21,449.664,90.6354,0.04,0.2015625
OFF-ST-10003641,Space Solutions Industrial Galvanized Steel Shelving.,Office Supplies,Storage,3,7,520.0799999999999,-20.488,0.06666666666666667,-0.0393939393939394
OFF-ST-10003656,Safco Industrial Wire Shelving,Office Supplies,Storage,5,16,1363.058,-126.7068,0.16,-0.09295774647887324
OFF-ST-10003692,Recycled Steel Personal File for Hanging File Folders,Office Supplies,Storage,6,21,1053.032,151.65949999999998,0.10000000000000002,0.14402173913043478
OFF-ST-10003716,Tennsco Double-Tier Lockers,Office Supplies,Storage,12,47,9630.856,429.7882,0.10000000000000002,0.044626168224299066
OFF-ST-10003722,Project Tote Personal File,Office Supplies,Storage,4,15,193.61399999999998,44.1945,0.05,0.2282608695652174
OFF-ST-10003805,"24 Capacity Maxi Data Binder Racks, Pearl",Office Supplies,Storage,4,19,3537.24,536.9025,0.1,0.1517857142857143
OFF-ST-10003816,Fellowes High-Stak Drawer Files,Office Supplies,Storage,8,26,3946.656,419.3322,0.125,0.10625
OFF-ST-10003994,"Belkin 19"" Center-Weighted Shelf, Gray",Office Supplies,Storage,4,16,849.3119999999999,-47.184,0.1,-0.05555555555555556
OFF-ST-10003996,"Letter/Legal File Tote with Clear Snap-On Lid, Black Granite",Office Supplies,Storage,4,14,218.416,52.0344,0.05,0.23823529411764705
OFF-ST-10004123,Safco Industrial Wire Shelving System,Office Supplies,Storage,8,30,2511.0480000000002,-218.352,0.1,-0.08695652173913043
OFF-ST-10004180,Safco Commercial Shelving,Office Supplies,Storage,5,11,483.704,-7.441599999999999,0.08,-0.015384615384615384
OFF-ST-10004186,"Stur-D-Stor Shelving, Vertical 5-Shelf: 72""H x 36""W x 18 1/2""D",Office Supplies,Storage,5,23,2552.54,51.050799999999995,0.0,0.019999999999999997
OFF-ST-10004258,Portable Personal File Box,Office Supplies,Storage,6,19,224.66400000000002,55.3113,0.03333333333333333,0.24619565217391304
OFF-ST-10004337,"SAFCO Commercial Wire Shelving, 72h",Office Supplies,Storage,5,24,1445.2640000000001,-24.496,0.04,-0.016949152542372878
OFF-ST-10004340,"Fellowes Mobile File Cart, Black",Office Supplies,Storage,10,40,2300.66,485.00399999999996,0.06000000000000001,0.2108108108108108
OFF-ST-10004459,Tennsco Single-Tier Lockers,Office Supplies,Storage,8,28,9158.296,-825.7479999999999,0.07500000000000001,-0.0901639344262295
OFF-ST-10004507,Advantus Rolling Storage Box,Office Supplies,Storage,10,27,428.75,90.7235,0.08,0.2116
OFF-ST-10004634,"Personal Folder Holder, Ebony",Office Supplies,Storage,6,14,145.73000000000002,35.872,0.03333333333333333,0.2461538461538461
OFF-ST-10004804,"Belkin 19"" Vented Equipment Shelf, Black",Office Supplies,Storage,10,31,1400.256,-179.6652,0.12000000000000002,-0.12830882352941175
OFF-ST-10004835,Plastic Stacking Crates & Casters,Office Supplies,Storage,4,8,35.712,2.6784,0.2,0.07499999999999998
OFF-ST-10004946,Desktop 3-Pocket Hot File,Office Supplies,Storage,2,5,259.68,59.510000000000005,0.1,0.22916666666666669
OFF-ST-10004950,Acco Perma 3000 Stacking Storage Drawers,Office Supplies,Storage,6,21,373.44399999999996,16.5742,0.13333333333333333,0.04438202247191012
OFF-ST-10004950,"Tenex Personal Filing Tote With Secure Closure Lid, Black/Frost",Office Supplies,Storage,5,22,279.18,23.265,0.12000000000000002,0.08333333333333333
OFF-ST-10004963,Eldon Gobal File Keepers,Office Supplies,Storage,6,24,348.22,-0.6055999999999999,0.06666666666666667,-0.0017391304347826083
OFF-SU-10000151,High Speed Automatic Electric Letter Opener,Office Supplies,Supplies,3,11,17030.311999999998,-262.00480000000005,0.06666666666666667,-0.015384615384615389
OFF-SU-10000157,Compact Automatic Electric Letter Opener,Office Supplies,Supplies,8,26,2982.75,-57.268800000000006,0.05,-0.019200000000000002
OFF-SU-10000381,Acme Forged Steel Scissors with Black Enamel Handles,Office Supplies,Supplies,8,32,279.3,67.7768,0.05,0.24266666666666664
OFF-SU-10000432,Acco Side-Punched Conventional Columnar Pads,Office Supplies,Supplies,4,15,41.64,-7.8075,0.2,-0.1875
OFF-SU-10000646,Premier Automatic Letter Opener,Office Supplies,Supplies,5,14,2836.366,-427.8586,0.12000000000000002,-0.15084745762711865
OFF-SU-10000898,"Acme Hot Forged Carbon Steel Scissors with Nickel-Plated Handles, 3 7/8"" Cut, 8""L",Office Supplies,Supplies,7,36,458.7,103.416,0.08571428571428573,0.22545454545454546
OFF-SU-10000946,Staple remover,Office Supplies,Supplies,4,21,153.216,34.2342,0.1,0.22343749999999998
OFF-SU-10000952,Fiskars Home & Office Scissors,Office Supplies,Supplies,3,11,97.68,27.3504,0.0,0.27999999999999997
OFF-SU-10001165,Acme Elite Stainless Steel Scissors,Office Supplies,Supplies,5,12,95.076,21.0168,0.08,0.2210526315789474
OFF-SU-10001212,Kleencut Forged Office Shears by Acme United Corporation,Office Supplies,Supplies,2,5,9.568,2.2880000000000003,0.1,0.23913043478260873
OFF-SU-10001218,Fiskars Softgrip Scissors,Office Supplies,Supplies,7,28,307.44,86.0832,0.0,0.28
OFF-SU-10001225,Staple remover,Office Supplies,Supplies,8,24,80.224,-6.3296,0.1,-0.07889908256880734
OFF-SU-10001574,Acme Value Line Scissors,Office Supplies,Supplies,10,22,76.64999999999999,20.44,0.06000000000000001,0.2666666666666667
OFF-SU-10001664,Acme Office Executive Series Stainless Steel Trimmers,Office Supplies,Supplies,7,21,159.402,26.2242,0.08571428571428573,0.16451612903225807
OFF-SU-10001935,Staple remover,Office Supplies,Supplies,6,16,29.648000000000003,-3.8368,0.13333333333333333,-0.12941176470588234
OFF-SU-10002189,Acme Rosewood Handle Letter Opener,Office Supplies,Supplies,3,12,43.67,-3.4936000000000003,0.06666666666666667,-0.08
OFF-SU-10002301,Serrated Blade or Curved Handle Hand Letter Openers,Office Supplies,Supplies,2,9,23.864,-4.1133999999999995,0.1,-0.17236842105263156
OFF-SU-10002503,Acme Preferred Stainless Steel Scissors,Office Supplies,Supplies,4,16,90.88,26.3552,0.0,0.29000000000000004
OFF-SU-10002522,Acme Kleen Earth Office Shears,Office Supplies,Supplies,5,12,44.232,11.1744,0.08,0.25263157894736843
OFF-SU-10002537,Acme Box Cutter Scissors,Office Supplies,Supplies,6,31,306.9,72.2238,0.03333333333333333,0.23533333333333334
OFF-SU-10002557,Fiskars Spring-Action Scissors,Office Supplies,Supplies,4,6,75.492,13.4208,0.1,0.17777777777777776
OFF-SU-10002573,"Acme 10"" Easy Grip Assistive Scissors",Office Supplies,Supplies,8,26,448.76800000000003,129.722,0.025,0.2890625
OFF-SU-10002881,Martin Yale Chadless Opener Electric Letter Opener,Office Supplies,Supplies,6,22,16656.2,-1299.1836,0.10000000000000002,-0.078
OFF-SU-10003002,Letter Slitter,Office Supplies,Supplies,2,4,10.08,0.3024,0.0,0.03
OFF-SU-10003505,Premier Electric Letter Opener,Office Supplies,Supplies,8,24,2641.6079999999997,-7.105427357601002e-15,0.07500000000000001,-2.6898114169857914e-18
OFF-SU-10003567,Stiletto Hand Letter Openers,Office Supplies,Supplies,4,17,136.32,-21.983999999999998,0.15000000000000002,-0.16126760563380282
OFF-SU-10003936,Acme Serrated Blade Letter Opener,Office Supplies,Supplies,2,5,13.992,-1.7489999999999999,0.1,-0.12499999999999999
OFF-SU-10004115,Acme Stainless Steel Office Snips,Office Supplies,Supplies,4,13,81.424,12.431700000000001,0.1,0.15267857142857144
OFF-SU-10004231,Acme Tagit Stainless Steel Antibacterial Scissors,Office Supplies,Supplies,6,22,196.01999999999998,37.026,0.10000000000000002,0.1888888888888889
OFF-SU-10004261,"Fiskars 8"" Scissors, 2/Pack",Office Supplies,Supplies,4,14,217.224,45.8584,0.1,0.21111111111111114
OFF-SU-10004290,"Acme Design Line 8"" Stainless Steel Bent Scissors w/Champagne Handles, 3-1/8"" Cut",Office Supplies,Supplies,3,7,45.144,10.1916,0.06666666666666667,0.22575757575757574
OFF-SU-10004498,Martin-Yale Premier Letter Opener,Office Supplies,Supplies,7,20,236.99200000000002,-12.879999999999999,0.08571428571428573,-0.05434782608695651
OFF-SU-10004661,Acme Titanium Bonded Scissors,Office Supplies,Supplies,5,13,102.0,20.23,0.08,0.19833333333333333
OFF-SU-10004664,Acme Softgrip Scissors,Office Supplies,Supplies,4,23,166.056,33.1298,0.1,0.19950980392156864
OFF-SU-10004737,Acme Design Stainless Steel Bent Scissors,Office Supplies,Supplies,3,13,88.92,24.0084,0.0,0.27
OFF-SU-10004768,Acme Kleencut Forged Steel Scissors,Office Supplies,Supplies,3,7,35.587999999999994,7.462,0.13333333333333333,0.20967741935483875
OFF-SU-10004782,"Elite 5"" Scissors",Office Supplies,Supplies,7,24,179.14,37.18,0.08571428571428573,0.20754716981132076
OFF-SU-10004884,Acme Galleria Hot Forged Steel Scissors with Colored Handles,Office Supplies,Supplies,3,13,195.05200000000002,49.8641,0.06666666666666667,0.25564516129032255
TEC-AC-10000023,"Maxell 74 Minute CD-R Spindle, 50/Pack",Technology,Accessories,5,24,503.28,181.1808,0.0,0.36000000000000004
TEC-AC-10000057,Microsoft Natural Ergonomic Keyboard 4000,Technology,Accessories,5,19,557.814,107.66409999999999,0.04,0.19301075268817203
TEC-AC-10000109,Sony Micro Vault Click 16 GB USB 2.0 Flash Drive,Technology,Accessories,9,29,1489.334,255.3144,0.08888888888888889,0.17142857142857143
TEC-AC-10000158,Sony 64GB Class 10 Micro SDHC R40 Memory Card,Technology,Accessories,9,27,899.75,132.0833,0.06666666666666668,0.1468
TEC-AC-10000171,"Verbatim 25 GB 6x Blu-ray Single Layer Recordable Disc, 25/Pack",Technology,Accessories,5,12,248.292,91.0404,0.12000000000000002,0.3666666666666667
TEC-AC-10000199,Kingston Digital DataTraveler 8GB USB 2.0,Technology,Accessories,3,9,44.03,-2.0229999999999997,0.13333333333333333,-0.045945945945945935
TEC-AC-10000290,Sabrent 4-Port USB 2.0 Hub,Technology,Accessories,4,15,96.418,29.197,0.05,0.3028169014084507
TEC-AC-10000303,Logitech M510 Wireless Mouse,Technology,Accessories,3,7,239.94,52.3869,0.13333333333333333,0.21833333333333332
TEC-AC-10000358,Imation Secure Drive + Hardware Encrypted USB flash drive - 16 GB,Technology,Accessories,6,24,888.966,196.0284,0.03333333333333333,0.2205128205128205
TEC-AC-10000387,KeyTronic KT800P2 - Keyboard - Black,Technology,Accessories,3,6,75.1,1.2015999999999998,0.13333333333333333,0.015999999999999997
TEC-AC-10000397,"Perixx PERIBOARD-512B, Ergonomic Split Keyboard",Technology,Accessories,3,12,419.88,29.391599999999997,0.0,0.06999999999999999
TEC-AC-10000420,Logitech G500s Laser Gaming Mouse with Adjustable Weight Tuning,Technology,Accessories,4,21,1399.8,429.7386,0.05,0.30700000000000005
TEC-AC-10000474,Kensington Expert Mouse Optical USB Trackball for PC or Mac,Technology,Accessories,6,20,1690.8220000000001,360.962,0.10000000000000002,0.2134831460674157
TEC-AC-10000487,SanDisk Cruzer 4 GB USB Flash Drive,Technology,Accessories,2,5,25.96,5.5165,0.2,0.2125
TEC-AC-10000521,"Verbatim Slim CD and DVD Storage Cases, 50/Pack",Technology,Accessories,4,8,80.78,16.156,0.1,0.19999999999999998
TEC-AC-10000580,Logitech G13 Programmable Gameboard with LCD Display,Technology,Accessories,4,14,1039.87,43.194599999999994,0.1,0.04153846153846154
TEC-AC-10000682,Kensington K72356US Mouse-in-a-Box USB Desktop Mouse,Technology,Accessories,6,20,321.846,106.176,0.03333333333333333,0.32989690721649484
TEC-AC-10000710,Maxell DVD-RAM Discs,Technology,Accessories,3,18,296.64,127.5552,0.0,0.43
TEC-AC-10000736,Logitech G600 MMO Gaming Mouse,Technology,Accessories,8,21,1615.798,540.7324,0.025,0.3346534653465346
TEC-AC-10000844,Logitech Gaming G510s - Keyboard,Technology,Accessories,8,31,2362.7219999999998,676.5204,0.07500000000000001,0.2863309352517986
TEC-AC-10000865,WD My Passport Ultra 500GB Portable External Hard Drive,Technology,Accessories,4,12,708.0,120.36,0.0,0.17
TEC-AC-10000892,NETGEAR N750 Dual Band Wi-Fi Gigabit Router,Technology,Accessories,7,22,1890.0,622.8,0.05714285714285715,0.3295238095238095
TEC-AC-10000926,NETGEAR RangeMax WNR1000 Wireless Router,Technology,Accessories,1,3,59.976,11.9952,0.2,0.2
TEC-AC-10000927,Anker Ultrathin Bluetooth Wireless Keyboard Aluminum Cover with Stand ,Technology,Accessories,4,17,491.836,32.989000000000004,0.05,0.06707317073170732
TEC-AC-10000990,Imation Bio 2GB USB Flash Drive Imation Corp,Technology,Accessories,3,16,2098.88,881.5296,0.0,0.42
TEC-AC-10000991,Sony Micro Vault Click 8 GB USB 2.0 Flash Drive,Technology,Accessories,4,13,582.6759999999999,57.3278,0.05,0.09838709677419356
TEC-AC-10001013,Logitech ClearChat Comfort/USB Headset H390,Technology,Accessories,6,19,533.078,160.2163,0.06666666666666667,0.30054945054945054
TEC-AC-10001090,Micro Innovations Wireless Classic Keyboard with Mouse,Technology,Accessories,2,4,107.964,9.5968,0.1,0.08888888888888889
TEC-AC-10001101,Sony 16GB Class 10 Micro SDHC R40 Memory Card,Technology,Accessories,4,16,190.772,5.155999999999999,0.1,0.02702702702702702
TEC-AC-10001109,Logitech Trackman Marble Mouse,Technology,Accessories,9,28,773.742,286.70439999999996,0.08888888888888889,0.3705426356589147
TEC-AC-10001114,Microsoft Wireless Mobile Mouse 4000,Technology,Accessories,4,15,591.852,183.954,0.05,0.31081081081081086
TEC-AC-10001142,First Data FD10 PIN Pad,Technology,Accessories,5,24,1722.2,15.800000000000004,0.08,0.009174311926605507
TEC-AC-10001266,Memorex Micro Travel Drive 8 GB,Technology,Accessories,8,26,299.0,113.1,0.1,0.3782608695652174
TEC-AC-10001267,Imation 32GB Pocket Pro USB 3.0 Flash Drive - 32 GB - Black - 1 P ...,Technology,Accessories,5,18,467.21999999999997,143.76,0.12000000000000002,0.3076923076923077
TEC-AC-10001284,Enermax Briskie RF Wireless Keyboard and Mouse Combo,Technology,Accessories,5,24,469.402,150.3748,0.04,0.32035398230088497
TEC-AC-10001314,Case Logic 2.4GHz Wireless Keyboard,Technology,Accessories,8,27,1229.754,-11.997600000000006,0.07500000000000001,-0.009756097560975615
TEC-AC-10001383,Logitech Wireless Touch Keyboard K400,Technology,Accessories,3,15,364.854,53.7285,0.06666666666666667,0.14726027397260275
TEC-AC-10001432,Enermax Aurora Lite Keyboard,Technology,Accessories,5,21,1641.1499999999999,722.106,0.0,0.44000000000000006
TEC-AC-10001445,Imation USB 2.0 Swivel Flash Drive USB flash drive - 4 GB - Pink,Technology,Accessories,3,14,42.42,8.9082,0.0,0.21000000000000002
TEC-AC-10001465,SanDisk Cruzer 64 GB USB Flash Drive,Technology,Accessories,9,34,1184.032,319.61600000000004,0.06666666666666668,0.2699386503067485
TEC-AC-10001539,Logitech G430 Surround Sound Gaming Headset with Dolby 7.1 Technology,Technology,Accessories,4,17,1247.844,377.5528,0.05,0.30256410256410254
TEC-AC-10001542,SanDisk Cruzer 16 GB USB Flash Drive,Technology,Accessories,3,10,107.912,14.924,0.06666666666666667,0.1382978723404255
TEC-AC-10001552,Logitech K350 2.4Ghz Wireless Keyboard,Technology,Accessories,5,25,1154.664,47.2815,0.08,0.040948275862068964
TEC-AC-10001553,"Memorex 25GB 6X Branded Blu-Ray Recordable Disc, 15/Pack",Technology,Accessories,5,26,373.78,24.8054,0.16,0.06636363636363636
TEC-AC-10001590,Dell Slim USB Multimedia Keyboard,Technology,Accessories,2,5,125.0,30.0,0.0,0.24
TEC-AC-10001606,Logitech Wireless Performance Mouse MX for PC and Mac,Technology,Accessories,7,21,1799.82,497.9502,0.1142857142857143,0.27666666666666667
TEC-AC-10001635,KeyTronic KT400U2 - Keyboard - Black,Technology,Accessories,3,15,148.03199999999998,24.672,0.06666666666666667,0.16666666666666669
TEC-AC-10001714,Logitech MX Performance Wireless Mouse,Technology,Accessories,7,23,789.822,211.8159,0.1142857142857143,0.2681818181818182
TEC-AC-10001767,SanDisk Ultra 64 GB MicroSDHC Class 10 Memory Card,Technology,Accessories,6,25,927.768,37.9905,0.10000000000000002,0.040948275862068964
TEC-AC-10001772,Memorex Mini Travel Drive 16 GB USB 2.0 Flash Drive,Technology,Accessories,6,45,718.65,280.2735,0.0,0.39
TEC-AC-10001838,Razer Tiamat Over Ear 7.1 Surround Sound PC Gaming Headset,Technology,Accessories,7,26,5119.744000000001,2155.8922000000002,0.028571428571428574,0.42109375
TEC-AC-10001874,Logitech Wireless Anywhere Mouse MX for PC and Mac,Technology,Accessories,3,11,551.908,89.985,0.13333333333333333,0.16304347826086957
TEC-AC-10001908,Logitech Wireless Headset h800,Technology,Accessories,6,32,2799.72,719.928,0.06666666666666667,0.2571428571428572
TEC-AC-10001956,Microsoft Arc Touch Mouse,Technology,Accessories,2,7,359.70000000000005,91.124,0.1,0.2533333333333333
TEC-AC-10001990,Kensington Orbit Wireless Mobile Trackball for PC and Mac,Technology,Accessories,5,33,1703.7160000000001,357.5404,0.16,0.20985915492957744
TEC-AC-10001998,Logitech LS21 Speaker System - PC Multimedia - 2.1-CH - Wired,Technology,Accessories,6,11,207.896,62.7686,0.03333333333333333,0.30192307692307696
TEC-AC-10002001,Logitech Wireless Gaming Headset G930,Technology,Accessories,6,21,2879.82,763.1523,0.13333333333333333,0.26499999999999996
TEC-AC-10002006,Memorex Micro Travel Drive 16 GB,Technology,Accessories,6,39,556.452,126.1611,0.08571428571428573,0.2267241379310345
TEC-AC-10002018,AmazonBasics 3-Button USB Wired Mouse,Technology,Accessories,5,14,88.074,32.2938,0.08,0.36666666666666664
TEC-AC-10002049,Logitech G19 Programmable Gaming Keyboard,Technology,Accessories,8,36,4389.246,729.0612,0.025,0.16610169491525423
TEC-AC-10002049,Plantronics Savi W720 Multi-Device Wireless Headset System,Technology,Accessories,7,24,9367.289999999999,3696.2819999999997,0.05714285714285715,0.3945945945945946
TEC-AC-10002076,Microsoft Natural Keyboard Elite,Technology,Accessories,4,29,1497.0,20.957999999999995,0.15000000000000002,0.013999999999999997
TEC-AC-10002134,Rosewill 107 Normal Keys USB Wired Standard Keyboard,Technology,Accessories,3,9,105.14399999999999,0.8087999999999997,0.06666666666666667,0.00769230769230769
TEC-AC-10002167,Imation 8gb Micro Traveldrive Usb 2.0 Flash Drive,Technology,Accessories,8,25,357.0,23.25,0.07500000000000001,0.06512605042016807
TEC-AC-10002217,Imation Clip USB flash drive - 8 GB,Technology,Accessories,7,25,443.68,1.88,0.08571428571428573,0.00423728813559322
TEC-AC-10002253,Imation Bio 8GB USB Flash Drive Imation Corp,Technology,Accessories,4,16,2659.84,398.976,0.0,0.15
TEC-AC-10002305,KeyTronic E03601U1 - Keyboard - Beige,Technology,Accessories,6,18,324.0,58.32,0.0,0.18
TEC-AC-10002323,SanDisk Ultra 32 GB MicroSDHC Class 10 Memory Card,Technology,Accessories,11,44,884.0,38.012,0.10909090909090911,0.043000000000000003
TEC-AC-10002331,"Maxell 74 Minute CDR, 10/Pack",Technology,Accessories,5,26,232.764,72.5676,0.08,0.31176470588235294
TEC-AC-10002335,Logitech Media Keyboard K200,Technology,Accessories,4,16,503.856,50.3856,0.1,0.09999999999999999
TEC-AC-10002345,HP Standard 104 key PS/2 Keyboard,Technology,Accessories,6,20,275.5,58.0,0.06666666666666667,0.21052631578947367
TEC-AC-10002370,Maxell CD-R Discs,Technology,Accessories,3,9,15.76,3.7036,0.13333333333333333,0.235
TEC-AC-10002380,Sony 8GB Class 10 Micro SDHC R40 Memory Card,Technology,Accessories,1,3,27.192,0.3399,0.2,0.012499999999999999
TEC-AC-10002399,SanDisk Cruzer 32 GB USB Flash Drive,Technology,Accessories,6,20,361.38,102.708,0.06666666666666667,0.28421052631578947
TEC-AC-10002402,Razer Kraken PRO Over Ear PC and Music Headset,Technology,Accessories,8,30,2159.73,479.94,0.1,0.2222222222222222
TEC-AC-10002473,Maxell 4.7GB DVD-R,Technology,Accessories,11,49,1231.692,411.2262,0.1272727272727273,0.3338709677419355
TEC-AC-10002550,Maxell 4.7GB DVD-RW 3/Pack,Technology,Accessories,4,10,146.55599999999998,41.418,0.1,0.28260869565217395
TEC-AC-10002550,"Memorex 25GB 6X Branded Blu-Ray Recordable Disc, 30/Pack",Technology,Accessories,4,17,472.86,-32.2695,0.1,-0.06824324324324324
TEC-AC-10002558,Imation Swivel Flash Drive USB flash drive - 8 GB,Technology,Accessories,2,5,54.57599999999999,17.6235,0.1,0.3229166666666667
TEC-AC-10002567,Logitech G602 Wireless Gaming Mouse,Technology,Accessories,9,29,1999.75,515.1356000000001,0.1111111111111111,0.25760000000000005
TEC-AC-10002600,Belkin QODE FastFit Bluetooth Keyboard,Technology,Accessories,2,9,495.6,16.107,0.1,0.032499999999999994
TEC-AC-10002637,Logitech VX Revolution Cordless Laser Mouse for Notebooks (Black),Technology,Accessories,5,22,3743.7920000000004,21.598799999999997,0.08,0.005769230769230768
TEC-AC-10002647,"Logitech Wireless Boombox Speaker - portable - wireless, wired",Technology,Accessories,2,4,383.04,148.96,0.1,0.3888888888888889
TEC-AC-10002718,Belkin Standard 104 key USB Keyboard,Technology,Accessories,6,21,265.538,5.1065000000000005,0.16666666666666666,0.019230769230769232
TEC-AC-10002800,Plantronics Audio 478 Stereo USB Headset,Technology,Accessories,9,34,1619.676,514.897,0.06666666666666668,0.31790123456790126
TEC-AC-10002842,WD My Passport Ultra 2TB Portable External Hard Drive,Technology,Accessories,8,35,3998.4,499.8,0.025,0.125
TEC-AC-10002857,"Verbatim 25 GB 6x Blu-ray Single Layer Recordable Disc, 1/Pack",Technology,Accessories,3,14,83.44,11.473,0.20000000000000004,0.1375
TEC-AC-10002926,Logitech Wireless Marathon Mouse M705,Technology,Accessories,8,30,1409.718,554.889,0.05,0.39361702127659576
TEC-AC-10002942,WD My Passport Ultra 1TB Portable External Hard Drive,Technology,Accessories,6,17,1007.4,33.81,0.16666666666666666,0.03356164383561644
TEC-AC-10003023,Logitech G105 Gaming Keyboard,Technology,Accessories,5,14,759.936,78.36840000000001,0.12000000000000002,0.10312500000000001
TEC-AC-10003027,Imation 8GB Mini TravelDrive USB 2.0 Flash Drive,Technology,Accessories,3,13,350.20399999999995,8.7551,0.06666666666666667,0.025000000000000005
TEC-AC-10003033,Plantronics CS510 - Over-the-Head monaural Wireless Headset System,Technology,Accessories,10,35,10822.36,3085.0325000000003,0.08,0.28506097560975613
TEC-AC-10003038,Kingston Digital DataTraveler 16GB USB 2.0,Technology,Accessories,13,57,477.93,64.7085,0.06153846153846154,0.13539325842696628
TEC-AC-10003063,Micro Innovations USB RF Wireless Keyboard with Mouse,Technology,Accessories,6,18,440.0,84.5,0.03333333333333333,0.19204545454545455
TEC-AC-10003095,Logitech G35 7.1-Channel Surround Sound Headset,Technology,Accessories,6,17,2157.8340000000003,699.3462,0.03333333333333333,0.32409638554216863
TEC-AC-10003116,Memorex Froggy Flash Drive 8 GB,Technology,Accessories,8,32,536.05,189.57,0.07500000000000001,0.3536423841059603
TEC-AC-10003133,Memorex Mini Travel Drive 4 GB USB 2.0 Flash Drive,Technology,Accessories,1,2,13.616,3.5742,0.2,0.2625
TEC-AC-10003174,Plantronics S12 Corded Telephone Headset System,Technology,Accessories,6,23,2242.032,754.5300000000001,0.10000000000000002,0.33653846153846156
TEC-AC-10003198,Enermax Acrylux Wireless Keyboard,Technology,Accessories,6,29,2450.16,630.468,0.10000000000000002,0.2573170731707317
TEC-AC-10003237,Memorex Micro Travel Drive 4 GB,Technology,Accessories,3,11,103.88,37.418,0.06666666666666667,0.36020408163265305
TEC-AC-10003280,Belkin F8E887 USB Wired Ergonomic Keyboard,Technology,Accessories,8,21,563.812,66.2779,0.1,0.1175531914893617
TEC-AC-10003289,Anker Ultra-Slim Mini Bluetooth 3.0 Wireless Keyboard,Technology,Accessories,5,26,499.75,99.55019999999999,0.08,0.1992
TEC-AC-10003399,Memorex Mini Travel Drive 64 GB USB 2.0 Flash Drive,Technology,Accessories,6,15,543.6,228.312,0.0,0.42
TEC-AC-10003433,Maxell 4.7GB DVD+R 5/Pack,Technology,Accessories,5,13,11.682,4.6035,0.08,0.3940677966101695
TEC-AC-10003441,Kingston Digital DataTraveler 32GB USB 2.0,Technology,Accessories,7,22,355.95,5.4239999999999995,0.05714285714285715,0.015238095238095236
TEC-AC-10003447,Micropad Numeric Keypads,Technology,Accessories,4,15,291.85400000000004,66.9665,0.05,0.2294520547945205
TEC-AC-10003499,Memorex Mini Travel Drive 8 GB USB 2.0 Flash Drive,Technology,Accessories,5,20,194.54399999999998,53.268,0.16,0.27380952380952384
TEC-AC-10003590,"TRENDnet 56K USB 2.0 Phone, Internet and Fax Modem",Technology,Accessories,5,25,626.538,212.298,0.08,0.33884297520661155
TEC-AC-10003610,Logitech Illuminated - Keyboard,Technology,Accessories,6,20,1139.81,515.914,0.03333333333333333,0.45263157894736844
TEC-AC-10003614,"Verbatim 25 GB 6x Blu-ray Single Layer Recordable Disc, 10/Pack",Technology,Accessories,5,14,150.67000000000002,41.955799999999996,0.08,0.2784615384615384
TEC-AC-10003628,Logitech 910-002974 M325 Wireless Mouse for Web Scrolling,Technology,Accessories,15,52,1409.53,536.2212000000001,0.09333333333333334,0.38042553191489364
TEC-AC-10003657,Lenovo 17-Key USB Numeric Keypad,Technology,Accessories,5,13,367.092,22.433400000000002,0.16,0.06111111111111112
TEC-AC-10003709,Maxell 4.7GB DVD-R 5/Pack,Technology,Accessories,5,21,19.008,7.3656,0.08,0.3875
TEC-AC-10003832,Imation 16GB Mini TravelDrive USB 2.0 Flash Drive,Technology,Accessories,9,34,1007.152,342.56419999999997,0.08888888888888889,0.3401315789473684
TEC-AC-10003832,Logitech P710e Mobile Speakerphone,Technology,Accessories,9,41,10196.604,1645.3611,0.06666666666666668,0.16136363636363638
TEC-AC-10003870,Logitech Z-906 Speaker sys - home theater - 5.1-CH,Technology,Accessories,4,17,5609.83,2243.932,0.0,0.39999999999999997
TEC-AC-10003911,NETGEAR AC1750 Dual Band Gigabit Smart WiFi Router,Technology,Accessories,5,18,2623.8360000000002,723.1548,0.04,0.27560975609756094
TEC-AC-10004001,Logitech Wireless Headset H600 Over-The-Head Design,Technology,Accessories,2,10,386.90999999999997,133.269,0.1,0.3444444444444445
TEC-AC-10004114,KeyTronic 6101 Series - Keyboard - Black,Technology,Accessories,2,10,360.712,127.06899999999999,0.1,0.35227272727272724
TEC-AC-10004127,SanDisk Cruzer 8 GB USB Flash Drive,Technology,Accessories,1,4,27.168,-1.3584,0.2,-0.05
TEC-AC-10004145,Logitech diNovo Edge Keyboard,Technology,Accessories,5,31,7399.704,1432.4427,0.04,0.1935810810810811
TEC-AC-10004171,Razer Kraken 7.1 Surround Sound Over Ear USB Gaming Headset,Technology,Accessories,6,29,2619.738,995.9004,0.06666666666666667,0.3801526717557252
TEC-AC-10004209,Memorex Froggy Flash Drive 4 GB,Technology,Accessories,5,14,136.276,42.4214,0.08,0.31129032258064515
TEC-AC-10004227,SanDisk Ultra 16 GB MicroSDHC Class 10 Memory Card,Technology,Accessories,7,31,329.946,-48.5826,0.14285714285714285,-0.14724409448818895
TEC-AC-10004353,Hypercom P1300 Pinpad,Technology,Accessories,7,21,1108.8,275.31,0.17142857142857146,0.24829545454545457
TEC-AC-10004396,Logitech Keyboard K120,Technology,Accessories,3,12,174.24,-19.602,0.20000000000000004,-0.1125
TEC-AC-10004420,Cherry 142-key Programmable Keyboard,Technology,Accessories,1,4,479.72,52.7692,0.0,0.10999999999999999
TEC-AC-10004469,Microsoft Sculpt Comfort Mouse,Technology,Accessories,10,42,1574.03,634.406,0.06000000000000001,0.40304568527918777
TEC-AC-10004510,Logitech Desktop MK120 Mouse and keyboard Combo,Technology,Accessories,12,50,778.736,42.536,0.06666666666666667,0.0546218487394958
TEC-AC-10004518,Memorex Mini Travel Drive 32 GB USB 2.0 Flash Drive,Technology,Accessories,2,14,280.0,109.19999999999999,0.0,0.38999999999999996
TEC-AC-10004568,Maxell LTO Ultrium - 800 GB,Technology,Accessories,8,41,1086.012,156.4641,0.07500000000000001,0.14407216494845362
TEC-AC-10004571,Logitech G700s Rechargeable Gaming Mouse,Technology,Accessories,9,25,2339.766,889.9110000000001,0.08888888888888889,0.3803418803418804
TEC-AC-10004595,First Data TMFD35 PIN Pad,Technology,Accessories,2,4,571.2,119.952,0.0,0.21
TEC-AC-10004633,"Verbatim 25 GB 6x Blu-ray Single Layer Recordable Disc, 3/Pack",Technology,Accessories,6,30,184.536,67.104,0.10000000000000002,0.36363636363636365
TEC-AC-10004659,Imation Secure+ Hardware Encrypted USB 2.0 Flash Drive; 16GB,Technology,Accessories,5,32,1926.9360000000001,408.744,0.16666666666666666,0.21212121212121213
TEC-AC-10004666,Maxell iVDR EX 500GB Cartridge,Technology,Accessories,2,10,2755.4,1184.8220000000001,0.0,0.43000000000000005
TEC-AC-10004708,Sony 32GB Class 10 Micro SDHC R40 Memory Card,Technology,Accessories,4,12,251.4,52.794,0.0,0.21
TEC-AC-10004761,Maxell 4.7GB DVD+RW 3/Pack,Technology,Accessories,4,17,264.438,88.4115,0.05,0.3343373493975904
TEC-AC-10004803,Sony Micro Vault Click 4 GB USB 2.0 Flash Drive,Technology,Accessories,3,18,250.92000000000002,35.1288,0.0,0.13999999999999999
TEC-AC-10004814,Logitech Illuminated Ultrathin Keyboard with Backlighting,Technology,Accessories,1,3,170.97,70.0977,0.0,0.41000000000000003
TEC-AC-10004855,V7 USB Numeric Keypad,Technology,Accessories,4,16,461.868,-58.7832,0.15000000000000002,-0.1272727272727273
TEC-AC-10004859,"Maxell Pro 80 Minute CD-R, 10/Pack",Technology,Accessories,4,24,374.072,122.36,0.1,0.32710280373831774
TEC-AC-10004864,Memorex Micro Travel Drive 32 GB,Technology,Accessories,5,12,379.70399999999995,129.97560000000001,0.12000000000000002,0.34230769230769237
TEC-AC-10004877,Imation 30456 USB Flash Drive 8GB,Technology,Accessories,5,23,154.56,8.556,0.04,0.05535714285714285
TEC-AC-10004901,Kensington SlimBlade Notebook Wireless Mouse with Nano Receiver ,Technology,Accessories,4,13,549.89,120.9758,0.15000000000000002,0.22000000000000003
TEC-AC-10004975,Plantronics Audio 995 Wireless Stereo Headset,Technology,Accessories,4,18,1913.13,587.1329999999999,0.05,0.3068965517241379
TEC-AC-10004992,Kingston Digital DataTraveler 64GB USB 2.0,Technology,Accessories,2,6,202.68,16.2144,0.0,0.08
TEC-CO-10000971,Hewlett Packard 310 Color Digital Copier,Technology,Copiers,6,16,4199.86,839.972,0.13333333333333333,0.2
TEC-CO-10001046,Canon Imageclass D680 Copier / Fax,Technology,Copiers,5,16,8959.872,2799.96,0.2,0.3125
TEC-CO-10001449,Hewlett Packard LaserJet 3310 Copier,Technology,Copiers,8,38,18839.686,6983.8836,0.2,0.37070063694267513
TEC-CO-10001571,Sharp 1540cs Digital Laser Copier,Technology,Copiers,7,10,4399.92,1649.97,0.17142857142857146,0.375
TEC-CO-10001766,Canon PC940 Copier,Technology,Copiers,3,15,5669.874,2092.4535,0.20000000000000004,0.36904761904761907
TEC-CO-10001943,Canon PC-428 Personal Copier,Technology,Copiers,6,25,4119.794,1469.9265,0.20000000000000004,0.3567961165048544
TEC-CO-10002095,Hewlett Packard 610 Color Digital Copier / Printer,Technology,Copiers,7,21,8899.822,3124.9375,0.14285714285714285,0.35112359550561795
TEC-CO-10002313,Canon PC1080F Personal Copier,Technology,Copiers,4,11,5999.9,1973.9670999999998,0.05,0.329
TEC-CO-10003236,Canon Image Class D660 Copier,Technology,Copiers,2,7,3959.9339999999997,1691.9718,0.1,0.4272727272727273
TEC-CO-10003763,Canon PC1060 Personal Laser Copier,Technology,Copiers,4,19,11619.833999999999,4570.9347,0.15000000000000002,0.39337349397590365
TEC-CO-10004115,Sharp AL-1530CS Digital Copier,Technology,Copiers,4,17,6399.872,2064.9587,0.25,0.32265625000000003
TEC-CO-10004202,Brother DCP1000 Digital 3 in 1 Multifunction Machine,Technology,Copiers,7,19,4859.838,1154.9615000000001,0.14285714285714285,0.23765432098765435
TEC-CO-10004722,Canon imageCLASS 2200 Advanced Copier,Technology,Copiers,5,20,61599.824,25199.928,0.12000000000000002,0.40909090909090906
TEC-MA-10000010,Hewlett-Packard Deskjet 3050a All-in-One Color Inkjet Printer,Technology,Machines,1,8,3040.0,1459.2,0.0,0.48000000000000004
TEC-MA-10000029,"Epson WorkForce WF-2530 All-in-One Printer, Copier Scanner",Technology,Machines,2,4,279.96,120.3828,0.0,0.43000000000000005
TEC-MA-10000045,Zebra ZM400 Thermal Label Printer,Technology,Machines,2,6,6965.700000000001,3343.536,0.0,0.48
TEC-MA-10000112,Panasonic KX MB2061 Multifunction Printer,Technology,Machines,1,10,2396.4,179.73,0.2,0.075
TEC-MA-10000418,Cubify CubeX 3D Printer Double Head Print,Technology,Machines,3,9,11099.963,-8879.9704,0.5333333333333333,-0.8
TEC-MA-10000423,Texas Instruments TI-34 Scientific Calculator,Technology,Machines,3,12,204.507,64.6506,0.2333333333333333,0.3161290322580645
TEC-MA-10000488,Bady BDG101FRU Card Printer,Technology,Machines,4,14,9279.884,1327.9834,0.2,0.14310344827586208
TEC-MA-10000597,Lexmark S315 Color Inkjet Printer,Technology,Machines,2,5,299.97,34.996500000000005,0.44999999999999996,0.11666666666666667
TEC-MA-10000752,Texas Instrument TI-15 Fraction Calculator,Technology,Machines,2,8,41.905,-20.519,0.44999999999999996,-0.489655172413793
TEC-MA-10000822,Lexmark MX611dhe Monochrome Laser Printer,Technology,Machines,4,18,16829.901,-4589.973,0.4,-0.2727272727272727
TEC-MA-10000864,Cisco 9971 IP Video Phone Charcoal,Technology,Machines,2,16,4268.0,466.4,0.35,0.10927835051546392
TEC-MA-10000904,"Brother MFC-9340CDW LED All-In-One Printer, Copier Scanner",Technology,Machines,1,3,341.991,-319.1916,0.7,-0.9333333333333333
TEC-MA-10000984,Okidata MB760 Printer,Technology,Machines,2,7,7834.4,881.37,0.2,0.1125
TEC-MA-10001016,Canon PC170 Desktop Personal Copier,Technology,Machines,2,6,575.82,67.179,0.4,0.11666666666666665
TEC-MA-10001031,Socket Bluetooth Cordless Hand Scanner (CHS),Technology,Machines,1,3,506.28,177.198,0.2,0.35000000000000003
TEC-MA-10001047,"3D Systems Cube Printer, 2nd Generation, Magenta",Technology,Machines,2,11,14299.89,3717.9714000000004,0.0,0.26
TEC-MA-10001127,"HP Designjet T520 Inkjet Large Format Printer - 24"" Color",Technology,Machines,3,12,18374.895,4094.9766,0.16666666666666666,0.22285714285714284
TEC-MA-10001148,Okidata MB491 Multifunction Printer,Technology,Machines,2,9,2844.2999999999997,-434.13,0.44999999999999996,-0.15263157894736842
TEC-MA-10001148,Swingline SM12-08 MicroCut Jam Free Shredder,Technology,Machines,3,13,2359.9410000000003,-447.9888,0.5333333333333333,-0.18983050847457625
TEC-MA-10001570,Cisco Desktop Collaboration Experience DX650 IP Video Phone,Technology,Machines,1,5,385.8,130.2075,0.2,0.3375
TEC-MA-10001681,Lexmark MarkNet N8150 Wireless Print Server,Technology,Machines,2,6,723.51,-506.457,0.7,-0.7
TEC-MA-10001695,Zebra GK420t Direct Thermal/Thermal Transfer Printer,Technology,Machines,1,6,703.71,-938.28,0.7,-1.3333333333333333
TEC-MA-10001856,Okidata C610n Printer,Technology,Machines,1,2,649.0,-272.58,0.5,-0.42
TEC-MA-10001972,Okidata C331dn Printer,Technology,Machines,5,12,3210.8,111.68,0.24000000000000005,0.034782608695652174
TEC-MA-10002073,"3D Systems Cube Printer, 2nd Generation, White",Technology,Machines,2,3,2339.982,-467.9964,0.35,-0.2
TEC-MA-10002109,"HP Officejet Pro 8600 e-All-In-One Printer, Copier, Scanner, Fax",Technology,Machines,2,4,449.97,47.9968,0.25,0.10666666666666666
TEC-MA-10002178,Cisco CP-7937G Unified IP Conference Station Phone,Technology,Machines,2,4,1391.4,-55.656,0.5,-0.039999999999999994
TEC-MA-10002210,Epson TM-T88V Direct Thermal Printer - Monochrome - Desktop,Technology,Machines,2,10,1212.705,-1057.23,0.55,-0.8717948717948719
TEC-MA-10002412,Cisco TelePresence System EX90 Videoconferencing Unit,Technology,Machines,1,6,22638.48,-1811.0784,0.5,-0.08
TEC-MA-10002428,Fellowes Powershred HS-440 4-Sheet High Security Shredder,Technology,Machines,3,17,2541.8360000000002,1092.6795,0.06666666666666667,0.42987804878048774
TEC-MA-10002694,Hewlett-Packard Deskjet F4180 All-in-One Color Ink-jet - Printer / copier / scanner,Technology,Machines,1,2,101.994,-71.3958,0.7,-0.7
TEC-MA-10002790,NeatDesk Desktop Scanner & Digital Filing System,Technology,Machines,1,2,479.988,55.9986,0.4,0.11666666666666667
TEC-MA-10002859,Ativa MDM8000 8-Sheet Micro-Cut Shredder,Technology,Machines,2,11,917.8979999999999,393.2563,0.1,0.42843137254901964
TEC-MA-10002927,Canon imageCLASS MF7460 Monochrome Digital Laser Multifunction Copier,Technology,Machines,1,2,3991.98,1995.99,0.0,0.5
TEC-MA-10002930,Ricoh - Ink Collector Unit for GX3000 Series Printers,Technology,Machines,3,14,465.64500000000004,36.916,0.3,0.07927927927927926
TEC-MA-10002937,"Canon Color ImageCLASS MF8580Cdw Wireless Laser All-In-One Printer, Copier, Scanner",Technology,Machines,1,3,1007.979,43.1991,0.3,0.04285714285714286
TEC-MA-10002981,I.R.I.S IRISCard Anywhere 5 Card Scanner,Technology,Machines,1,3,350.973,152.0883,0.1,0.43333333333333335
TEC-MA-10003066,Wasp CCD Handheld Bar Code Reader,Technology,Machines,1,3,336.51,44.868,0.4,0.13333333333333333
TEC-MA-10003173,Hewlett-Packard 300S Scientific Calculator,Technology,Machines,2,10,131.1,60.306,0.0,0.46
TEC-MA-10003176,Okidata B400 Printer,Technology,Machines,2,3,1029.6,115.83,0.2,0.1125
TEC-MA-10003183,DYMO CardScan Personal V9 Business Card Scanner,Technology,Machines,3,11,1343.9160000000002,463.971,0.3,0.3452380952380952
TEC-MA-10003230,Okidata C610n Printer,Technology,Machines,1,3,1362.9,-19.47,0.3,-0.014285714285714284
TEC-MA-10003246,Hewlett-Packard Deskjet D4360 Printer,Technology,Machines,1,4,447.968,139.99,0.2,0.3125
TEC-MA-10003329,"Vtech AT&T CL2940 Corded Speakerphone, Black",Technology,Machines,1,3,71.976,24.2919,0.2,0.33749999999999997
TEC-MA-10003337,Okidata B401 Printer,Technology,Machines,1,3,179.991,-251.9874,0.7,-1.4
TEC-MA-10003353,Xerox WorkCentre 6505DN Laser Multifunction Printer,Technology,Machines,1,7,2519.958,-251.9958,0.4,-0.09999999999999999
TEC-MA-10003356,Panasonic KX MC6040 Color Laser Multifunction Printer,Technology,Machines,2,5,1619.82,-22.497500000000002,0.35,-0.013888888888888892
TEC-MA-10003493,Penpower WorldCard Pro Card Scanner,Technology,Machines,1,1,91.475,-1.8295,0.5,-0.02
TEC-MA-10003589,Cisco 8961 IP Phone Charcoal,Technology,Machines,1,3,224.937,-164.9538,0.7,-0.7333333333333333
TEC-MA-10003626,Hewlett-Packard Deskjet 6540 Color Inkjet Printer,Technology,Machines,2,6,1396.21,139.621,0.4,0.1
TEC-MA-10003673,Hewlett-Packard Desktjet 6988DT Refurbished Printer,Technology,Machines,1,5,3404.5,1668.205,0.0,0.49
TEC-MA-10003674,Hewlett-Packard Deskjet 5550 Printer,Technology,Machines,1,3,597.132,49.761,0.4,0.08333333333333334
TEC-MA-10003979,Ativa V4110MDD Micro-Cut Shredder,Technology,Machines,2,11,7699.89,3772.9461,0.0,0.49
TEC-MA-10004002,Zebra GX420t Direct Thermal/Thermal Transfer Printer,Technology,Machines,3,14,5787.355,509.712,0.3,0.08807339449541285
TEC-MA-10004086,Plantronics Single Ear Headset,Technology,Machines,1,5,29.925,-21.945,0.7,-0.7333333333333333
TEC-MA-10004125,Cubify CubeX 3D Printer Triple Head Print,Technology,Machines,1,4,7999.98,-3839.9904,0.5,-0.48000000000000004
TEC-MA-10004212,Cisco SPA525G2 5-Line IP Phone,Technology,Machines,1,8,1379.92,648.5624,0.0,0.47
TEC-MA-10004241,Star Micronics TSP800 TSP847IIU Receipt Printer,Technology,Machines,2,4,1286.85,360.318,0.25,0.28
TEC-MA-10004255,Konica Minolta magicolor 1690MF Multifunction Printer,Technology,Machines,1,8,319.92,118.3704,0.0,0.37
TEC-MA-10004458,Lexmark X 9575 Professional All-in-One Color Printer,Technology,Machines,1,4,396.0,190.08,0.0,0.48000000000000004
TEC-MA-10004521,Epson Perfection V600 Photo Scanner,Technology,Machines,1,3,206.991,-172.4925,0.7,-0.8333333333333333
TEC-MA-10004552,Star Micronics TSP100 TSP143LAN Receipt Printer,Technology,Machines,1,4,1035.8,269.308,0.0,0.26
TEC-MA-10004626,Lexmark 20R1285 X6650 Wireless All-in-One Printer,Technology,Machines,2,6,600.0,218.4,0.25,0.364
TEC-MA-10004679,StarTech.com 10/100 VDSL2 Ethernet Extender Kit,Technology,Machines,4,13,2330.65,-785.7620000000001,0.425,-0.33714285714285713
TEC-PH-10000004,Belkin iPhone and iPad Lightning Cable,Technology,Phones,2,7,83.944,6.2958,0.2,0.075
TEC-PH-10000011,PureGear Roll-On Screen Protector,Technology,Phones,5,34,571.7139999999999,218.2908,0.16,0.38181818181818183
TEC-PH-10000038,Jawbone MINI JAMBOX Wireless Bluetooth Speaker,Technology,Phones,5,18,2027.304,-339.7104,0.16,-0.16756756756756755
TEC-PH-10000127,iOttie XL Car Mount,Technology,Phones,2,14,223.88799999999998,-50.3748,0.2,-0.22500000000000003
TEC-PH-10000141,Clearsounds A400,Technology,Phones,3,11,488.326,-48.8326,0.3333333333333333,-0.09999999999999999
TEC-PH-10000148,Cyber Acoustics AC-202b Speech Recognition Stereo Headset,Technology,Phones,5,11,119.508,-20.5242,0.16,-0.17173913043478262
TEC-PH-10000149,Cisco SPA525G2 IP Phone - Wireless,Technology,Phones,5,26,426.93,43.092,0.2,0.10093457943925233
TEC-PH-10000169,ARKON Windshield Dashboard Air Vent Car Mount Holder,Technology,Phones,4,14,216.95999999999998,-15.594000000000001,0.1,-0.07187500000000001
TEC-PH-10000193,Jensen SMPS-640 - speaker phone,Technology,Phones,4,12,496.584,88.28160000000001,0.1,0.1777777777777778
TEC-PH-10000213,Seidio BD2-HK3IPH5-BK DILEX Case and Holster Combo for Apple iPhone 5/5s - Black,Technology,Phones,3,11,272.88800000000003,27.288800000000002,0.20000000000000004,0.09999999999999999
TEC-PH-10000215,Plantronics Cordless Phone Headset with In-line Volume - M214C,Technology,Phones,6,27,908.7,219.8355,0.03333333333333333,0.2419230769230769
TEC-PH-10000307,Shocksock Galaxy S4 Armband,Technology,Phones,3,7,63.510000000000005,-10.074,0.13333333333333333,-0.1586206896551724
TEC-PH-10000347,Cush Cases Heavy Duty Rugged Cover Case for Samsung Galaxy S5 - Purple,Technology,Phones,6,17,65.34,3.9105000000000003,0.20000000000000004,0.05984848484848485
TEC-PH-10000369,HTC One Mini,Technology,Phones,4,19,2041.038,317.4948,0.15000000000000002,0.15555555555555556
TEC-PH-10000376,Square Credit Card Reader,Technology,Phones,7,22,173.826,11.188799999999999,0.17142857142857146,0.06436781609195402
TEC-PH-10000439,GE DSL Phone Line Filter,Technology,Phones,4,15,495.87600000000003,69.9825,0.1,0.1411290322580645
TEC-PH-10000441,VTech DS6151,Technology,Phones,8,25,2746.582,478.762,0.125,0.1743119266055046
TEC-PH-10000455,GE 30522EE2,Technology,Phones,3,10,1159.9,336.371,0.0,0.29
TEC-PH-10000486,Plantronics HL10 Handset Lifter,Technology,Phones,3,24,2227.008,250.5384,0.20000000000000004,0.1125
TEC-PH-10000526,Vtech CS6719,Technology,Phones,7,32,2630.126,418.51640000000003,0.17142857142857146,0.1591240875912409
TEC-PH-10000560,Samsung Galaxy S III - 16GB - pebble blue (T-Mobile),Technology,Phones,6,28,7139.796,83.99760000000003,0.20000000000000004,0.011764705882352946
TEC-PH-10000562,Samsung Convoy 3,Technology,Phones,2,9,688.138,-31.077199999999998,0.2,-0.04516129032258064
TEC-PH-10000576,AT&T 1080 Corded phone,Technology,Phones,7,18,1945.258,145.2094,0.2,0.07464788732394366
TEC-PH-10000586,AT&T SB67148 SynJ,Technology,Phones,3,8,475.128,89.74640000000001,0.13333333333333333,0.1888888888888889
TEC-PH-10000673,Plantronics Voyager Pro HD - Bluetooth Headset,Technology,Phones,5,25,1221.812,376.942,0.12000000000000002,0.3085106382978724
TEC-PH-10000675,Panasonic KX TS3282B Corded phone,Technology,Phones,3,9,590.328,44.2746,0.20000000000000004,0.075
TEC-PH-10000702,"Square Credit Card Reader, 4 1/2"" x 4 1/2"" x 1"", White",Technology,Phones,5,27,197.802,54.8451,0.2,0.2772727272727273
TEC-PH-10000730,Samsung Galaxy S4 Active,Technology,Phones,2,8,3999.92,1039.9792,0.0,0.26
TEC-PH-10000895,Polycom VVX 310 VoIP phone,Technology,Phones,8,40,6227.654,899.95,0.15000000000000002,0.1445086705202312
TEC-PH-10000912,Anker 24W Portable Micro USB Car Charger,Technology,Phones,2,8,61.544,14.0672,0.30000000000000004,0.22857142857142856
TEC-PH-10000923,"Belkin SportFit Armband For iPhone 5s/5c, Fuchsia",Technology,Phones,5,21,239.84,79.29709999999999,0.2,0.33062499999999995
TEC-PH-10000984,Panasonic KX-TG9471B,Technology,Phones,7,27,4978.146000000001,1168.1004,0.05714285714285715,0.23464566929133857
TEC-PH-10001051,HTC One,Technology,Phones,4,14,1119.888,125.9874,0.2,0.1125
TEC-PH-10001061,Apple iPhone 5C,Technology,Phones,4,15,1339.866,229.977,0.15000000000000002,0.17164179104477612
TEC-PH-10001079,Polycom SoundPoint Pro SE-225 Corded phone,Technology,Phones,4,19,1903.8400000000001,276.0568,0.15000000000000002,0.145
TEC-PH-10001128,Motorola Droid Maxx,Technology,Phones,4,21,2609.826,341.9772,0.15000000000000002,0.13103448275862067
TEC-PH-10001198,Avaya 4621SW VoIP phone,Technology,Phones,4,12,709.92,79.866,0.2,0.1125
TEC-PH-10001254,Jabra BIZ 2300 Duo QD Duo Corded Headset,Technology,Phones,4,17,1727.0639999999999,129.5298,0.2,0.075
TEC-PH-10001299,Polycom CX300 Desktop Phone USB VoIP phone,Technology,Phones,5,15,1679.8880000000001,59.99600000000001,0.2,0.03571428571428572
TEC-PH-10001300,"iKross Bluetooth Portable Keyboard + Cell Phone Stand Holder + Brush for Apple iPhone 5S 5C 5, 4S 4",Technology,Phones,5,24,477.66,115.64399999999999,0.08,0.2421052631578947
TEC-PH-10001305,Panasonic KX TS208W Corded phone,Technology,Phones,6,32,1283.538,154.8084,0.16666666666666666,0.12061068702290077
TEC-PH-10001336,Digium D40 VoIP phone,Technology,Phones,9,27,3044.164,571.4257,0.1111111111111111,0.18771186440677964
TEC-PH-10001363,Apple iPhone 5S,Technology,Phones,4,11,4901.914000000001,512.991,0.2,0.10465116279069765
TEC-PH-10001425,Mophie Juice Pack Helium for iPhone,Technology,Phones,6,24,1583.8020000000001,201.57479999999998,0.16666666666666666,0.12727272727272726
TEC-PH-10001433,Cisco Small Business SPA 502G VoIP phone,Technology,Phones,4,11,882.102,58.4649,0.25,0.06627906976744186
TEC-PH-10001448,Anker Astro 15000mAh USB Portable Charger,Technology,Phones,5,13,599.88,-23.995199999999997,0.08,-0.039999999999999994
TEC-PH-10001459,Samsung Galaxy Mega 6.3,Technology,Phones,6,39,13943.668,1822.7566,0.13333333333333333,0.13072289156626507
TEC-PH-10001468,Panasonic Business Telephones KX-T7736,Technology,Phones,1,3,546.06,163.818,0.0,0.30000000000000004
TEC-PH-10001494,Polycom CX600 IP Phone VoIP phone,Technology,Phones,4,17,4619.2300000000005,896.8505000000001,0.15000000000000002,0.19415584415584416
TEC-PH-10001527,Plantronics MX500i Earset,Technology,Phones,7,15,618.48,-6.4425,0.05714285714285715,-0.010416666666666666
TEC-PH-10001530,Cisco Unified IP Phone 7945G VoIP phone,Technology,Phones,6,26,6751.602,102.29699999999998,0.23333333333333336,0.015151515151515148
TEC-PH-10001530,Plantronics Voyager Pro Legend,Technology,Phones,3,8,1359.534,173.0316,0.20000000000000004,0.12727272727272726
TEC-PH-10001536,Spigen Samsung Galaxy S5 Case Wallet,Technology,Phones,5,15,234.462,45.873000000000005,0.08,0.19565217391304351
TEC-PH-10001552,I Need's 3d Hello Kitty Hybrid Silicone Case Cover for HTC One X 4g with 3d Hello Kitty Stylus Pen Green/pink,Technology,Phones,10,52,542.984,95.2016,0.12000000000000002,0.17533039647577092
TEC-PH-10001557,Pyle PMP37LED,Technology,Phones,10,43,3590.026,576.8999,0.1,0.1606951871657754
TEC-PH-10001578,Polycom SoundStation2 EX Conference phone,Technology,Phones,4,12,3968.5099999999998,518.336,0.2,0.1306122448979592
TEC-PH-10001580,Logitech Mobile Speakerphone P710e - speaker phone,Technology,Phones,5,17,1916.716,241.6142,0.16,0.12605633802816904
TEC-PH-10001615,AT&T CL82213,Technology,Phones,5,17,481.234,131.3247,0.04,0.2728915662650603
TEC-PH-10001619,LG G3,Technology,Phones,4,10,1803.108,411.579,0.1,0.2282608695652174
TEC-PH-10001644,"BlueLounge Milo Smartphone Stand, White/Metallic",Technology,Phones,3,12,335.888,76.7744,0.06666666666666667,0.2285714285714286
TEC-PH-10001700,Panasonic KX-TG6844B Expandable Digital Cordless Telephone,Technology,Phones,7,22,1135.028,75.2286,0.2,0.06627906976744186
TEC-PH-10001750,Samsung Rugby III,Technology,Phones,8,24,1385.79,229.6452,0.125,0.1657142857142857
TEC-PH-10001760,Bose SoundLink Bluetooth Speaker,Technology,Phones,5,18,2865.6,967.14,0.2,0.3375
TEC-PH-10001795,ClearOne CHATAttach 160 - speaker phone,Technology,Phones,4,13,6695.892,1053.983,0.2,0.1574074074074074
TEC-PH-10001795,RCA H5401RE1 DECT 6.0 4-Line Cordless Handset With Caller ID/Call Waiting,Technology,Phones,1,3,239.97,2.3997,0.0,0.01
TEC-PH-10001809,Panasonic KX T7736-B Digital phone,Technology,Phones,5,10,1259.58,134.95499999999998,0.16,0.10714285714285714
TEC-PH-10001817,Wilson Electronics DB Pro Signal Booster,Technology,Phones,10,32,8878.4,515.52,0.22000000000000003,0.05806451612903226
TEC-PH-10001819,Innergie mMini Combo Duo USB Travel Charging Kit,Technology,Phones,6,19,746.834,302.3328,0.10000000000000002,0.4048192771084338
TEC-PH-10001835,Jawbone JAMBOX Wireless Bluetooth Speaker,Technology,Phones,3,14,2022.272,872.1048000000001,0.06666666666666667,0.43125
TEC-PH-10001870,Lunatik TT5L-002 Taktik Strike Impact Protection System for iPhone 5,Technology,Phones,3,6,281.658,6.123,0.26666666666666666,0.021739130434782608
TEC-PH-10001918,Nortel Business Series Terminal T7208 Digital phone,Technology,Phones,3,9,1000.728,100.0728,0.20000000000000004,0.1
TEC-PH-10001924,iHome FM Clock Radio with Lightning Dock,Technology,Phones,5,13,699.9,17.4975,0.24000000000000005,0.024999999999999998
TEC-PH-10001944,Wi-Ex zBoost YX540 Cellular Phone Signal Booster,Technology,Phones,6,19,2481.15,540.015,0.10000000000000002,0.2176470588235294
TEC-PH-10001949,Cisco SPA 501G IP Phone,Technology,Phones,1,3,213.48,16.011,0.2,0.075
TEC-PH-10002033,Konftel 250 Conference phone - Charcoal black,Technology,Phones,4,9,2221.596,324.69480000000004,0.1,0.14615384615384616
TEC-PH-10002070,Griffin GC36547 PowerJolt SE Lightning Charger,Technology,Phones,3,10,175.422,17.992,0.26666666666666666,0.10256410256410257
TEC-PH-10002075,AT&T EL51110 DECT,Technology,Phones,1,3,377.97,109.6113,0.0,0.29
TEC-PH-10002085,Clarity 53712,Technology,Phones,4,14,752.2860000000001,68.6296,0.15000000000000002,0.09122807017543859
TEC-PH-10002103,Jabra SPEAK 410,Technology,Phones,9,37,3158.064,654.1704,0.08888888888888889,0.20714285714285716
TEC-PH-10002114,Xiaomi Mi3,Technology,Phones,1,4,2279.96,592.7896,0.0,0.25999999999999995
TEC-PH-10002115,Plantronics 81402,Technology,Phones,4,15,844.672,112.18299999999999,0.15000000000000002,0.1328125
TEC-PH-10002170,ClearSounds CSC500 Amplified Spirit Phone Corded phone,Technology,Phones,6,19,1119.84,162.3768,0.13333333333333333,0.14500000000000002
TEC-PH-10002185,QVS USB Car Charger 2-Port 2.1Amp for iPod/iPhone/iPad/iPad 2/iPad 3,Technology,Phones,5,13,79.22999999999999,29.537499999999998,0.16,0.3728070175438597
TEC-PH-10002200,Aastra 6757i CT Wireless VoIP phone,Technology,Phones,6,16,2929.984,482.5856,0.16666666666666666,0.16470588235294117
TEC-PH-10002200,Samsung Galaxy Note 2,Technology,Phones,2,14,4507.902,-128.79719999999998,0.30000000000000004,-0.028571428571428567
TEC-PH-10002262,LG Electronics Tone+ HBS-730 Bluetooth Headset,Technology,Phones,4,18,904.5519999999999,133.30239999999998,0.15000000000000002,0.14736842105263157
TEC-PH-10002275,Mitel 5320 IP Phone VoIP phone,Technology,Phones,4,14,2116.688,211.66879999999998,0.2,0.09999999999999998
TEC-PH-10002293,Anker 36W 4-Port USB Wall Charger Travel Power Adapter for iPhone 5s 5c 5,Technology,Phones,6,22,339.83,23.1884,0.23333333333333336,0.06823529411764706
TEC-PH-10002310,Panasonic KX T7731-B Digital phone,Technology,Phones,3,8,659.934,75.9924,0.20000000000000004,0.11515151515151516
TEC-PH-10002310,Plantronics Calisto P620-M USB Wireless Speakerphone System,Technology,Phones,4,14,2508.672,505.6542,0.1,0.2015625
TEC-PH-10002350,Apple EarPods with Remote and Mic,Technology,Phones,4,10,251.91,50.382,0.1,0.19999999999999998
TEC-PH-10002352,Avaya IP Phone 1140E VoIP phone,Technology,Phones,1,5,1394.95,362.687,0.0,0.26
TEC-PH-10002365,Belkin Grip Candy Sheer Case / Cover for iPhone 5 and 5S,Technology,Phones,3,8,64.972,12.994399999999999,0.06666666666666667,0.2
TEC-PH-10002398,AT&T 1070 Corded Phone,Technology,Phones,3,12,1070.304,133.788,0.20000000000000004,0.125
TEC-PH-10002415,Polycom VoiceStation 500 Conference phone,Technology,Phones,5,15,3657.38,339.1925,0.16,0.09274193548387097
TEC-PH-10002447,AT&T CL83451 4-Handset Telephone,Technology,Phones,4,10,1936.306,473.777,0.1,0.24468085106382978
TEC-PH-10002468,"Plantronics CS 50-USB - headset - Convertible, Monaural",Technology,Phones,5,13,1468.692,178.1469,0.12000000000000002,0.12129629629629629
TEC-PH-10002483,Motorola Moto X,Technology,Phones,2,6,1631.952,142.79579999999999,0.2,0.0875
TEC-PH-10002496,Cisco SPA301,Technology,Phones,9,30,4180.532,904.742,0.15555555555555556,0.21641791044776118
TEC-PH-10002538,Grandstream GXP1160 VoIP phone,Technology,Phones,6,24,803.692,157.70559999999998,0.10000000000000002,0.19622641509433958
TEC-PH-10002549,Polycom SoundPoint IP 450 VoIP phone,Technology,Phones,6,22,3839.62,162.6192,0.23333333333333336,0.04235294117647059
TEC-PH-10002555,Nortel Meridian M5316 Digital phone,Technology,Phones,4,13,2744.87,253.77100000000002,0.2,0.09245283018867925
TEC-PH-10002563,Adtran 1202752G1,Technology,Phones,5,18,1990.6419999999998,312.4552,0.16,0.1569620253164557
TEC-PH-10002564,OtterBox Defender Series Case - Samsung Galaxy S4,Technology,Phones,8,27,689.77,122.959,0.15000000000000002,0.1782608695652174
TEC-PH-10002583,iOttie HLCRIO102 Car Mount,Technology,Phones,5,12,215.892,-11.994,0.16,-0.05555555555555555
TEC-PH-10002584,Samsung Galaxy S4,Technology,Phones,5,13,6134.701999999999,438.193,0.2,0.07142857142857144
TEC-PH-10002597,Xblue XB-1670-86 X16 Small Office Telephone - Titanium,Technology,Phones,2,5,604.752,132.2895,0.1,0.21875000000000003
TEC-PH-10002624,Samsung Galaxy S4 Mini,Technology,Phones,5,15,6109.87,1104.4765,0.12000000000000002,0.18076923076923077
TEC-PH-10002645,LG G2,Technology,Phones,1,5,1499.97,-374.9925,0.4,-0.25
TEC-PH-10002660,Nortel Networks T7316 E Nt8 B27,Technology,Phones,6,29,1876.524,397.7415,0.06666666666666667,0.21195652173913043
TEC-PH-10002680,Samsung Galaxy Note 3,Technology,Phones,3,13,2155.902,153.993,0.20000000000000004,0.07142857142857142
TEC-PH-10002726,netTALK DUO VoIP Telephone Service,Technology,Phones,7,26,1112.788,430.418,0.17142857142857146,0.3867924528301887
TEC-PH-10002789,LG Exalt,Technology,Phones,3,12,1154.326,-212.14640000000003,0.3333333333333333,-0.1837837837837838
TEC-PH-10002807,Motorla HX550 Universal Bluetooth Headset,Technology,Phones,4,15,419.23,122.60499999999999,0.25,0.29245283018867924
TEC-PH-10002817,RCA ViSYS 25425RE1 Corded phone,Technology,Phones,1,3,323.976,36.4473,0.2,0.11249999999999999
TEC-PH-10002824,Jabra SPEAK 410 Multidevice Speakerphone,Technology,Phones,3,13,2018.702,10.299500000000009,0.26666666666666666,0.005102040816326535
TEC-PH-10002834,Google Nexus 5,Technology,Phones,5,23,3815.788,710.9605,0.12000000000000002,0.18632075471698115
TEC-PH-10002844,Speck Products Candyshell Flip Case,Technology,Phones,4,8,188.946,-18.1948,0.30000000000000004,-0.0962962962962963
TEC-PH-10002885,Apple iPhone 5,Technology,Phones,6,24,12996.600000000002,1611.5784,0.20000000000000004,0.12399999999999999
TEC-PH-10002890,AT&T 17929 Lendline Telephone,Technology,Phones,10,35,1339.104,167.388,0.14,0.125
TEC-PH-10002922,ShoreTel ShorePhone IP 230 VoIP phone,Technology,Phones,4,21,2906.628,422.475,0.15000000000000002,0.14534883720930233
TEC-PH-10002923,"Logitech B530 USB Headset - headset - Full size, Binaural",Technology,Phones,10,25,739.8,64.73249999999999,0.16,0.0875
TEC-PH-10003012,Nortel Meridian M3904 Professional Digital phone,Technology,Phones,10,32,4434.912,936.2592,0.08,0.21111111111111108
TEC-PH-10003072,Panasonic KX-TG9541B DECT 6.0 Digital 2-Line Expandable Cordless Phone With Digital Answering System,Technology,Phones,5,25,3059.7960000000003,1147.4235,0.2,0.375
TEC-PH-10003092,Motorola L804,Technology,Phones,6,19,607.068,-13.337100000000003,0.26666666666666666,-0.021969696969696976
TEC-PH-10003095,Samsung HM1900 Bluetooth Headset,Technology,Phones,7,27,491.68,195.355,0.17142857142857146,0.39732142857142855
TEC-PH-10003171,Plantronics Encore H101 Dual Earpieces Headset,Technology,Phones,7,18,746.17,163.618,0.08571428571428573,0.21927710843373494
TEC-PH-10003174,RCA ViSYS 25825 Wireless digital phone,Technology,Phones,2,7,727.944,90.993,0.2,0.125
TEC-PH-10003187,Anker Astro Mini 3000mAh Ultra-Compact Portable Charger,Technology,Phones,4,9,147.926,-31.984,0.2,-0.21621621621621626
TEC-PH-10003215,Jackery Bar Premium Fast-charging Portable Charger,Technology,Phones,4,18,467.22,192.279,0.15000000000000002,0.4115384615384615
TEC-PH-10003273,AT&T TR1909W,Technology,Phones,4,15,1738.662,340.173,0.1,0.1956521739130435
TEC-PH-10003356,"SmartStand Mobile Device Holder, Assorted Colors",Technology,Phones,3,13,75.49199999999999,10.0656,0.13333333333333333,0.13333333333333336
TEC-PH-10003357,Grandstream GXP2100 Mainstream Business Phone,Technology,Phones,4,10,596.6220000000001,45.894000000000005,0.25,0.07692307692307693
TEC-PH-10003437,Blue Parrot B250XT Professional Grade Wireless Bluetooth Headset with,Technology,Phones,4,21,1229.836,127.483,0.25,0.10365853658536586
TEC-PH-10003442,Samsung Replacement EH64AVFWE Premium Headset,Technology,Phones,5,21,104.5,17.875,0.08,0.17105263157894737
TEC-PH-10003484,Ooma Telo VoIP Home Phone System,Technology,Phones,5,18,2015.8400000000001,314.975,0.12000000000000002,0.15625
TEC-PH-10003505,Geemarc AmpliPOWER60,Technology,Phones,11,46,3415.04,384.192,0.18181818181818182,0.1125
TEC-PH-10003535,RCA ViSYS 25423RE1 Corded phone,Technology,Phones,1,2,159.984,13.9986,0.2,0.0875
TEC-PH-10003555,Motorola HK250 Universal Bluetooth Headset,Technology,Phones,9,41,832.238,-91.5002,0.13333333333333336,-0.10994475138121547
TEC-PH-10003580,Cisco IP Phone 7961G-GE VoIP phone,Technology,Phones,4,15,2252.4320000000002,-119.119,0.35000000000000003,-0.05288461538461538
TEC-PH-10003589,invisibleSHIELD by ZAGG Smudge-Free Screen Protector,Technology,Phones,7,29,442.554,171.2648,0.17142857142857146,0.3869918699186992
TEC-PH-10003601,"Ativa D5772 2-Line 5.8GHz Digital Expandable Corded/Cordless Phone System with Answering & Caller ID/Call Waiting, Black/Silver",Technology,Phones,4,12,1979.88,593.964,0.0,0.3
TEC-PH-10003645,Aastra 57i VoIP phone,Technology,Phones,7,26,3684.708,575.3316,0.14285714285714285,0.15614035087719297
TEC-PH-10003655,Sannysis Cute Owl Design Soft Skin Case Cover for Samsung Galaxy S4,Technology,Phones,2,8,13.86,2.2967999999999997,0.1,0.1657142857142857
TEC-PH-10003691,BlackBerry Q10,Technology,Phones,6,27,3099.354,548.0565,0.06666666666666667,0.17682926829268295
TEC-PH-10003800,i.Sound Portable Power - 8000 mAh,Technology,Phones,5,9,413.322,-58.8189,0.12000000000000002,-0.1423076923076923
TEC-PH-10003811,Jabra Supreme Plus Driver Edition Headset,Technology,Phones,5,22,2159.82,259.1784,0.16,0.12
TEC-PH-10003875,KLD Oscar II Style Snap-on Ultra Thin Side Flip Synthetic Leather Cover Case for HTC One HTC M7,Technology,Phones,3,13,126.36000000000001,36.644400000000005,0.0,0.29
TEC-PH-10003885,Cisco SPA508G,Technology,Phones,5,15,910.662,207.86849999999998,0.12000000000000002,0.22826086956521738
TEC-PH-10003931,JBL Micro Wireless Portable Bluetooth Speaker,Technology,Phones,6,17,779.87,14.997499999999995,0.23333333333333336,0.019230769230769225
TEC-PH-10003963,GE 2-Jack Phone Line Splitter,Technology,Phones,3,11,1771.5140000000001,94.75540000000001,0.20000000000000004,0.053488372093023255
TEC-PH-10003988,"LF Elite 3D Dazzle Designer Hard Case Cover, Lf Stylus Pen and Wiper For Apple Iphone 5c Mini Lite",Technology,Phones,8,28,261.6,41.856,0.1,0.16
TEC-PH-10004006,Panasonic KX - TS880B Telephone,Technology,Phones,3,11,453.41999999999996,122.4234,0.0,0.27
TEC-PH-10004042,ClearOne Communications CHAT 70 OC Speaker Phone,Technology,Phones,4,12,1685.294,273.4628,0.1,0.16226415094339622
TEC-PH-10004071,PayAnywhere Card Reader,Technology,Phones,5,25,199.8,17.4825,0.2,0.08750000000000001
TEC-PH-10004080,Avaya 5410 Digital phone,Technology,Phones,4,13,625.508,-10.878400000000003,0.30000000000000004,-0.01739130434782609
TEC-PH-10004093,Panasonic Kx-TS550,Technology,Phones,7,23,846.216,95.1993,0.2,0.11249999999999999
TEC-PH-10004094,Motorola L703CM,Technology,Phones,6,32,4211.73,467.97,0.16666666666666666,0.11111111111111113
TEC-PH-10004100,Griffin GC17055 Auxiliary Audio Cable,Technology,Phones,6,27,395.78,46.0544,0.16666666666666666,0.11636363636363638
TEC-PH-10004120,AT&T 1080 Phone,Technology,Phones,3,13,1589.084,271.24019999999996,0.13333333333333333,0.17068965517241377
TEC-PH-10004165,Mitel MiVoice 5330e IP Phone,Technology,Phones,9,34,7699.72,780.9716,0.17777777777777778,0.10142857142857142
TEC-PH-10004188,OtterBox Commuter Series Case - Samsung Galaxy S4,Technology,Phones,4,18,384.846,-55.977599999999995,0.15000000000000002,-0.14545454545454545
TEC-PH-10004241,Nokia Lumia 1020,Technology,Phones,1,4,1439.968,143.9968,0.2,0.1
TEC-PH-10004345,Cisco SPA 502G IP Phone,Technology,Phones,5,21,2063.14,299.875,0.16,0.14534883720930233
TEC-PH-10004348,OtterBox Defender Series Case - iPhone 5c,Technology,Phones,2,5,133.128,3.6979999999999995,0.30000000000000004,0.027777777777777776
TEC-PH-10004389,Nokia Lumia 925,Technology,Phones,3,11,1310.296,284.7374,0.06666666666666667,0.21730769230769229
TEC-PH-10004434,Cisco IP Phone 7961G VoIP phone - Dark gray,Technology,Phones,3,12,1386.69,228.39600000000002,0.06666666666666667,0.16470588235294117
TEC-PH-10004447,Toshiba IPT2010-SD IP Telephone,Technology,Phones,8,31,3613.74,425.3094,0.17500000000000002,0.1176923076923077
TEC-PH-10004522,Dexim XPower Skin Super-Thin Power Case for iPhone 5 - Black,Technology,Phones,3,11,467.92,-14.622499999999995,0.20000000000000004,-0.03124999999999999
TEC-PH-10004531,AT&T CL2909,Technology,Phones,3,8,755.9399999999999,50.395999999999994,0.26666666666666666,0.06666666666666667
TEC-PH-10004531,OtterBox Commuter Series Case - iPhone 5 & 5s,Technology,Phones,4,16,285.87,102.91319999999999,0.15000000000000002,0.35999999999999993
TEC-PH-10004536,Avaya 5420 Digital phone,Technology,Phones,3,12,1538.886,323.976,0.06666666666666667,0.2105263157894737
TEC-PH-10004539,Wireless Extenders zBoost YX545 SOHO Signal Booster,Technology,Phones,7,24,4044.3860000000004,733.2812,0.14285714285714285,0.18130841121495325
TEC-PH-10004586,Wilson SignalBoost 841262 DB PRO Amplifier Kit,Technology,Phones,6,17,5327.26,1043.855,0.16666666666666666,0.19594594594594594
TEC-PH-10004614,AT&T 841000 Phone,Technology,Phones,7,28,1614.6,165.6,0.17142857142857146,0.10256410256410256
TEC-PH-10004667,Cisco 8x8 Inc. 6753i IP Business Phone System,Technology,Phones,6,26,2645.804,83.6938,0.16666666666666666,0.03163265306122449
TEC-PH-10004700,PowerGen Dual USB Car Charger,Technology,Phones,4,14,127.87200000000001,52.3476,0.1,0.40937499999999993
TEC-PH-10004774,Gear Head AU3700S Headset,Technology,Phones,3,16,189.654,-11.9508,0.06666666666666667,-0.06301369863013698
TEC-PH-10004830,Pyle PRT45 Retro Home Telephone,Technology,Phones,1,4,201.568,22.6764,0.2,0.1125
TEC-PH-10004833,Macally Suction Cup Mount,Technology,Phones,4,26,279.63,-31.07,0.15000000000000002,-0.11111111111111112
TEC-PH-10004875,PNY Rapid USB Car Charger - Black,Technology,Phones,1,2,9.588,-2.0774,0.4,-0.21666666666666667
TEC-PH-10004896,Nokia Lumia 521 (T-Mobile),Technology,Phones,5,20,515.828,83.972,0.16,0.1627906976744186
TEC-PH-10004897,Mediabridge Sport Armband iPhone 5s,Technology,Phones,7,30,257.742,-38.961,0.14285714285714285,-0.1511627906976744
TEC-PH-10004908,Panasonic KX TS3282W Corded phone,Technology,Phones,7,25,1665.804,178.47899999999998,0.2285714285714286,0.10714285714285712
TEC-PH-10004912,Cisco SPA112 2 Port Phone Adapter,Technology,Phones,3,11,516.53,87.37049999999999,0.13333333333333333,0.16914893617021276
TEC-PH-10004922,RCA Visys Integrated PBX 8-Line Router,Technology,Phones,5,19,1085.238,130.63049999999998,0.12000000000000002,0.12037037037037035
TEC-PH-10004924,"SKILCRAFT Telephone Shoulder Rest, 2"" x 6.5"" x 2.5"", Black",Technology,Phones,3,8,56.164,13.0064,0.06666666666666667,0.23157894736842102
TEC-PH-10004959,Classic Ivory Antique Telephone ZL1810,Technology,Phones,2,4,341.666,40.196,0.1,0.11764705882352941
TEC-PH-10004977,GE 30524EE4,Technology,Phones,9,32,5291.7300000000005,838.8371999999999,0.15555555555555556,0.1585185185185185
